titulo,contenido,enlace,fuente,fecha,cluster,pais_mexico,es_feminicidio,tiene_nna,tiene_huerfanos,es_objetivo,confianza,prioridad,menores_identificados,titulo_limpio,contenido_limpio,topic_id,topic_probability,topic_description,most_similar_doc_idx,max_similarity,es_duplicado,grupo_duplicado,titulo_original,fuente_original
"En 11 días, dos regidoras fueron asesinadas en el país","Ciudad de México.- Desde las pasadas elecciones federales acontecidas en el 2024, los hechos de violencia contra mujeres en cargos de elección pública han ido presentándose con mayor regularidad, hoy informamos del feminicidio de la regidora Karina Aurora de Jesús… Origen",https://cimacnoticias.com.mx/2025/11/18/en-11-dias-dos-regidoras-fueron-asesinadas-en-el-pais/,https://cimacnoticias.com.mx/feed/,2025-11-18T21:17:40+00:00,0.0,True,False,False,False,False,0.0,IRRELEVANTE,No,en 11 días dos regidoras fueron asesinadas en el país,ciudad de méxico desde las pasadas elecciones federales acontecidas en el 2024 los hechos de violencia contra mujeres en cargos de elección pública han ido presentándose con mayor regularidad hoy informamos del feminicidio de la regidora karina aurora de jesús origen,1.0,0.8391512765616017,madre asesinada méxico feminicidio tiros,211.0,0.226107570660253,False,-1,,
Iniciaron trabajos del Plan integral contra el abuso sexual en México,"Ciudad de México.- En el senado de la República, se dio lugar la reunión para seguir la trayectoria del nuevo Plan Integral contra el abuso sexual, hay que recordar que el pasado 5 de noviembre, la presidenta y jefa de… Origen",https://cimacnoticias.com.mx/2025/11/18/iniciaron-trabajos-del-plan-integral-contra-el-abuso-sexual-en-mexico/,https://cimacnoticias.com.mx/feed/,2025-11-18T20:56:09+00:00,1.0,True,False,False,False,False,0.0,IRRELEVANTE,No,iniciaron trabajos del plan integral contra el abuso sexual en méxico,ciudad de méxico en el senado de la república se dio lugar la reunión para seguir la trayectoria del nuevo plan integral contra el abuso sexual hay que recordar que el pasado 5 de noviembre la presidenta y jefa de origen,1.0,0.8434840994989741,madre asesinada méxico feminicidio tiros,8.0,0.23256747995341512,False,-1,,
CDMX concentra cuarta parte de víctimas de trata; 80% son niñas y adolescentes,"Ciudad de México.- Entre 2015 y 2024, la capital del país concentró el 23% de las víctimas de trata de personas, de las cuales casi el 80% fueron niñas y adolescentes, proporción incluso mayor que la registrada a nivel nacional,… Origen",https://cimacnoticias.com.mx/2025/11/18/cdmx-concentra-cuarta-parte-de-victimas-de-trata-80-son-ninas-y-adolescentes/,https://cimacnoticias.com.mx/feed/,2025-11-18T17:38:16+00:00,-1.0,True,False,False,False,False,0.0,IRRELEVANTE,No,cdmx concentra cuarta parte de víctimas de trata 80 son niñas y adolescentes,ciudad de méxico entre 2015 y 2024 la capital del país concentró el 23 de las víctimas de trata de personas de las cuales casi el 80 fueron niñas y adolescentes proporción incluso mayor que la registrada a nivel nacional origen,2.0,0.6605378871984777,mundial asalto rica costa costa rica,180.0,0.16033200821521296,False,-1,,
"Sembrando Vidas mantiene brechas de género entre mujeres ejidatarias, alerta organización","Ciudad de México.- Pese a señalar como su objetivo incentivar a la autonomía económica de las mujeres, el programa social Sembrando Vida mantiene diferentes sesgos de género que imposibilita a las beneficiarias cumplir con las actividades requeridas o equilibrar el… Origen",https://cimacnoticias.com.mx/2025/11/18/sembrando-vidas-mantiene-brechas-de-genero-entre-mujeres-ejidatarias-alerta-organizacion/,https://cimacnoticias.com.mx/feed/,2025-11-18T15:00:00+00:00,-1.0,True,False,False,False,False,0.0,IRRELEVANTE,No,sembrando vidas mantiene brechas de género entre mujeres ejidatarias alerta organización,ciudad de méxico pese a señalar como su objetivo incentivar a la autonomía económica de las mujeres el programa social sembrando vida mantiene diferentes sesgos de género que imposibilita a las beneficiarias cumplir con las actividades requeridas o equilibrar el origen,1.0,0.8166957472787453,madre asesinada méxico feminicidio tiros,244.0,0.19285417807589372,False,-1,,
"Fibromialgia, una enfermedad de mujeres. La historia de Thaily","Ciudad de México.- A nivel mundial, nueve de cada diez personas diagnosticadas con fibromialgia son mujeres. Esta enfermedad, caracterizada por dolor crónico generalizado continúa siendo poco comprendida, pues las causas que la originan aún se desconocen y los tratamientos disponibles… Origen",https://cimacnoticias.com.mx/2025/11/14/fibromialgia-una-enfermedad-de-mujeres-la-historia-de-thaily/,https://cimacnoticias.com.mx/feed/,2025-11-14T21:36:05+00:00,-1.0,True,False,False,False,False,0.0,IRRELEVANTE,No,fibromialgia una enfermedad de mujeres la historia de thaily,ciudad de méxico a nivel mundial nueve de cada diez personas diagnosticadas con fibromialgia son mujeres esta enfermedad caracterizada por dolor crónico generalizado continúa siendo poco comprendida pues las causas que la originan aún se desconocen y los tratamientos disponibles origen,1.0,0.860652844786407,madre asesinada méxico feminicidio tiros,244.0,0.1278483980241234,False,-1,,
"La esperanza de vida sube, pero ¿y la calidad?","Según datos de Instituto Nacional de Estadística y Geografía (INEGI), en su documento Esperanza de vida al nacimiento por entidad federativa según sexo, serie anual de 2010 a 2025, nos señala que en 1950 la esperanza de vida de las… Origen",https://cimacnoticias.com.mx/2025/11/14/la-esperanza-de-vida-sube-pero-y-la-calidad/,https://cimacnoticias.com.mx/feed/,2025-11-14T21:00:00+00:00,0.0,False,False,False,False,False,0.0,IRRELEVANTE,No,la esperanza de vida sube pero y la calidad,según datos de instituto nacional de estadística y geografía inegi en su documento esperanza de vida al nacimiento por entidad federativa según sexo serie anual de 2010 a 2025 nos señala que en 1950 la esperanza de vida de las origen,1.0,0.8295226386518643,madre asesinada méxico feminicidio tiros,84.0,0.36997188306003964,False,-1,,
"Frankenstein, criatura con rostro de mujer. Pensamiento feminista del siglo XIX, su origen","Ciudad de México.- Detrás de la novela de Frankenstein o el moderno prometeo de la escritora Mary Shelley, ha sido llevada a la pantalla en diversas versiones, de hecho es uno de los temas más recurridos por cineastas, no obstante… Origen",https://cimacnoticias.com.mx/2025/11/14/feminismo-del-siglo-xix-y-mujeres-las-constructoras-de-novela-frankenstein/,https://cimacnoticias.com.mx/feed/,2025-11-14T20:29:11+00:00,0.0,True,False,False,False,False,0.0,IRRELEVANTE,No,frankenstein criatura con rostro de mujer pensamiento feminista del siglo xix su origen,ciudad de méxico detrás de la novela de frankenstein o el moderno prometeo de la escritora mary shelley ha sido llevada a la pantalla en diversas versiones de hecho es uno de los temas más recurridos por cineastas no obstante origen,1.0,0.7911007414673461,madre asesinada méxico feminicidio tiros,244.0,0.22981246589933058,False,-1,,
Niñez y violencia: Nellie Campobello,"Nellie Campobello fue una de las escritoras y artistas más originales del siglo XX.  Nacida en Villa Ocampo, Durango,  el 7 de noviembre de 1900, vivió una niñez marcada por la pobreza, el hambre y la violencia. De su innovadora trayectoria… Origen",https://cimacnoticias.com.mx/2025/11/14/ninez-y-violencia-nellie-campobello/,https://cimacnoticias.com.mx/feed/,2025-11-14T17:00:00+00:00,-1.0,True,False,False,False,False,0.0,IRRELEVANTE,No,niñez y violencia nellie campobello,nellie campobello fue una de las escritoras y artistas más originales del siglo xx nacida en villa ocampo durango el 7 de noviembre de 1900 vivió una niñez marcada por la pobreza el hambre y la violencia de su innovadora trayectoria origen,5.0,0.8075108663209709,andrade ocurrido lomas natalia argentina,1.0,0.12554042471133112,False,-1,,
Se multiplican casos de violencia sexual digital con IA en Zacatecas. Adolescentes protestan,"Ciudad de México.- Madres de familia y alumnas de la secundaria técnica 1, en la capital de Zacatecas, se manifestaron para denunciar la creación y difusión de material de abuso sexual infantil generado mediante inteligencia artificial (IA) por uno de… Origen",https://cimacnoticias.com.mx/2025/11/14/se-multiplican-casos-de-violencia-sexual-digital-con-ia-en-zacatecas-adolescentes-protestan/,https://cimacnoticias.com.mx/feed/,2025-11-14T15:00:00+00:00,1.0,True,False,True,False,False,0.15,IRRELEVANTE,Si,se multiplican casos de violencia sexual digital con ia en zacatecas adolescentes protestan,ciudad de méxico madres de familia y alumnas de la secundaria técnica 1 en la capital de zacatecas se manifestaron para denunciar la creación y difusión de material de abuso sexual infantil generado mediante inteligencia artificial ia por uno de origen,1.0,0.8569974526373044,madre asesinada méxico feminicidio tiros,69.0,0.31010133654343186,False,-1,,
Tiempo de reimaginar rutas para erradicar el abuso sexual contra mujeres: defensoras,"Ciudad de México.— El episodio de violencia y acoso sexual que vivió la presidenta Claudia Sheinbaum Pardo, mientras caminaba por las calles del Centro Histórico desató diferentes cuestionamientos. Uno de ellos fue la forma de reimaginar rutas para combatir esta… Origen",https://cimacnoticias.com.mx/2025/11/13/tiempo-de-reimaginar-rutas-para-erradicar-el-abuso-sexual-contra-mujeres-defensoras/,https://cimacnoticias.com.mx/feed/,2025-11-13T23:00:00+00:00,0.0,True,False,False,False,False,0.0,IRRELEVANTE,No,tiempo de reimaginar rutas para erradicar el abuso sexual contra mujeres defensoras,ciudad de méxico el episodio de violencia y acoso sexual que vivió la presidenta claudia sheinbaum pardo mientras caminaba por las calles del centro histórico desató diferentes cuestionamientos uno de ellos fue la forma de reimaginar rutas para combatir esta origen,1.0,0.8607839142373371,madre asesinada méxico feminicidio tiros,77.0,0.2917707824331707,False,-1,,
Palabra de Antígona| Incumplimiento en Palacio,"Sara Lovera SemMéxico, Cd. de México, 17 de noviembre, 2025.- Hasta ahora, el gobierno de la República no ha publicado el Programa Integral para Prevenir, Atender, Sancionar y Erradicar la Violencia contra las Mujeres (PIPASEVM), al que está obligado por ley, a pesar de que se reportan 16 muertes violentas de mujeres al día, miles de otros delitos […]",https://semmexico.mx/palabra-de-antigona-incumplimiento-en-palacio/?utm_source=rss&utm_medium=rss&utm_campaign=palabra-de-antigona-incumplimiento-en-palacio,https://www.semmexico.mx/feed/,2025-11-17T23:59:32+00:00,0.0,True,False,False,False,False,0.0,IRRELEVANTE,No,palabra de antígona incumplimiento en palacio,sara lovera semméxico cd de méxico 17 de noviembre 2025 hasta ahora el gobierno de la república no ha publicado el programa integral para prevenir atender sancionar y erradicar la violencia contra las mujeres pipasevm al que está obligado por ley a pesar de que se reportan 16 muertes violentas de mujeres al día miles de otros delitos,1.0,0.8560616350664658,madre asesinada méxico feminicidio tiros,22.0,0.26081491263778284,False,-1,,
Mujeres y Política| Noelia y Adilene y la responsabilidad del Estado,"Soledad Jarquín Edgar SemMéxico, Oaxaca, 14 de noviembre, 2025.- Juchitán de Zaragoza es el vacío. La nada. El viento que pasa fuerte por ahí, se llevó las promesas, las palabras, a la gente. Ahí se instaló la muerte. La violencia que se ha vuelto costumbre, no de ahora, desde hace tiempo. Violencia-muerte que no tienen […]",https://semmexico.mx/mujeres-y-politica-noelia-y-adilene-y-la-responsabilidad-del-estado/?utm_source=rss&utm_medium=rss&utm_campaign=mujeres-y-politica-noelia-y-adilene-y-la-responsabilidad-del-estado,https://www.semmexico.mx/feed/,2025-11-15T22:55:21+00:00,2.0,True,False,False,False,False,0.0,IRRELEVANTE,No,mujeres y política noelia y adilene y la responsabilidad del estado,soledad jarquín edgar semméxico oaxaca 14 de noviembre 2025 juchitán de zaragoza es el vacío la nada el viento que pasa fuerte por ahí se llevó las promesas las palabras a la gente ahí se instaló la muerte la violencia que se ha vuelto costumbre no de ahora desde hace tiempo violencia muerte que no tienen,3.0,0.8634868945789874,feminicidio sol méxico sol méxico huérfanos,21.0,0.4944609370657256,False,-1,,
La opinión| La batalla del clima se atasca,"Claudia Corichi SemMéxico, Cd. de México, 14 de noviembre, 2025.- El panorama es sombrío y alarmante. Una década después del Acuerdo de París que busca frenar el aumento de la temperatura global a final del siglo, y a 30 años de la primera conferencia de la ONU sobre cambio climático, los resultados perfilan un estancamiento en la lucha contra el calentamiento planetario. El Programa de Naciones Unidas para el Medio Ambiente (PNUMA) presentó el más reciente […]",https://semmexico.mx/la-opinion-la-batalla-del-clima-se-atasca/?utm_source=rss&utm_medium=rss&utm_campaign=la-opinion-la-batalla-del-clima-se-atasca,https://www.semmexico.mx/feed/,2025-11-14T23:38:44+00:00,0.0,False,False,False,False,False,0.0,IRRELEVANTE,No,la opinión la batalla del clima se atasca,claudia corichi semméxico cd de méxico 14 de noviembre 2025 el panorama es sombrío y alarmante una década después del acuerdo de parís que busca frenar el aumento de la temperatura global a final del siglo y a 30 años de la primera conferencia de la onu sobre cambio climático los resultados perfilan un estancamiento en la lucha contra el calentamiento planetario el programa de naciones unidas para el medio ambiente pnuma presentó el más reciente,2.0,0.6865998241917189,mundial asalto rica costa costa rica,19.0,0.207956465729944,False,-1,,
Mujer y poder|  ¡Que todo México se Una!,"Natalia Vidales de Bitterlin SemMéxico, La Paz, Baja California, 14 de noviembre, 2025.- De mal en peor  la presidenta Claudia Sheinbaum  cuando ahora también  descalifica a los organizadores de la marcha “México se levanta”, argumentando que no surgió de los jóvenes sino de “los mismos de siempre” – cómoda respuesta que ya se volvió la […]",https://semmexico.mx/mujer-y-poder-que-todo-mexico-se-una/?utm_source=rss&utm_medium=rss&utm_campaign=mujer-y-poder-que-todo-mexico-se-una,https://www.semmexico.mx/feed/,2025-11-14T23:37:14+00:00,0.0,True,False,False,False,False,0.0,IRRELEVANTE,No,mujer y poder que todo méxico se una,natalia vidales de bitterlin semméxico la paz baja california 14 de noviembre 2025 de mal en peor la presidenta claudia sheinbaum cuando ahora también descalifica a los organizadores de la marcha méxico se levanta argumentando que no surgió de los jóvenes sino de los mismos de siempre cómoda respuesta que ya se volvió la,1.0,0.8128351995912545,madre asesinada méxico feminicidio tiros,56.0,0.24547742820021176,False,-1,,
Camino al  4º Encuentro Nacional de Mujeres Políticas Mexicanas en Guanajuato,"Redacción SemMéxico, Guanajuato, Gto.,14 de  noviembre,  2025. — El Comité Ejecutivo de la Red Nacional de Mujeres Defensoras de la Paridad en Todo de la República Mexicana y el Capítulo Guanajuato anunciaron la realización del 4º Encuentro Nacional de Mujeres Políticas Mexicanas, que se llevará a cabo los días viernes 28, sábado 29 y domingo […]",https://semmexico.mx/camino-al-4o-encuentro-nacional-de-mujeres-politicas-mexicanas-en-guanajuato/?utm_source=rss&utm_medium=rss&utm_campaign=camino-al-4o-encuentro-nacional-de-mujeres-politicas-mexicanas-en-guanajuato,https://www.semmexico.mx/feed/,2025-11-14T23:35:49+00:00,0.0,True,False,False,False,False,0.0,IRRELEVANTE,No,camino al 4 encuentro nacional de mujeres políticas mexicanas en guanajuato,redacción semméxico guanajuato gto 14 de noviembre 2025 el comité ejecutivo de la red nacional de mujeres defensoras de la paridad en todo de la república mexicana y el capítulo guanajuato anunciaron la realización del 4 encuentro nacional de mujeres políticas mexicanas que se llevará a cabo los días viernes 28 sábado 29 y domingo,1.0,0.8653021142835816,madre asesinada méxico feminicidio tiros,17.0,0.21703546976163204,False,-1,,
Autonomía financiera asegura a mujeres igualdad en diversos ámbitos: Sonia Venegas Álvarez,"· En los sectores formales en México, ellas reciben, en promedio, 15 por ciento menos remuneración que los hombres, indicó Abril Uscanga Barradas ·   Su talento debe ser mejor reconocido económicamente, opinó Esmeralda Cantoral    Redacción SemMéxico, Cd. de México, 14 de noviembre, 2025.- Hablar de empoderamiento de las mujeres, en particular en el terreno económico, presupone nuestra […]",https://semmexico.mx/autonomia-financiera-asegura-a-mujeres-igualdad-en-diversos-ambitos-sonia-venegas-alvarez/?utm_source=rss&utm_medium=rss&utm_campaign=autonomia-financiera-asegura-a-mujeres-igualdad-en-diversos-ambitos-sonia-venegas-alvarez,https://www.semmexico.mx/feed/,2025-11-14T23:24:15+00:00,0.0,True,False,False,False,False,0.0,IRRELEVANTE,No,autonomía financiera asegura a mujeres igualdad en diversos ámbitos sonia venegas álvarez,en los sectores formales en méxico ellas reciben en promedio 15 por ciento menos remuneración que los hombres indicó abril uscanga barradas su talento debe ser mejor reconocido económicamente opinó esmeralda cantoral redacción semméxico cd de méxico 14 de noviembre 2025 hablar de empoderamiento de las mujeres en particular en el terreno económico presupone nuestra,6.0,0.8633380175409074,15 es negro senado menores edad,19.0,0.2890887162361875,False,-1,,
La obra de Gioconda Belli confirma que la literatura es una fuente inagotable de esperanza: rector Lomelí,"· Leonardo Lomelí Vanegas y Claudia Curiel de Icaza entregaron a la poeta nicaragüense el Premio Internacional Carlos Fuentes a la Creación Literaria en el Idioma Español 2025  Dedico este premio a mi Nicaragua, a su gente y a sus presos políticos y exiliados, afirmó Gioconda Belli ·Carlos Fuentes y la galardonada acompañaron las luchas de […]",https://semmexico.mx/la-obra-de-gioconda-belli-confirma-que-la-literatura-es-una-fuente-inagotable-de-esperanza-rector-lomeli/?utm_source=rss&utm_medium=rss&utm_campaign=la-obra-de-gioconda-belli-confirma-que-la-literatura-es-una-fuente-inagotable-de-esperanza-rector-lomeli,https://www.semmexico.mx/feed/,2025-11-14T23:10:40+00:00,-1.0,False,False,False,False,False,0.0,IRRELEVANTE,No,la obra de gioconda belli confirma que la literatura es una fuente inagotable de esperanza rector lomelí,leonardo lomelí vanegas y claudia curiel de icaza entregaron a la poeta nicaragüense el premio internacional carlos fuentes a la creación literaria en el idioma español 2025 dedico este premio a mi nicaragua a su gente y a sus presos políticos y exiliados afirmó gioconda belli carlos fuentes y la galardonada acompañaron las luchas de,6.0,0.8233900428804316,15 es negro senado menores edad,144.0,0.12050385367890845,False,-1,,
Tras localización con vida a Mariana Valeria Ibarra; Amnistía Internacional exige protección e investigación,"Redacción SemMéxico. Ciudad de México. 14 de noviembre de 2025 — Amnistía Internacional México informó este jueves sobre la localización con vida de Mariana Valeria Ibarra, buscadora e hija de una integrante del colectivo Hasta Encontrarte, en el estado de Guanajuato. La organización celebró el hallazgo y expresó su solidaridad con la joven, su familia […]",https://semmexico.mx/tras-localizacion-con-vida-a-mariana-valeria-ibarra-amnistia-internacional-exige-proteccion-e-investigacion/?utm_source=rss&utm_medium=rss&utm_campaign=tras-localizacion-con-vida-a-mariana-valeria-ibarra-amnistia-internacional-exige-proteccion-e-investigacion,https://www.semmexico.mx/feed/,2025-11-14T23:05:39+00:00,0.0,True,False,True,False,False,0.15,IRRELEVANTE,Si,tras localización con vida a mariana valeria ibarra amnistía internacional exige protección e investigación,redacción semméxico ciudad de méxico 14 de noviembre de 2025 amnistía internacional méxico informó este jueves sobre la localización con vida de mariana valeria ibarra buscadora e hija de una integrante del colectivo hasta encontrarte en el estado de guanajuato la organización celebró el hallazgo y expresó su solidaridad con la joven su familia,1.0,0.8649324545446911,madre asesinada méxico feminicidio tiros,15.0,0.2487874117266071,False,-1,,
Revisan detalles para homologar leyes en materia de igualdad sustantiva y combate a la violencia contra las mujeres,"El 15 de noviembre se cumple un año de las reformas constitucionales, es tiempo de analizar  Se reúnen las Comisiones para la Igualdad de Género del Congreso de la Unión y de los Congresos Estatales Redacción  SemMéxico, Cd. de México, 1 4 de noviembre, 2025.-Las Comisiones para la Igualdad de Género del Congreso de la […]",https://semmexico.mx/revisan-detalles-para-homologar-leyes-en-materia-de-igualdad-sustantiva-y-combate-a-la-violencia-contra-las-mujeres/?utm_source=rss&utm_medium=rss&utm_campaign=revisan-detalles-para-homologar-leyes-en-materia-de-igualdad-sustantiva-y-combate-a-la-violencia-contra-las-mujeres,https://www.semmexico.mx/feed/,2025-11-14T22:24:07+00:00,0.0,True,False,False,False,False,0.0,IRRELEVANTE,No,revisan detalles para homologar leyes en materia de igualdad sustantiva y combate a la violencia contra las mujeres,el 15 de noviembre se cumple un año de las reformas constitucionales es tiempo de analizar se reúnen las comisiones para la igualdad de género del congreso de la unión y de los congresos estatales redacción semméxico cd de méxico 1 4 de noviembre 2025 las comisiones para la igualdad de género del congreso de la,6.0,0.8495899437768374,15 es negro senado menores edad,15.0,0.20329115029613687,False,-1,,
Tras la puerta del poder| Corte del acordeón falla contra Salinas Pliego,"Roberto Vizcaíno Estaba super cantado. SemMéxico, Cd. de México, 14 de noviembre, 2025.-  Ayer -en obvio regalo de cumpleaños 72 a Andrés Manuel López Obrador-, uno a uno, una a una, los ministros y ministras de la Corte surgida del acordeón, por una unanimidad dictada desde Palacio Nacional, desecharon los amparos fiscales del grupo de empresas […]",https://semmexico.mx/tras-la-puerta-del-poder-corte-del-acordeon-falla-contra-salinas-pliego/?utm_source=rss&utm_medium=rss&utm_campaign=tras-la-puerta-del-poder-corte-del-acordeon-falla-contra-salinas-pliego,https://www.semmexico.mx/feed/,2025-11-14T21:50:51+00:00,0.0,True,False,False,False,False,0.0,IRRELEVANTE,No,tras la puerta del poder corte del acordeón falla contra salinas pliego,roberto vizcaíno estaba super cantado semméxico cd de méxico 14 de noviembre 2025 ayer en obvio regalo de cumpleaños 72 a andrés manuel lópez obrador uno a uno una a una los ministros y ministras de la corte surgida del acordeón por una unanimidad dictada desde palacio nacional desecharon los amparos fiscales del grupo de empresas,1.0,0.8512351117920872,madre asesinada méxico feminicidio tiros,15.0,0.2890887162361875,False,-1,,
Los capitales| Buena señal: empresas demandan créditos para aumentar producción: BBVA,"Edgar González Martínez SemMéxico, Cd. de México, 14 de noviembre, 2025.-La institución crediticia confirmó que el crédito bancario a las empresas repunta de modo generalizado entre sectores. En efecto, la cartera de crédito vigente al Sector Privado No Financiero (SPNF) cerró el 3T25 con un crecimiento de 5.8% anual, tras descontar la inflación y el […]",https://semmexico.mx/los-capitales-buena-senal-empresas-demandan-creditos-para-aumentar-produccion-bbva/?utm_source=rss&utm_medium=rss&utm_campaign=los-capitales-buena-senal-empresas-demandan-creditos-para-aumentar-produccion-bbva,https://www.semmexico.mx/feed/,2025-11-14T21:06:59+00:00,0.0,True,False,False,False,False,0.0,IRRELEVANTE,No,los capitales buena señal empresas demandan créditos para aumentar producción bbva,edgar gonzález martínez semméxico cd de méxico 14 de noviembre 2025 la institución crediticia confirmó que el crédito bancario a las empresas repunta de modo generalizado entre sectores en efecto la cartera de crédito vigente al sector privado no financiero spnf cerró el 3t25 con un crecimiento de 5 8 anual tras descontar la inflación y el,1.0,0.8656973943360642,madre asesinada méxico feminicidio tiros,19.0,0.2699844273759567,False,-1,,
Juchitán el municipio más peligroso para las mujeres en Oaxaca,"Soledad Jarquín Edgar SemMéxico, Oaxaca, 12 de noviembre, 2025.- Juchitán de Zaragoza es el municipio más violento para las mujeres, así lo confirman los últimos tres feminicidios ocurridos en el inicio de esta semana, entre ellos el de una pequeña de 4 años. El asesinato de una menor de cuatro años en Juchitán de Zaragoza, […]",https://semmexico.mx/juchitan-el-municipio-mas-peligroso-para-las-mujeres-en-oaxaca/?utm_source=rss&utm_medium=rss&utm_campaign=juchitan-el-municipio-mas-peligroso-para-las-mujeres-en-oaxaca,https://www.semmexico.mx/feed/,2025-11-12T18:50:21+00:00,2.0,True,True,True,False,True,0.45,BAJA,Si,juchitán el municipio más peligroso para las mujeres en oaxaca,soledad jarquín edgar semméxico oaxaca 12 de noviembre 2025 juchitán de zaragoza es el municipio más violento para las mujeres así lo confirman los últimos tres feminicidios ocurridos en el inicio de esta semana entre ellos el de una pequeña de 4 años el asesinato de una menor de cuatro años en juchitán de zaragoza,3.0,0.8679778620331071,feminicidio sol méxico sol méxico huérfanos,11.0,0.4944609370657256,False,-1,,
Fueron capacitadas para ejercer sus cargos públicos 220 mujeres electas en Durango y Veracruz,"Las mujeres que participan en       política no deben pagar altos costos en su vida: Claudia Zavala Pérez Coordina INE programa capacitación con el Instituto Simone de Beauvoir para 220 mujeres Micaela Márquez  SemMéxico, Cd. de México, 12 de noviembre, 2025.- Dotar de herramientas institucionales a las mujeres que participan en política antes, […]",https://semmexico.mx/fueron-capacitadas-para-ejercer-sus-cargos-publicos-220-mujeres-electas-en-durango-y-veracruz-2/?utm_source=rss&utm_medium=rss&utm_campaign=fueron-capacitadas-para-ejercer-sus-cargos-publicos-220-mujeres-electas-en-durango-y-veracruz-2,https://www.semmexico.mx/feed/,2025-11-12T17:53:30+00:00,0.0,True,False,False,False,False,0.0,IRRELEVANTE,No,fueron capacitadas para ejercer sus cargos públicos 220 mujeres electas en durango y veracruz,las mujeres que participan en política no deben pagar altos costos en su vida claudia zavala pérez coordina ine programa capacitación con el instituto simone de beauvoir para 220 mujeres micaela márquez semméxico cd de méxico 12 de noviembre 2025 dotar de herramientas institucionales a las mujeres que participan en política antes,3.0,0.8549103485403868,feminicidio sol méxico sol méxico huérfanos,10.0,0.26081491263778284,False,-1,,
Mirada violeta | La paradoja de la seguridad humana en la vida de las mujeres,"Dra. María Guadalupe Ramos Ponce SemMéxico, Guadalajara, Jalisco, 12 de noviembre, 2025.- Cada cierto tiempo, los gobiernos vuelven a pronunciar la palabra “seguridad” como si fuera una promesa de bienestar, una garantía de paz. Pero en la vida de las mujeres, esa palabra tiene un eco distinto. No suena a protección, sino a paradoja. Porque, […]",https://semmexico.mx/mirada-violeta-la-paradoja-de-la-seguridad-humana-en-la-vida-de-las-mujeres/?utm_source=rss&utm_medium=rss&utm_campaign=mirada-violeta-la-paradoja-de-la-seguridad-humana-en-la-vida-de-las-mujeres,https://www.semmexico.mx/feed/,2025-11-12T17:11:29+00:00,-1.0,True,False,False,False,False,0.0,IRRELEVANTE,No,mirada violeta la paradoja de la seguridad humana en la vida de las mujeres,dra maría guadalupe ramos ponce semméxico guadalajara jalisco 12 de noviembre 2025 cada cierto tiempo los gobiernos vuelven a pronunciar la palabra seguridad como si fuera una promesa de bienestar una garantía de paz pero en la vida de las mujeres esa palabra tiene un eco distinto no suena a protección sino a paradoja porque,3.0,0.842609921281529,feminicidio sol méxico sol méxico huérfanos,13.0,0.1713310670899255,False,-1,,
Rumores de café | ASE ¿hace revisión? Yoloczin,"Por Isabel Ortega Morales (me asumo como periodista, aunque tengo malquerientes) SemMéxico, 12 noviembre de 2025.-Hace frío, dicen que es por el frente frío número 13. Me decanto por un café moka/ Mocaccino, un delicioso espresso con leche y chocolate, pero no acepto que le pongan crema batida. Mi interlocutor viene acompañado. Ella es una […]",https://semmexico.mx/rumores-de-cafe-ase-hace-revision-yoloczin/?utm_source=rss&utm_medium=rss&utm_campaign=rumores-de-cafe-ase-hace-revision-yoloczin,https://www.semmexico.mx/feed/,2025-11-12T17:07:54+00:00,-1.0,False,False,False,False,False,0.0,IRRELEVANTE,No,rumores de café ase hace revisión yoloczin,por isabel ortega morales me asumo como periodista aunque tengo malquerientes semméxico 12 noviembre de 2025 hace frío dicen que es por el frente frío número 13 me decanto por un café moka mocaccino un delicioso espresso con leche y chocolate pero no acepto que le pongan crema batida mi interlocutor viene acompañado ella es una,3.0,0.8498189884796079,feminicidio sol méxico sol méxico huérfanos,23.0,0.131077364359667,False,-1,,
"En su 42 aniversario, EZLN convoca al Semillero en San Cristóbal de las Casas","San Cristóbal de Las Casas, Chis., En el contexto del 42 aniversario de la creación del Ejército Zapatista de Liberacón Nacional (EZN), la comisión sexta del grupo rebelde convocó al Semillero de pirámides, de historia, de amores y, de, claro, desamores.",https://www.jornada.com.mx/2025/11/18/estados/038n1est?partner=rss,https://www.jornada.com.mx/rss/estados.xml,2025-11-18T09:26:16+00:00,-1.0,False,False,False,False,False,0.0,IRRELEVANTE,No,en su 42 aniversario ezln convoca al semillero en san cristóbal de las casas,san cristóbal de las casas chis en el contexto del 42 aniversario de la creación del ejército zapatista de liberacón nacional ezn la comisión sexta del grupo rebelde convocó al semillero de pirámides de historia de amores y de claro desamores,7.0,0.8421566362563374,huérfanos feminicidio huérfanos feminicidio feminicidio méxico méxico infobae,115.0,0.06999925018420808,False,-1,,
"Asesinan a síndica del ayuntamiento de Palizada, Campeche","La sindica jurídica del ayuntamiento de Palizada, Campeche, Karina Aurora Díaz Hernández; fue asesinada ayer de al menos nueve disparos de arma de fuego por sujetos que se desplazaban en una motocicleta.",https://www.jornada.com.mx/2025/11/18/estados/038n2est?partner=rss,https://www.jornada.com.mx/rss/estados.xml,2025-11-18T09:26:16+00:00,0.0,True,False,False,False,False,0.0,IRRELEVANTE,No,asesinan a síndica del ayuntamiento de palizada campeche,la sindica jurídica del ayuntamiento de palizada campeche karina aurora díaz hernández fue asesinada ayer de al menos nueve disparos de arma de fuego por sujetos que se desplazaban en una motocicleta,1.0,0.8193336259439731,madre asesinada méxico feminicidio tiros,126.0,0.2476046301110995,False,-1,,
Edil de Tepoztlán intenta desalojar a 56 vendedores de la plaza cívica,"Cuernavaca, Mor., El ayuntamiento de Tepoztlán, que preside Perseo Quiroz Rendón, pretende desalojar de manera definitiva a 56 comerciantes que venden sus productos desde hace 50 años en la plaza cívica de la cabecera municipal de ese pueblo mágico, con el argumento de que “afean el lugar”.",https://www.jornada.com.mx/2025/11/18/estados/037n1est?partner=rss,https://www.jornada.com.mx/rss/estados.xml,2025-11-18T09:26:16+00:00,-1.0,False,False,False,False,False,0.0,IRRELEVANTE,No,edil de tepoztlán intenta desalojar a 56 vendedores de la plaza cívica,cuernavaca mor el ayuntamiento de tepoztlán que preside perseo quiroz rendón pretende desalojar de manera definitiva a 56 comerciantes que venden sus productos desde hace 50 años en la plaza cívica de la cabecera municipal de ese pueblo mágico con el argumento de que afean el lugar,4.0,0.8199011942670548,víctimas feminicidio víctimas feminicidio hijos marcha,137.0,0.10028923903043724,False,-1,,
Prevén afectaciones a 16 mil 500 labriegos de Zacatecas por nueva Ley de Aguas,"Zacatecas, Zac., La Secretaría del Campo (Secampo) estatal informó que más de 16 mil 500 campesinos que se dedican a la producción de hortalizas y granos mediante distintos sistemas de riego, junto con sus familias “podrían resultar afectados” si la Cámara de Diputados aprueba la nueva Ley General de Aguas Nacionales, tal como lo propuso en una iniciativa de decreto el gobierno federal.",https://www.jornada.com.mx/2025/11/18/estados/039n2est?partner=rss,https://www.jornada.com.mx/rss/estados.xml,2025-11-18T09:26:16+00:00,-1.0,True,False,False,False,False,0.0,IRRELEVANTE,No,prevén afectaciones a 16 mil 500 labriegos de zacatecas por nueva ley de aguas,zacatecas zac la secretaría del campo secampo estatal informó que más de 16 mil 500 campesinos que se dedican a la producción de hortalizas y granos mediante distintos sistemas de riego junto con sus familias podrían resultar afectados si la cámara de diputados aprueba la nueva ley general de aguas nacionales tal como lo propuso en una iniciativa de decreto el gobierno federal,2.0,0.8693699693148311,mundial asalto rica costa costa rica,64.0,0.15656992013790078,False,-1,,
Remiten a Puente Grande a 40 adultos arrestados tras vandalismo en Guadalajara,"Guadalajara, Jal., Los 40 adultos detenidos antier en la noche después de los actos vandálicos que perpetraron por casi tres horas en el centro histórico de esta capital –sin que las autoridades lo impidieran–, fueron enviados ayer al complejo penitenciario de Puente Grande y puestos a disposición de un juez de control y oralidad.",https://www.jornada.com.mx/2025/11/18/estados/039n1est?partner=rss,https://www.jornada.com.mx/rss/estados.xml,2025-11-18T09:26:16+00:00,-1.0,False,False,False,False,False,0.0,IRRELEVANTE,No,remiten a puente grande a 40 adultos arrestados tras vandalismo en guadalajara,guadalajara jal los 40 adultos detenidos antier en la noche después de los actos vandálicos que perpetraron por casi tres horas en el centro histórico de esta capital sin que las autoridades lo impidieran fueron enviados ayer al complejo penitenciario de puente grande y puestos a disposición de un juez de control y oralidad,2.0,0.8501719965171187,mundial asalto rica costa costa rica,102.0,0.16756456053670155,False,-1,,
Normalistas  de Ayotzinapa se movilizan  en respaldo a familiares de desaparecidos,"Alumnos de la Normal Rural Raúl Isidro Burgos de Ayotzinapa, protestaron ayer afuera del palacio de gobierno en esta capital, en solidaridad con los colectivos de personas desaparecidas pues, aseguran, el gobierno no ha cumplido con la entrega de apoyos acordados ni con las despensas de la canasta básica.",https://www.jornada.com.mx/2025/11/18/estados/038n3est?partner=rss,https://www.jornada.com.mx/rss/estados.xml,2025-11-18T09:26:16+00:00,-1.0,False,False,False,False,False,0.0,IRRELEVANTE,No,normalistas de ayotzinapa se movilizan en respaldo a familiares de desaparecidos,alumnos de la normal rural raúl isidro burgos de ayotzinapa protestaron ayer afuera del palacio de gobierno en esta capital en solidaridad con los colectivos de personas desaparecidas pues aseguran el gobierno no ha cumplido con la entrega de apoyos acordados ni con las despensas de la canasta básica,7.0,0.8552911348826373,huérfanos feminicidio huérfanos feminicidio feminicidio méxico méxico infobae,190.0,0.08716638606579176,False,-1,,
Pide castigar ataques de policías a fotógrafos,"En referencia a las agresiones que sufrieron Víctor Manuel Camacho, reportero gráfico de este diario, y otros fotógrafos durante la marcha del sábado en el Zócalo de la Ciudad de México, a manos de elementos de la policía capitalina, la presidenta Claudia Sheinbaum Pardo manifestó su solidaridad y apoyo.",https://www.jornada.com.mx/2025/11/18/politica/005n2pol?partner=rss,https://www.jornada.com.mx/rss/politica.xml,2025-11-18T09:26:16+00:00,0.0,True,False,False,False,False,0.0,IRRELEVANTE,No,pide castigar ataques de policías a fotógrafos,en referencia a las agresiones que sufrieron víctor manuel camacho reportero gráfico de este diario y otros fotógrafos durante la marcha del sábado en el zócalo de la ciudad de méxico a manos de elementos de la policía capitalina la presidenta claudia sheinbaum pardo manifestó su solidaridad y apoyo,1.0,0.8631925432219066,madre asesinada méxico feminicidio tiros,77.0,0.2937091419517402,False,-1,,
"Exhibido en su pacto con capos, Bukele arremete contra la prensa","En julio de este año, Carlos y Óscar Martínez, reporteros de El Faro, asistieron a un foro en San José, Costa Rica. Debían volar de regreso a San Salvador el día 13, cuando recibieron la llamada de una fuente confiable. “No vengan. Bajando del avión los van a detener”.",https://www.jornada.com.mx/2025/11/18/politica/008n1pol?partner=rss,https://www.jornada.com.mx/rss/politica.xml,2025-11-18T09:26:16+00:00,3.0,False,False,False,False,False,0.0,IRRELEVANTE,No,exhibido en su pacto con capos bukele arremete contra la prensa,en julio de este año carlos y óscar martínez reporteros de el faro asistieron a un foro en san josé costa rica debían volar de regreso a san salvador el día 13 cuando recibieron la llamada de una fuente confiable no vengan bajando del avión los van a detener,1.0,0.8382505127837008,madre asesinada méxico feminicidio tiros,128.0,0.22385297889351824,False,-1,,
Julio Hernández López: Astillero,El acechante Donald Trump no    tardó en confirmar que la aparentemente extraña irrupción de la falsa generación Z en el escenario de las protestas incendiarias en México encaja o forma parte del libreto de aplicación ascendente que busca pavimentar la intervención directa de Estados Unidos.,https://www.jornada.com.mx/2025/11/18/opinion/012o1pol?partner=rss,https://www.jornada.com.mx/rss/politica.xml,2025-11-18T09:26:16+00:00,-1.0,False,False,False,False,False,0.0,IRRELEVANTE,No,julio hernández lópez astillero,el acechante donald trump no tardó en confirmar que la aparentemente extraña irrupción de la falsa generación z en el escenario de las protestas incendiarias en méxico encaja o forma parte del libreto de aplicación ascendente que busca pavimentar la intervención directa de estados unidos,1.0,0.8205162552806408,madre asesinada méxico feminicidio tiros,63.0,0.18544342568481614,False,-1,,
"Seis heridos tras desplome de avioneta en Purépero, Michoacán","Morelia, Mich., Seis personas resultaron heridas al desplomarse una avioneta bimotor en campos agrícolas del municipio de Purépero, en el oeste de Michoacán, tras una falla.",https://www.jornada.com.mx/2025/11/18/politica/022n1pol?partner=rss,https://www.jornada.com.mx/rss/politica.xml,2025-11-18T09:26:16+00:00,4.0,True,False,False,False,False,0.0,IRRELEVANTE,No,seis heridos tras desplome de avioneta en purépero michoacán,morelia mich seis personas resultaron heridas al desplomarse una avioneta bimotor en campos agrícolas del municipio de purépero en el oeste de michoacán tras una falla,0.0,0.7885117749532499,hernández colonia economista uso sexual,67.0,0.28907577227304815,False,-1,,
Se alcanza “número récord” de beneficiarios de apoyos del Bienestar,"Al cierre de 2025 se alcanzará un “número histórico” de personas inscritas en los programas de Bienestar de la administración mexicana. El último bimestre del año se apoyará a 18 millones 494 mil 201 beneficiarios, la cifra más alta en los siete años de los llamados gobiernos de la transformación.",https://www.jornada.com.mx/2025/11/18/politica/014n1pol?partner=rss,https://www.jornada.com.mx/rss/politica.xml,2025-11-18T09:26:16+00:00,-1.0,True,False,False,False,False,0.0,IRRELEVANTE,No,se alcanza número récord de beneficiarios de apoyos del bienestar,al cierre de 2025 se alcanzará un número histórico de personas inscritas en los programas de bienestar de la administración mexicana el último bimestre del año se apoyará a 18 millones 494 mil 201 beneficiarios la cifra más alta en los siete años de los llamados gobiernos de la transformación,2.0,0.8310599079632737,mundial asalto rica costa costa rica,23.0,0.1181140894988261,False,-1,,
Comisión del Senado avala hoy lista a magistrados electorales,La Comisión de Justicia del Senado tiene previsto aprobar hoy el listado de candidatos a ocupar 16 plazas vacantes de magistrados en 13 tribunales electorales locales que hayan cumplido con los requisitos y el perfil idóneo para el cargo.,https://www.jornada.com.mx/2025/11/18/politica/010n2pol?partner=rss,https://www.jornada.com.mx/rss/politica.xml,2025-11-18T09:26:16+00:00,-1.0,False,False,False,False,False,0.0,IRRELEVANTE,No,comisión del senado avala hoy lista a magistrados electorales,la comisión de justicia del senado tiene previsto aprobar hoy el listado de candidatos a ocupar 16 plazas vacantes de magistrados en 13 tribunales electorales locales que hayan cumplido con los requisitos y el perfil idóneo para el cargo,6.0,0.8236909396219946,15 es negro senado menores edad,64.0,0.13490658981861703,False,-1,,
Diputados de Morena buscan reformar  la Ley Orgánica del Congreso “desfasada”,"Morena presentará en San Lázaro una iniciativa de reforma a la Ley Orgánica del Congreso, que, explicó el vicecoordinador de la bancada, Alfonso Ramírez Cuéllar, está desfasada respecto de la Constitución en puntos centrales como la presentación del Informe presidencial y el mecanismo de sustitución del presidente de la República en caso de ausencia.",https://www.jornada.com.mx/2025/11/18/politica/012n1pol?partner=rss,https://www.jornada.com.mx/rss/politica.xml,2025-11-18T09:26:16+00:00,-1.0,False,False,False,False,False,0.0,IRRELEVANTE,No,diputados de morena buscan reformar la ley orgánica del congreso desfasada,morena presentará en san lázaro una iniciativa de reforma a la ley orgánica del congreso que explicó el vicecoordinador de la bancada alfonso ramírez cuéllar está desfasada respecto de la constitución en puntos centrales como la presentación del informe presidencial y el mecanismo de sustitución del presidente de la república en caso de ausencia,1.0,0.8579988749303827,madre asesinada méxico feminicidio tiros,142.0,0.11400257103036746,False,-1,,
Sufren indígenas asedio criminal,"Meseta Purépecha, Mich., Era casi la medianoche, cuando media docena de camionetas arribó al puesto de control de la comunidad indígena, atendido por un puñado de kuaris (veladores, en purépecha) desarmados. De las unidades descendieron una veintena de hombres con armas largas.",https://www.jornada.com.mx/2025/11/18/politica/002n1pol?partner=rss,https://www.jornada.com.mx/rss/politica.xml,2025-11-18T09:26:16+00:00,-1.0,False,False,False,False,False,0.0,IRRELEVANTE,No,sufren indígenas asedio criminal,meseta purépecha mich era casi la medianoche cuando media docena de camionetas arribó al puesto de control de la comunidad indígena atendido por un puñado de kuaris veladores en purépecha desarmados de las unidades descendieron una veintena de hombres con armas largas,2.0,0.8028612061095594,mundial asalto rica costa costa rica,137.0,0.07470564608374605,False,-1,,
Población de AL y el Caribe envejece pobre y sin cuidadores,"El estrés, la depresión y el cansancio son algunas de las afectaciones en la salud mental de quienes se dedican a los cuidados, remunerados o no, que pocas veces son visibilizadas. La asesora especial del Banco Inte-ramericano de Desarrollo (BID), Diana Rodríguez Franco, señaló que si bien los cuidadores sin sueldo “están atrapados en la pobreza del tiempo”, quienes trabajan de forma remunerada también padecen precariedades, pues cuatro de cada 10 han sufrido abuso verbal donde laboran, más de la mitad padece estrés y uno de cada cuatro presenta síntomas de depresión.",https://www.jornada.com.mx/2025/11/18/politica/018n3pol?partner=rss,https://www.jornada.com.mx/rss/politica.xml,2025-11-18T09:26:16+00:00,-1.0,False,False,False,False,False,0.0,IRRELEVANTE,No,población de al y el caribe envejece pobre y sin cuidadores,el estrés la depresión y el cansancio son algunas de las afectaciones en la salud mental de quienes se dedican a los cuidados remunerados o no que pocas veces son visibilizadas la asesora especial del banco inte ramericano de desarrollo bid diana rodríguez franco señaló que si bien los cuidadores sin sueldo están atrapados en la pobreza del tiempo quienes trabajan de forma remunerada también padecen precariedades pues cuatro de cada 10 han sufrido abuso verbal donde laboran más de la mitad padece estrés y uno de cada cuatro presenta síntomas de depresión,6.0,0.8595342143369938,15 es negro senado menores edad,96.0,0.12071518808053347,False,-1,,
Destinarán 37 mil mdp a carreteras,Dos terceras partes del presupuesto que irá al plan de pacificación de Michoacán corresponde a inversiones mixtas que se dirigirán a carreteras de la entidad.,https://www.jornada.com.mx/2025/11/18/politica/002n2pol?partner=rss,https://www.jornada.com.mx/rss/politica.xml,2025-11-18T09:26:16+00:00,-1.0,True,False,False,False,False,0.0,IRRELEVANTE,No,destinarán 37 mil mdp a carreteras,dos terceras partes del presupuesto que irá al plan de pacificación de michoacán corresponde a inversiones mixtas que se dirigirán a carreteras de la entidad,7.0,0.759394946765,huérfanos feminicidio huérfanos feminicidio feminicidio méxico méxico infobae,34.0,0.10029929289534305,False,-1,,
"Arturo Landeros*: Francisco Franco, 50 años  de la muerte de un dictador","En los libros de texto la Revolución    Mexicana comenzó el 20 de noviembre de 1910 y oficialmente terminó en algún momento de la siguiente década, aunque para historiadores como Adolfo Gilly se trató de una revolución interrumpida (que no derrotada). Evidentemente, el proceso revolucionario contra el régimen del porfiriato venía de lejos, de la mano de pensadores como Ricardo Flores Magón, por ejemplo. Del mismo modo, la segunda república española vio la luz el 14 de abril de 1931 como un proceso de larga data y complejidad que llevó a su promulgación con el afán de derribar el antiguo régimen encarnado en Alfonso XIII y Primo de Rivera.",https://www.jornada.com.mx/2025/11/18/politica/020a1pol?partner=rss,https://www.jornada.com.mx/rss/politica.xml,2025-11-18T09:26:16+00:00,-1.0,True,False,False,False,False,0.0,IRRELEVANTE,No,arturo landeros francisco franco 50 años de la muerte de un dictador,en los libros de texto la revolución mexicana comenzó el 20 de noviembre de 1910 y oficialmente terminó en algún momento de la siguiente década aunque para historiadores como adolfo gilly se trató de una revolución interrumpida que no derrotada evidentemente el proceso revolucionario contra el régimen del porfiriato venía de lejos de la mano de pensadores como ricardo flores magón por ejemplo del mismo modo la segunda república española vio la luz el 14 de abril de 1931 como un proceso de larga data y complejidad que llevó a su promulgación con el afán de derribar el antiguo régimen encarnado en alfonso xiii y primo de rivera,4.0,0.8689413152132143,víctimas feminicidio víctimas feminicidio hijos marcha,61.0,0.1811280262614793,False,-1,,
"Víctor M. Toledo: Claudia Sheinbaum, la marcha de la “Generación Z” y la ultraderecha","En una de las acciones de mayor    cinismo, la ultraderecha del país montó un escaparate el pasado sábado 15 de noviembre bajo el nombre de “Marcha de la Generación Z”, que fue puntualmente registrada, comentada, festejada y multiplicada por las principales plataformas conservadoras del país como El Financiero, revista Merca2.0, Uno TV, El Sol de México, W Radio, N+, ADN40, Tv Azteca, CNN, El Universal, Reporte Índigo, Telediario, R é cord, SDP noticias, Ovaciones, Generación Z, y otras más.",https://www.jornada.com.mx/2025/11/18/politica/027a2pol?partner=rss,https://www.jornada.com.mx/rss/politica.xml,2025-11-18T09:26:16+00:00,-1.0,True,False,False,False,False,0.0,IRRELEVANTE,No,víctor m toledo claudia sheinbaum la marcha de la generación z y la ultraderecha,en una de las acciones de mayor cinismo la ultraderecha del país montó un escaparate el pasado sábado 15 de noviembre bajo el nombre de marcha de la generación z que fue puntualmente registrada comentada festejada y multiplicada por las principales plataformas conservadoras del país como el financiero revista merca2 0 uno tv el sol de méxico w radio n adn40 tv azteca cnn el universal reporte índigo telediario r é cord sdp noticias ovaciones generación z y otras más,1.0,0.8741619316074714,madre asesinada méxico feminicidio tiros,150.0,0.14021748409738333,False,-1,,
José Blanco: Ambigüedad estratégica,"El engendro avieso terminó de    zafarse el velo: era un estorbo inútil. Estados Unidos está decidido a actuar conforme a la imagen de su realidad efectiva: si somos el terror, actuemos en consecuencia. Somos los dueños de Occidente, en primerísimo lugar de la América hasta Tierra de Fuego; tomemos ya, enteramente, lo que es nuestro. ¿Algún mareado narcoterrorista reclama? Lo perseguiremos y lo mataremos, sin resquemores: matar es lo nuestro; sabemos cómo hacerlo. Hemos dicho, porque es así al menos desde John Foster Dulles, que no tenemos amigos, sino intereses. Hemos dicho, porque es así al menos desde Theodore Roosevelt, que nuestra política exterior es el Gran Garrote. Pues ya está, nadie se llame a engaño. Si algún sujeto interno alza la voz, es también un narcoterrorista.",https://www.jornada.com.mx/2025/11/18/politica/026a2pol?partner=rss,https://www.jornada.com.mx/rss/politica.xml,2025-11-18T09:26:16+00:00,-1.0,False,False,False,False,False,0.0,IRRELEVANTE,No,josé blanco ambigüedad estratégica,el engendro avieso terminó de zafarse el velo era un estorbo inútil estados unidos está decidido a actuar conforme a la imagen de su realidad efectiva si somos el terror actuemos en consecuencia somos los dueños de occidente en primerísimo lugar de la américa hasta tierra de fuego tomemos ya enteramente lo que es nuestro algún mareado narcoterrorista reclama lo perseguiremos y lo mataremos sin resquemores matar es lo nuestro sabemos cómo hacerlo hemos dicho porque es así al menos desde john foster dulles que no tenemos amigos sino intereses hemos dicho porque es así al menos desde theodore roosevelt que nuestra política exterior es el gran garrote pues ya está nadie se llame a engaño si algún sujeto interno alza la voz es también un narcoterrorista,4.0,0.8677745325791527,víctimas feminicidio víctimas feminicidio hijos marcha,90.0,0.17878734992654027,False,-1,,
Bajas temperaturas aún no impactan en aumento de infecciones respiratorias,Las bajas temperaturas que se registran en el país todavía no han tenido impacto en un aumento significativo de enfermedades como covid-19 e influenza.,https://www.jornada.com.mx/2025/11/18/politica/018n2pol?partner=rss,https://www.jornada.com.mx/rss/politica.xml,2025-11-18T09:26:16+00:00,-1.0,False,False,False,False,False,0.0,IRRELEVANTE,No,bajas temperaturas aún no impactan en aumento de infecciones respiratorias,las bajas temperaturas que se registran en el país todavía no han tenido impacto en un aumento significativo de enfermedades como covid 19 e influenza,4.0,0.795988059125193,víctimas feminicidio víctimas feminicidio hijos marcha,141.0,0.09387413263730895,False,-1,,
Propone México frente mundial contra el tabaco,"Santiago. La delegación mexicana que asiste a la cita cumbre del Convenio Marco para el Control del Tabaco (CMCT),en Suiza, acusó ayer a la industria tabacalera de “comprar voluntades y penetrar gobiernos”, y propuso construir “un frente común internacional que no se deje dividir por tecnicismos ni por intereses comerciales, porque defender la salud pública exige firmeza, no retórica.",https://www.jornada.com.mx/2025/11/18/politica/020n1pol?partner=rss,https://www.jornada.com.mx/rss/politica.xml,2025-11-18T09:26:16+00:00,-1.0,True,False,False,False,False,0.0,IRRELEVANTE,No,propone méxico frente mundial contra el tabaco,santiago la delegación mexicana que asiste a la cita cumbre del convenio marco para el control del tabaco cmct en suiza acusó ayer a la industria tabacalera de comprar voluntades y penetrar gobiernos y propuso construir un frente común internacional que no se deje dividir por tecnicismos ni por intereses comerciales porque defender la salud pública exige firmeza no retórica,2.0,0.8677023077584028,mundial asalto rica costa costa rica,133.0,0.08747756229228748,False,-1,,
Indaga la SRE origen de letreros presuntamente instalados por Estados Unidos en Tamaulipas,El gobierno de México señaló que no se ha confirmado que autoridades de Estados Unidos hayan colocado de manera ilegal en una playa de Tamaulipas varios letreros donde presuntamente el “Departamento de Defensa” –cuyo nombre ahora es de Guerra– de ese país señala que se trata de un “área restringida”.,https://www.jornada.com.mx/2025/11/18/politica/014n2pol?partner=rss,https://www.jornada.com.mx/rss/politica.xml,2025-11-18T09:26:16+00:00,-1.0,False,False,False,False,False,0.0,IRRELEVANTE,No,indaga la sre origen de letreros presuntamente instalados por estados unidos en tamaulipas,el gobierno de méxico señaló que no se ha confirmado que autoridades de estados unidos hayan colocado de manera ilegal en una playa de tamaulipas varios letreros donde presuntamente el departamento de defensa cuyo nombre ahora es de guerra de ese país señala que se trata de un área restringida,5.0,0.862139467687335,andrade ocurrido lomas natalia argentina,99.0,0.17752281780353263,False,-1,,
Asume nuevo Comité de Gobierno de la Corte,"Los ministros Hugo Aguilar Ortiz, junto con Lenia Batres Guadarrama y Giovanni Figueroa Mejía, asumieron el control del funcionamiento interno de la Suprema Corte de Justicia de la Nación (SCJN).",https://www.jornada.com.mx/2025/11/18/politica/010n1pol?partner=rss,https://www.jornada.com.mx/rss/politica.xml,2025-11-18T09:26:16+00:00,5.0,False,False,False,False,False,0.0,IRRELEVANTE,No,asume nuevo comité de gobierno de la corte,los ministros hugo aguilar ortiz junto con lenia batres guadarrama y giovanni figueroa mejía asumieron el control del funcionamiento interno de la suprema corte de justicia de la nación scjn,5.0,0.8285421417922312,andrade ocurrido lomas natalia argentina,52.0,0.3225816389173591,False,-1,,
Urge banco de sangre en Nuevo Laredo; cirugías dependen de donadores,"Nuevo Laredo, Tamps., La ausencia de un banco de sangre público en Nuevo Laredo deja en situación vulnerable a pacientes y familias que requieren de manera urgente unidades sanguíneas para cirugías, emergencias por accidentes o tratamientos médicos. Obtenerla es todavía un proceso complicado y tardado que en algunos casos incluso ha generado fraudes contra familiares desesperados.",https://www.jornada.com.mx/2025/11/18/politica/022n2pol?partner=rss,https://www.jornada.com.mx/rss/politica.xml,2025-11-18T09:26:16+00:00,-1.0,False,False,False,False,False,0.0,IRRELEVANTE,No,urge banco de sangre en nuevo laredo cirugías dependen de donadores,nuevo laredo tamps la ausencia de un banco de sangre público en nuevo laredo deja en situación vulnerable a pacientes y familias que requieren de manera urgente unidades sanguíneas para cirugías emergencias por accidentes o tratamientos médicos obtenerla es todavía un proceso complicado y tardado que en algunos casos incluso ha generado fraudes contra familiares desesperados,7.0,0.851844436043986,huérfanos feminicidio huérfanos feminicidio feminicidio méxico méxico infobae,239.0,0.07815802443628671,False,-1,,
"Frenar estigmatización de la protesta pacífica, pide la ONU al gobierno","Ante los hechos violentos ocurridos durante la marcha de la llamada generación Z, el pasado sábado en la capital del país, la relatora especial de Naciones Unidas sobre el derecho a la libertad de reunión pacífica y asociación, Gina Romero, apremió al gobierno mexicano a investigar las agresiones y detener la estigmatización de la protesta pacífica.",https://www.jornada.com.mx/2025/11/18/politica/006n2pol?partner=rss,https://www.jornada.com.mx/rss/politica.xml,2025-11-18T09:26:16+00:00,6.0,True,False,False,False,False,0.0,IRRELEVANTE,No,frenar estigmatización de la protesta pacífica pide la onu al gobierno,ante los hechos violentos ocurridos durante la marcha de la llamada generación z el pasado sábado en la capital del país la relatora especial de naciones unidas sobre el derecho a la libertad de reunión pacífica y asociación gina romero apremió al gobierno mexicano a investigar las agresiones y detener la estigmatización de la protesta pacífica,1.0,0.862246467362151,madre asesinada méxico feminicidio tiros,81.0,0.21504237657824704,False,-1,,
Frena juez proceso contra una implicada en el huachicol fiscal,"Anatalía Jocelyn Gutiérrez Gutiérrez, ex verificadora en la Agencia Nacional de Aduanas e implicada en una red de contrabando de combustible, conocida como huachicol fiscal, obtuvo una suspensión definitiva que frena por el momento el juicio en su contra por delincuencia organizada con fines de cometer delitos en materia de hidrocarburos. La medida cautelar no implica que recupere la libertad.",https://www.jornada.com.mx/2025/11/18/politica/016n2pol?partner=rss,https://www.jornada.com.mx/rss/politica.xml,2025-11-18T09:26:16+00:00,-1.0,False,False,False,False,False,0.0,IRRELEVANTE,No,frena juez proceso contra una implicada en el huachicol fiscal,anatalía jocelyn gutiérrez gutiérrez ex verificadora en la agencia nacional de aduanas e implicada en una red de contrabando de combustible conocida como huachicol fiscal obtuvo una suspensión definitiva que frena por el momento el juicio en su contra por delincuencia organizada con fines de cometer delitos en materia de hidrocarburos la medida cautelar no implica que recupere la libertad,6.0,0.8621690008471843,15 es negro senado menores edad,51.0,0.14406355306683885,False,-1,,
Entrega la FGR a EU a sujeto acusado de explotar a campesinos mexicanos,"La Fiscalía General de la República (FGR) entregó al gobierno de Estados Unidos a Alexander Villatoro Moreno, requerido por el tribunal federal para el distrito medio de Florida, por los delitos de asociación delictuosa, delincuencia organizada y trata de personas, lo anterior en cumplimiento al Tratado de Extradición firmado entre México y ese país.",https://www.jornada.com.mx/2025/11/18/politica/016n3pol?partner=rss,https://www.jornada.com.mx/rss/politica.xml,2025-11-18T09:26:16+00:00,-1.0,False,False,False,False,False,0.0,IRRELEVANTE,No,entrega la fgr a eu a sujeto acusado de explotar a campesinos mexicanos,la fiscalía general de la república fgr entregó al gobierno de estados unidos a alexander villatoro moreno requerido por el tribunal federal para el distrito medio de florida por los delitos de asociación delictuosa delincuencia organizada y trata de personas lo anterior en cumplimiento al tratado de extradición firmado entre méxico y ese país,1.0,0.8538834208514469,madre asesinada méxico feminicidio tiros,186.0,0.14991639480539998,False,-1,,
Discutirá hoy la Suprema Corte el presupuesto para agraviados,"En víspera de la discusión en la Suprema Corte de Justicia de la Nación (SCJN) sobre el proyecto de declaratoria general de inconstitucionalidad de la reforma a la Ley General de Víctimas (LGV), el Centro de Derechos Humanos Miguel Agustín Pro Juárez (Centro Prodh), junto con Fundar, Centro de Análisis e Investigación, hicieron un llamado al máximo tribunal para poner al centro de la discusión a los agraviados y garantizar la protección efectiva de sus derechos.",https://www.jornada.com.mx/2025/11/18/politica/015n1pol?partner=rss,https://www.jornada.com.mx/rss/politica.xml,2025-11-18T09:26:16+00:00,5.0,False,False,False,False,False,0.0,IRRELEVANTE,No,discutirá hoy la suprema corte el presupuesto para agraviados,en víspera de la discusión en la suprema corte de justicia de la nación scjn sobre el proyecto de declaratoria general de inconstitucionalidad de la reforma a la ley general de víctimas lgv el centro de derechos humanos miguel agustín pro juárez centro prodh junto con fundar centro de análisis e investigación hicieron un llamado al máximo tribunal para poner al centro de la discusión a los agraviados y garantizar la protección efectiva de sus derechos,5.0,0.8675156994569116,andrade ocurrido lomas natalia argentina,47.0,0.3225816389173591,False,-1,,
"En G-7, Rubio descartó intervención","El pasado jueves, el secretario de Estado estadunidense, Marco Rubio, reiteró la oferta de ayudar a México en materia de seguridad con equipo, capacitación o intercambio de inteligencia.",https://www.jornada.com.mx/2025/11/18/politica/006n3pol?partner=rss,https://www.jornada.com.mx/rss/politica.xml,2025-11-18T09:26:16+00:00,-1.0,True,False,False,False,False,0.0,IRRELEVANTE,No,en g 7 rubio descartó intervención,el pasado jueves el secretario de estado estadunidense marco rubio reiteró la oferta de ayudar a méxico en materia de seguridad con equipo capacitación o intercambio de inteligencia,1.0,0.8067789596945572,madre asesinada méxico feminicidio tiros,17.0,0.11296720595127649,False,-1,,
Padecen soriasis alrededor de  2.5 millones  de mexicanos,"Las placas rojas en la piel y constante caída de escamas muy parecidas a la caspa son los síntomas visibles de la soriasis. La enfermedad aparece en individuos con una predisposición genética que detona ante factores como el sobrepeso, obesidad, diabetes, hipertensión arterial e intolerancia a los carbohidratos. En México, la enfermedad afecta a alrededor de 2.5 millones de personas, afirmó Elena Vidaurri, cirujana dermatóloga del Hospital General de México Eduardo Liceaga (HGMEL).",https://www.jornada.com.mx/2025/11/18/politica/018n1pol?partner=rss,https://www.jornada.com.mx/rss/politica.xml,2025-11-18T09:26:16+00:00,-1.0,True,False,False,False,False,0.0,IRRELEVANTE,No,padecen soriasis alrededor de 2 5 millones de mexicanos,las placas rojas en la piel y constante caída de escamas muy parecidas a la caspa son los síntomas visibles de la soriasis la enfermedad aparece en individuos con una predisposición genética que detona ante factores como el sobrepeso obesidad diabetes hipertensión arterial e intolerancia a los carbohidratos en méxico la enfermedad afecta a alrededor de 2 5 millones de personas afirmó elena vidaurri cirujana dermatóloga del hospital general de méxico eduardo liceaga hgmel,0.0,0.8454617167151284,hernández colonia economista uso sexual,4.0,0.10274407008912691,False,-1,,
Reafirma TDJ respeto a independencia judicial,"El Tribunal de Disciplina Judicial (TDJ) tiene pleno respeto a la independencia judicial, por lo cual los impartidores de justicia deben estar tranquilos y confiar en que sus decisiones jurisdiccionales no serán objeto de sanción, pues este órgano sólo actuará cuando incurran en faltas administrativas y malas conductas, manifestaron la presidenta de este órgano, Celia Maya García, y el magistrado Rufino H León Tovar.",https://www.jornada.com.mx/2025/11/18/politica/011n1pol?partner=rss,https://www.jornada.com.mx/rss/politica.xml,2025-11-18T09:26:16+00:00,-1.0,False,False,False,False,False,0.0,IRRELEVANTE,No,reafirma tdj respeto a independencia judicial,el tribunal de disciplina judicial tdj tiene pleno respeto a la independencia judicial por lo cual los impartidores de justicia deben estar tranquilos y confiar en que sus decisiones jurisdiccionales no serán objeto de sanción pues este órgano sólo actuará cuando incurran en faltas administrativas y malas conductas manifestaron la presidenta de este órgano celia maya garcía y el magistrado rufino h león tovar,3.0,0.8484090250884255,feminicidio sol méxico sol méxico huérfanos,102.0,0.10962864144734293,False,-1,,
"Aquí estoy, más fuerte; ni consignas ni leperadas me debilitan: Sheinbaum","Frente a los hechos del sábado anterior, cuando una marcha supuestamente organizada por jóvenes pertenecientes a la llamada generación Z terminó en actos violentos en el Zócalo capitalino, la presidenta Claudia Sheinbaum Pardo sostuvo: “aquí no nos vamos a rajar nunca”, y expuso que, contrario a la esencia de la convocatoria, participaron “pocos jóvenes”.",https://www.jornada.com.mx/2025/11/18/politica/005n1pol?partner=rss,https://www.jornada.com.mx/rss/politica.xml,2025-11-18T09:26:16+00:00,0.0,False,False,False,False,False,0.0,IRRELEVANTE,No,aquí estoy más fuerte ni consignas ni leperadas me debilitan sheinbaum,frente a los hechos del sábado anterior cuando una marcha supuestamente organizada por jóvenes pertenecientes a la llamada generación z terminó en actos violentos en el zócalo capitalino la presidenta claudia sheinbaum pardo sostuvo aquí no nos vamos a rajar nunca y expuso que contrario a la esencia de la convocatoria participaron pocos jóvenes,1.0,0.8656050993516422,madre asesinada méxico feminicidio tiros,31.0,0.25634581274020163,False,-1,,
"FES Zaragoza termina paro; en duda, retorno presencial o seguir en línea","Después de 41 días en paro, los alumnos de la Facultad de Estudios Superiores (FES) Zaragoza determinaron levantarlo y ayer entregaron las instalaciones a las autoridades de la Universidad Nacional Autónoma de México (UNAM).",https://www.jornada.com.mx/2025/11/18/politica/025n1pol?partner=rss,https://www.jornada.com.mx/rss/politica.xml,2025-11-18T09:26:16+00:00,0.0,True,False,False,False,False,0.0,IRRELEVANTE,No,fes zaragoza termina paro en duda retorno presencial o seguir en línea,después de 41 días en paro los alumnos de la facultad de estudios superiores fes zaragoza determinaron levantarlo y ayer entregaron las instalaciones a las autoridades de la universidad nacional autónoma de méxico unam,3.0,0.8120397081775135,feminicidio sol méxico sol méxico huérfanos,59.0,0.25732816521889057,False,-1,,
Jaime Ortega: La categoría de fascismo y el debate latinoamericano,"Decía Alain Rouquié que el término    fascista decía más de quien lo utilizaba que de aquello a lo que se quería aludir. Y es que la eclosión productiva de las ciencias sociales latinoamericanas, durante la década de 1970, tuvo como uno de sus ejes centrales el análisis de procesos que se consideraron fascistizantes. Buena parte de las energías intelectuales se enfocaron en descifrar un conjunto de fenómenos políticos de alta intensidad: las dictaduras militares. Para ello se utilizaron calificativos como “dependiente”, “criollo” o del “subdesarrollo”. En las teorizaciones del momento era clave vincular la noción de acumulación de capital con la andanada violenta y represiva de distintos gobiernos. Así se buscaba comprender fenómenos extremos como los encabezados por Duvalier, Somoza y Trujillo, pero también las modernizadas e implacables juntas en Chile, Brasil, Argentina y Uruguay.",https://www.jornada.com.mx/2025/11/18/politica/024a1pol?partner=rss,https://www.jornada.com.mx/rss/politica.xml,2025-11-18T09:26:16+00:00,-1.0,False,False,False,False,False,0.0,IRRELEVANTE,No,jaime ortega la categoría de fascismo y el debate latinoamericano,decía alain rouquié que el término fascista decía más de quien lo utilizaba que de aquello a lo que se quería aludir y es que la eclosión productiva de las ciencias sociales latinoamericanas durante la década de 1970 tuvo como uno de sus ejes centrales el análisis de procesos que se consideraron fascistizantes buena parte de las energías intelectuales se enfocaron en descifrar un conjunto de fenómenos políticos de alta intensidad las dictaduras militares para ello se utilizaron calificativos como dependiente criollo o del subdesarrollo en las teorizaciones del momento era clave vincular la noción de acumulación de capital con la andanada violenta y represiva de distintos gobiernos así se buscaba comprender fenómenos extremos como los encabezados por duvalier somoza y trujillo pero también las modernizadas e implacables juntas en chile brasil argentina y uruguay,5.0,0.887694423592138,andrade ocurrido lomas natalia argentina,35.0,0.06448102015374349,False,-1,,
Alumnos de la UPN exigirán renuncia de rectora,"Estudiantes en paro de la Universidad Pedagógica Nacional (UPN) sostendrán hoy una reunión a mediodía con autoridades de la Secretaría de Educación Pública (SEP), en la que exigirán como demanda principal la destitución de la rectora de la unidad Ajusco, Rosa María Torres Hernández, por “incumplimiento de labores”.",https://www.jornada.com.mx/2025/11/18/politica/025n2pol?partner=rss,https://www.jornada.com.mx/rss/politica.xml,2025-11-18T09:26:16+00:00,0.0,False,False,False,False,False,0.0,IRRELEVANTE,No,alumnos de la upn exigirán renuncia de rectora,estudiantes en paro de la universidad pedagógica nacional upn sostendrán hoy una reunión a mediodía con autoridades de la secretaría de educación pública sep en la que exigirán como demanda principal la destitución de la rectora de la unidad ajusco rosa maría torres hernández por incumplimiento de labores,4.0,0.8089748425555262,víctimas feminicidio víctimas feminicidio hijos marcha,126.0,0.28490725521321136,False,-1,,
Magdalena Gómez: Justicia regional selectiva  y mirada nacional ausente,"El ominoso crimen de Carlos    Manzo, presidente municipal de Uruapan, Michoacán, en un evento público el pasado 1º de noviembre, generó ciertamente una demanda de justicia de amplios sectores sociales agraviados, no sólo en Uruapan, sino en vastas regiones del país. Y no sólo por el crimen de un presidente municipal con fuerte y real liderazgo, sino también por los otros presidentes municipales asesinados en el último tiempo, que no derivaron en una investigación que mostrara autores intelectuales y materiales sometidos a proceso penal, idea elemental de un Estado de derecho. En este caso, como en los otros, “se está investigando”.",https://www.jornada.com.mx/2025/11/18/politica/026a1pol?partner=rss,https://www.jornada.com.mx/rss/politica.xml,2025-11-18T09:26:16+00:00,-1.0,True,False,False,False,False,0.0,IRRELEVANTE,No,magdalena gómez justicia regional selectiva y mirada nacional ausente,el ominoso crimen de carlos manzo presidente municipal de uruapan michoacán en un evento público el pasado 1 de noviembre generó ciertamente una demanda de justicia de amplios sectores sociales agraviados no sólo en uruapan sino en vastas regiones del país y no sólo por el crimen de un presidente municipal con fuerte y real liderazgo sino también por los otros presidentes municipales asesinados en el último tiempo que no derivaron en una investigación que mostrara autores intelectuales y materiales sometidos a proceso penal idea elemental de un estado de derecho en este caso como en los otros se está investigando,1.0,0.8756824466534916,madre asesinada méxico feminicidio tiros,67.0,0.0940335948674767,False,-1,,
Ensayan desfile cívico-militar de la Revolución,"El próximo desfile cívico-militar del 20 de noviembre estará integrado por un contingente de más de 3 mil militares y civiles, cuyos temas a destacar es el papel de la mujer en la Revolución Mexicana y de los deportistas y medallistas militares contemporáneos.",https://www.jornada.com.mx/2025/11/18/politica/016n1pol?partner=rss,https://www.jornada.com.mx/rss/politica.xml,2025-11-18T09:26:16+00:00,6.0,True,False,False,False,False,0.0,IRRELEVANTE,No,ensayan desfile cívico militar de la revolución,el próximo desfile cívico militar del 20 de noviembre estará integrado por un contingente de más de 3 mil militares y civiles cuyos temas a destacar es el papel de la mujer en la revolución mexicana y de los deportistas y medallistas militares contemporáneos,6.0,0.8439522675524811,15 es negro senado menores edad,143.0,0.20326455368494567,False,-1,,
“Nadie quiere que se lo trague una cárcel...”,"“Nadie quiere que se lo trague una cárcel salvadoreña”, dijo la periodista Abigaíl, nombre ficticio para proteger su identidad, antes de iniciar la búsqueda de su segundo hospedaje en la Ciudad de Guatemala, el 16 de junio de 2025.",https://www.jornada.com.mx/2025/11/18/politica/008n2pol?partner=rss,https://www.jornada.com.mx/rss/politica.xml,2025-11-18T09:26:16+00:00,-1.0,False,False,False,False,False,0.0,IRRELEVANTE,No,nadie quiere que se lo trague una cárcel,nadie quiere que se lo trague una cárcel salvadoreña dijo la periodista abigaíl nombre ficticio para proteger su identidad antes de iniciar la búsqueda de su segundo hospedaje en la ciudad de guatemala el 16 de junio de 2025,4.0,0.8349781837285755,víctimas feminicidio víctimas feminicidio hijos marcha,222.0,0.10350536424757063,False,-1,,
"Hay graves problemas en México; no estoy contento, señala Trump",Washington. Donald Trump afirmó ayer que podría lanzar ataques contra México para impedir el ingreso de drogas a Estados Unidos. “¿Lanzaría yo ataques en México para detener el narcotráfico? ¡No tengo problema! Haremos lo que sea necesario para detenerlo”.,https://www.jornada.com.mx/2025/11/18/politica/006n1pol?partner=rss,https://www.jornada.com.mx/rss/politica.xml,2025-11-18T09:26:16+00:00,0.0,False,False,False,False,False,0.0,IRRELEVANTE,No,hay graves problemas en méxico no estoy contento señala trump,washington donald trump afirmó ayer que podría lanzar ataques contra méxico para impedir el ingreso de drogas a estados unidos lanzaría yo ataques en méxico para detener el narcotráfico no tengo problema haremos lo que sea necesario para detenerlo,1.0,0.8523877520389839,madre asesinada méxico feminicidio tiros,116.0,0.3683506439116375,False,-1,,
Preparan minuta para la Ley contra la Extorsión,"Las comisiones unidas de Justicia y de Estudios Legislativos del Senado dictaminarán hoy la minuta para expedir la Ley contra la Extorsión. El proyecto propone aumentar las penas de cárcel, con lo que se modifica lo avalado en la Cámara de Diputados.",https://www.jornada.com.mx/2025/11/18/politica/009n1pol?partner=rss,https://www.jornada.com.mx/rss/politica.xml,2025-11-18T09:26:16+00:00,-1.0,False,False,False,False,False,0.0,IRRELEVANTE,No,preparan minuta para la ley contra la extorsión,las comisiones unidas de justicia y de estudios legislativos del senado dictaminarán hoy la minuta para expedir la ley contra la extorsión el proyecto propone aumentar las penas de cárcel con lo que se modifica lo avalado en la cámara de diputados,2.0,0.827580955600039,mundial asalto rica costa costa rica,154.0,0.18848197868311856,False,-1,,
Luis Hernández Navarro: Derechas y movilización social,"Convocadas por medio de redes    sociales por una fantasmal Generación Z México, sin rostros visibles pero promovidas por una febril actividad anónima en la blogósfera, las manifestaciones que este sábado tomaron masivamente las calles de Querétaro, Guadalajara, Hermosillo y la Ciudad de México son un hecho relevante en nuestra política. Pero no completamente inédito.",https://www.jornada.com.mx/2025/11/18/politica/027a1pol?partner=rss,https://www.jornada.com.mx/rss/politica.xml,2025-11-18T09:26:16+00:00,-1.0,True,False,False,False,False,0.0,IRRELEVANTE,No,luis hernández navarro derechas y movilización social,convocadas por medio de redes sociales por una fantasmal generación z méxico sin rostros visibles pero promovidas por una febril actividad anónima en la blogósfera las manifestaciones que este sábado tomaron masivamente las calles de querétaro guadalajara hermosillo y la ciudad de méxico son un hecho relevante en nuestra política pero no completamente inédito,1.0,0.8467210553277645,madre asesinada méxico feminicidio tiros,6.0,0.15819900939058149,False,-1,,
Narcobloqueos tras operativo contra CJNG,"Morelia, Mich., Un operativo de las fuerzas estatales y federales para capturar a Ángel Chávez Ponce, El Camaleón, presunto jefe de plaza del cártel Jalisco Nueva Generación (CJNG), el cual no logró su objetivo, dejó dos presuntos criminales muertos en la comunidad de La Cantera, municipio de Salvador Escalante.",https://www.jornada.com.mx/2025/11/18/politica/003n1pol?partner=rss,https://www.jornada.com.mx/rss/politica.xml,2025-11-18T09:26:16+00:00,-1.0,True,False,False,False,False,0.0,IRRELEVANTE,No,narcobloqueos tras operativo contra cjng,morelia mich un operativo de las fuerzas estatales y federales para capturar a ángel chávez ponce el camaleón presunto jefe de plaza del cártel jalisco nueva generación cjng el cual no logró su objetivo dejó dos presuntos criminales muertos en la comunidad de la cantera municipio de salvador escalante,7.0,0.8758292647483057,huérfanos feminicidio huérfanos feminicidio feminicidio méxico méxico infobae,34.0,0.18798832322313208,False,-1,,
"Uruapan, en quiebra técnica","Morelia, Mich., El ayuntamiento de Uruapan enfrenta una quiebra técnica en sus finanzas; incluso se reveló que solicitó apoyo de la Federación para el pago de fin de año de los trabajadores, que asciende a más de 30 millones de pesos, informó el gobernador de Michoacán, Alfredo Ramírez Bedolla.",https://www.jornada.com.mx/2025/11/18/politica/003n2pol?partner=rss,https://www.jornada.com.mx/rss/politica.xml,2025-11-18T09:26:16+00:00,4.0,True,False,False,False,False,0.0,IRRELEVANTE,No,uruapan en quiebra técnica,morelia mich el ayuntamiento de uruapan enfrenta una quiebra técnica en sus finanzas incluso se reveló que solicitó apoyo de la federación para el pago de fin de año de los trabajadores que asciende a más de 30 millones de pesos informó el gobernador de michoacán alfredo ramírez bedolla,4.0,0.8359597758680465,víctimas feminicidio víctimas feminicidio hijos marcha,34.0,0.28907577227304815,False,-1,,
Editorial:     Trump: articulación injerencista,"Cuando reporteros le preguntaron    si extendería a México su campaña de bombardeos y ejecuciones extrajudiciales en altamar, el presidente Donald Trump dijo que “le sentaría bien” y que hará lo que sea necesario para detener el tráfico de drogas. Sin embargo, se negó a responder si requiere autorización del gobierno mexicano para lanzar tales ataques, limitándose a afirmar que “ha estado hablando con México” y que sus homólogos conocen su postura al respecto. El magnate cerró su conferencia de prensa con una declaración de su descontento hacia nuestro país.",https://www.jornada.com.mx/2025/11/18/opinion/002a1edi?partner=rss,https://www.jornada.com.mx/rss/edicion.xml,2025-11-18T09:26:16+00:00,0.0,True,False,False,False,False,0.0,IRRELEVANTE,No,editorial trump articulación injerencista,cuando reporteros le preguntaron si extendería a méxico su campaña de bombardeos y ejecuciones extrajudiciales en altamar el presidente donald trump dijo que le sentaría bien y que hará lo que sea necesario para detener el tráfico de drogas sin embargo se negó a responder si requiere autorización del gobierno mexicano para lanzar tales ataques limitándose a afirmar que ha estado hablando con méxico y que sus homólogos conocen su postura al respecto el magnate cerró su conferencia de prensa con una declaración de su descontento hacia nuestro país,1.0,0.8819301097809301,madre asesinada méxico feminicidio tiros,116.0,0.395488566880369,False,-1,,
Protesta Paul McCartney contra la IA con tema silente,"Londres. Paul McCartney lanzará en diciembre un tema silencioso en la redición de un álbum, también mudo, junto a otros artistas, para denunciar un proyecto sobre la inteligencia artificial (IA) que flexibiliza los derechos de autor.",https://www.jornada.com.mx/2025/11/18/espectaculos/a08n2esp?partner=rss,https://www.jornada.com.mx/rss/edicion.xml,2025-11-18T09:26:16+00:00,1.0,False,False,False,False,False,0.0,IRRELEVANTE,No,protesta paul mccartney contra la ia con tema silente,londres paul mccartney lanzará en diciembre un tema silencioso en la redición de un álbum también mudo junto a otros artistas para denunciar un proyecto sobre la inteligencia artificial ia que flexibiliza los derechos de autor,2.0,0.8201531970514819,mundial asalto rica costa costa rica,243.0,0.09464370675863037,False,-1,,
Deterioro cardiovascular es clave en el desarrollo del Alzheimer: investigadora,"Madrid. La investigadora del Centro de Neurociencias Cajal del Consejo Superior de Investigaciones Científicas Marta Cortés señaló que la salud cardiovascular es un “pilar fundamental” en la patogénesis del Alzheimer, ya que el riesgo vascular elevado causa directamente hipometabolismo cerebral, daño neuronal e inmunotrombosis, “redefiniendo la enfermedad como un problema sistémico y no sólo neurológico”.",https://www.jornada.com.mx/2025/11/18/ciencias/a06n2cie?partner=rss,https://www.jornada.com.mx/rss/edicion.xml,2025-11-18T09:26:16+00:00,-1.0,False,False,False,False,False,0.0,IRRELEVANTE,No,deterioro cardiovascular es clave en el desarrollo del alzheimer investigadora,madrid la investigadora del centro de neurociencias cajal del consejo superior de investigaciones científicas marta cortés señaló que la salud cardiovascular es un pilar fundamental en la patogénesis del alzheimer ya que el riesgo vascular elevado causa directamente hipometabolismo cerebral daño neuronal e inmunotrombosis redefiniendo la enfermedad como un problema sistémico y no sólo neurológico,7.0,0.855490758995223,huérfanos feminicidio huérfanos feminicidio feminicidio méxico méxico infobae,116.0,0.17046537112084995,False,-1,,
"Defiende Brugada la actuación de policías; no hubo ninguna orden de reprimir, sostiene","Dos días después de la marcha de la llamada generación Z, la jefa de Gobierno, Clara Brugada, afirmó que no hubo ni habrá ninguna orden para reprimir las manifestaciones públicas, pero advirtió que quienes cometan delitos en ellas tendrán consecuencias, porque no va a permitir que queden impunes.",https://www.jornada.com.mx/2025/11/18/capital/040n3cap?partner=rss,https://www.jornada.com.mx/rss/edicion.xml,2025-11-18T09:26:16+00:00,6.0,False,False,False,False,False,0.0,IRRELEVANTE,No,defiende brugada la actuación de policías no hubo ninguna orden de reprimir sostiene,dos días después de la marcha de la llamada generación z la jefa de gobierno clara brugada afirmó que no hubo ni habrá ninguna orden para reprimir las manifestaciones públicas pero advirtió que quienes cometan delitos en ellas tendrán consecuencias porque no va a permitir que queden impunes,4.0,0.8554425392899114,víctimas feminicidio víctimas feminicidio hijos marcha,94.0,0.3162727817440041,False,-1,,
Enrique Galván Ochoa: Dinero,"No hay casualidades: después    de la minimarcha de la muy mezclada generación Z, el presidente Trump salió a decir que no está contento con México y se sentiría “orgulloso” de ordenar ataques contra narcos en nuestro país, pero no precisó si se atrevería a hacerlo sin consultar al gobierno mexicano. Hay coincidencia con los organizadores de la minimarcha y la violencia en el Zócalo del pasado sábado. Su plan (ni siquiera merece llamarlo estrategia, es muy burdo) consiste en crear una situación de caos que justifique, a los ojos de Washington, su intervención. Quieren ganar a la mala el poder que los electores les negaron.",https://www.jornada.com.mx/2025/11/18/opinion/010o1eco?partner=rss,https://www.jornada.com.mx/rss/edicion.xml,2025-11-18T09:26:16+00:00,-1.0,True,False,False,False,False,0.0,IRRELEVANTE,No,enrique galván ochoa dinero,no hay casualidades después de la minimarcha de la muy mezclada generación z el presidente trump salió a decir que no está contento con méxico y se sentiría orgulloso de ordenar ataques contra narcos en nuestro país pero no precisó si se atrevería a hacerlo sin consultar al gobierno mexicano hay coincidencia con los organizadores de la minimarcha y la violencia en el zócalo del pasado sábado su plan ni siquiera merece llamarlo estrategia es muy burdo consiste en crear una situación de caos que justifique a los ojos de washington su intervención quieren ganar a la mala el poder que los electores les negaron,1.0,0.8869879437813565,madre asesinada méxico feminicidio tiros,93.0,0.17088688015468226,False,-1,,
Agentes arrestan a 130 migrantes en tiendas e iglesias de Charlotte,"Charlotte. Agentes de migración arrestaron a más de 130 personas durante el fin de semana en Charlotte, Carolina del Norte, en un operativo en el que efectivos federales irrumpieron en la ciudad, gobernada por demócratas, en el último objetivo del gobierno de Donald Trump en su campaña contra extranjeros sin documentos.",https://www.jornada.com.mx/2025/11/18/mundo/034n2mun?partner=rss,https://www.jornada.com.mx/rss/edicion.xml,2025-11-18T09:26:16+00:00,-1.0,False,False,False,False,False,0.0,IRRELEVANTE,No,agentes arrestan a 130 migrantes en tiendas e iglesias de charlotte,charlotte agentes de migración arrestaron a más de 130 personas durante el fin de semana en charlotte carolina del norte en un operativo en el que efectivos federales irrumpieron en la ciudad gobernada por demócratas en el último objetivo del gobierno de donald trump en su campaña contra extranjeros sin documentos,1.0,0.8577824544824417,madre asesinada méxico feminicidio tiros,124.0,0.10526061973640218,False,-1,,
Envían a 15 detenidos al Reclusorio Norte por la violencia en el Zócalo,"En dos grupos, 15 de 19 detenidos –entre ellos un menor de edad– por los acontecimientos violentos en el Zócalo durante la marcha del pasado sábado denominada generación Z, fueron llevados ayer al Reclusorio Preventivo Varonil Norte acusados de tentativa de homicidio, resistencia de particulares, robo y lesiones, en medio de protestas de sus familiares que intentaron impedir el traslado.",https://www.jornada.com.mx/2025/11/18/capital/040n1cap?partner=rss,https://www.jornada.com.mx/rss/edicion.xml,2025-11-18T09:26:16+00:00,6.0,False,False,True,False,False,0.15,IRRELEVANTE,Si,envían a 15 detenidos al reclusorio norte por la violencia en el zócalo,en dos grupos 15 de 19 detenidos entre ellos un menor de edad por los acontecimientos violentos en el zócalo durante la marcha del pasado sábado denominada generación z fueron llevados ayer al reclusorio preventivo varonil norte acusados de tentativa de homicidio resistencia de particulares robo y lesiones en medio de protestas de sus familiares que intentaron impedir el traslado,1.0,0.6184221767695401,madre asesinada méxico feminicidio tiros,94.0,0.14363156241583672,False,-1,,
Ernesto Márquez: Tumbando caña,"“El danzón forma parte de la    identidad capitalina. Es un lenguaje de respeto, comunidad y alegría que ha acompañado a esta ciudad por generaciones. Hoy lo reconocemos oficialmente como patrimonio vivo de nuestro pueblo”, expresó la jefa de Gobierno de la Ciudad de México, Clara Brugada Molina, en el acto protocolar de la declatoria del danzón como Patrimonio Cultural Inmaterial de la Ciudad de México.",https://www.jornada.com.mx/2025/11/18/opinion/a09o1esp?partner=rss,https://www.jornada.com.mx/rss/edicion.xml,2025-11-18T09:26:16+00:00,-1.0,True,False,False,False,False,0.0,IRRELEVANTE,No,ernesto márquez tumbando caña,el danzón forma parte de la identidad capitalina es un lenguaje de respeto comunidad y alegría que ha acompañado a esta ciudad por generaciones hoy lo reconocemos oficialmente como patrimonio vivo de nuestro pueblo expresó la jefa de gobierno de la ciudad de méxico clara brugada molina en el acto protocolar de la declatoria del danzón como patrimonio cultural inmaterial de la ciudad de méxico,1.0,0.8632250221700162,madre asesinada méxico feminicidio tiros,107.0,0.17053327743973648,False,-1,,
Gobierno de EU atribuye atonía laboral a la IA,"El asesor económico de la Casa Blanca, Kevin Hassett, afirmó ayer que la inteligencia artificial (IA) podría aumentar tanto la productividad de los trabajadores que las empresas ralentizarían las contrataciones, lo que envía señales contradictorias al mercado laboral.",https://www.jornada.com.mx/2025/11/18/economia/031n1eco?partner=rss,https://www.jornada.com.mx/rss/edicion.xml,2025-11-18T09:26:16+00:00,1.0,False,False,False,False,False,0.0,IRRELEVANTE,No,gobierno de eu atribuye atonía laboral a la ia,el asesor económico de la casa blanca kevin hassett afirmó ayer que la inteligencia artificial ia podría aumentar tanto la productividad de los trabajadores que las empresas ralentizarían las contrataciones lo que envía señales contradictorias al mercado laboral,1.0,0.845327650057681,madre asesinada méxico feminicidio tiros,0.0,0.11963538288124205,False,-1,,
Aerolíneas de México cederán espacios a  las de EU en el AICM,La presidenta Claudia Sheinbaum Pardo informó que aerolíneas mexicanas aceptaron “ceder” sus espacios en el Aeropuerto Internacional de la Ciudad de México (AICM) Benito Juárez a empresas de Estados Unidos para garantizar la competencia.,https://www.jornada.com.mx/2025/11/18/economia/029n1eco?partner=rss,https://www.jornada.com.mx/rss/edicion.xml,2025-11-18T09:26:16+00:00,0.0,False,False,False,False,False,0.0,IRRELEVANTE,No,aerolíneas de méxico cederán espacios a las de eu en el aicm,la presidenta claudia sheinbaum pardo informó que aerolíneas mexicanas aceptaron ceder sus espacios en el aeropuerto internacional de la ciudad de méxico aicm benito juárez a empresas de estados unidos para garantizar la competencia,1.0,0.849027283434756,madre asesinada méxico feminicidio tiros,103.0,0.07403241537542572,False,-1,,
Accede India a comprar gas licuado estadunidense,"Nueva Delhi., India anunció ayer la firma de un acuerdo para comprar a Estados Unidos cerca de 10 por ciento del gas licuado de petróleo que importa, lo que permitirá diversificar sus fuentes de energéticos. El convenio de un año implica la compra de 2.2 millones de toneladas de gas, indicó el ministro de Petróleo y Gas Natural, Hardeep Singh Puri. Las relaciones entre Estados Unidos y Nueva Delhi se deterioraron en agosto, cuando el presidente Donald Trump incrementó a 50 por ciento los aranceles a productos de India, a la que acusó de comprar petróleo barato a Rusia para que ésta financie su guerra contra Ucrania.",https://www.jornada.com.mx/2025/11/18/economia/031n3eco?partner=rss,https://www.jornada.com.mx/rss/edicion.xml,2025-11-18T09:26:16+00:00,-1.0,False,False,False,False,False,0.0,IRRELEVANTE,No,accede india a comprar gas licuado estadunidense,nueva delhi india anunció ayer la firma de un acuerdo para comprar a estados unidos cerca de 10 por ciento del gas licuado de petróleo que importa lo que permitirá diversificar sus fuentes de energéticos el convenio de un año implica la compra de 2 2 millones de toneladas de gas indicó el ministro de petróleo y gas natural hardeep singh puri las relaciones entre estados unidos y nueva delhi se deterioraron en agosto cuando el presidente donald trump incrementó a 50 por ciento los aranceles a productos de india a la que acusó de comprar petróleo barato a rusia para que ésta financie su guerra contra ucrania,6.0,0.876683773887882,15 es negro senado menores edad,103.0,0.2207905163999482,False,-1,,
"América y Tigres, por la extensión de su legado en la Liga Mx Femenil","América y Tigres se citaron por cuarta ocasión en la historia en una final de la Liga Mx Femenil en busca de acrecentar su palmarés. Sus constantes apariciones en estas instancias son un reflejo de la importancia que ambos conjuntos le brindan al certamen, ya que de los 15 títulos que se han disputado desde 2017, ocho se los han repartido estos dos equipos.",https://www.jornada.com.mx/2025/11/18/deportes/a11n2dep?partner=rss,https://www.jornada.com.mx/rss/edicion.xml,2025-11-18T09:26:16+00:00,-1.0,False,False,False,False,False,0.0,IRRELEVANTE,No,américa y tigres por la extensión de su legado en la liga mx femenil,américa y tigres se citaron por cuarta ocasión en la historia en una final de la liga mx femenil en busca de acrecentar su palmarés sus constantes apariciones en estas instancias son un reflejo de la importancia que ambos conjuntos le brindan al certamen ya que de los 15 títulos que se han disputado desde 2017 ocho se los han repartido estos dos equipos,3.0,0.8509256514388033,feminicidio sol méxico sol méxico huérfanos,163.0,0.14845508791016607,False,-1,,
Los neocolonialistas de EU buscan retomar el control de los recursos estratégicos de AL,"Caracas. Conozco a Nicolás Maduro    desde hace unos 20 años, cuando él era el brillante canciller de la Revolución Bolivariana. Siempre he apreciado en él su modestia, su asombrosa inteligencia, su gran cultura política, su apego al diálogo y a la negociación, su firme lealtad a los valores y principios progresistas, su fino sentido del humor, su concepción austera de la vida enraizada en sus orígenes populares y su inalterable fidelidad al comandante Hugo Chávez.",https://www.jornada.com.mx/2025/11/18/mundo/033e1mun?partner=rss,https://www.jornada.com.mx/rss/edicion.xml,2025-11-18T09:26:16+00:00,-1.0,False,False,False,False,False,0.0,IRRELEVANTE,No,los neocolonialistas de eu buscan retomar el control de los recursos estratégicos de al,caracas conozco a nicolás maduro desde hace unos 20 años cuando él era el brillante canciller de la revolución bolivariana siempre he apreciado en él su modestia su asombrosa inteligencia su gran cultura política su apego al diálogo y a la negociación su firme lealtad a los valores y principios progresistas su fino sentido del humor su concepción austera de la vida enraizada en sus orígenes populares y su inalterable fidelidad al comandante hugo chávez,7.0,0.8659412695954377,huérfanos feminicidio huérfanos feminicidio feminicidio méxico méxico infobae,10.0,0.10138718501535106,False,-1,,
"Posible uso excesivo de la fuerza pública en 18 casos, identificó la SSC","El titular de la Secretaría de Seguridad Ciudadana, Pablo Vázquez Camacho, informó que se identificaron 18 incidentes por el posible uso excesivo de la fuerza pública durante la marcha de la llamada generación Z, entre ellos las agresiones contra la prensa, por lo que se realiza un análisis de los videos, imágenes e información disponible para deslindar responsabilidades.",https://www.jornada.com.mx/2025/11/18/capital/040n2cap?partner=rss,https://www.jornada.com.mx/rss/edicion.xml,2025-11-18T09:26:16+00:00,6.0,False,False,False,False,False,0.0,IRRELEVANTE,No,posible uso excesivo de la fuerza pública en 18 casos identificó la ssc,el titular de la secretaría de seguridad ciudadana pablo vázquez camacho informó que se identificaron 18 incidentes por el posible uso excesivo de la fuerza pública durante la marcha de la llamada generación z entre ellos las agresiones contra la prensa por lo que se realiza un análisis de los videos imágenes e información disponible para deslindar responsabilidades,1.0,0.8632954653757123,madre asesinada méxico feminicidio tiros,195.0,0.10802500885217234,False,-1,,
Capufe busca erradicar el uso de efectivo y promueve sus tarjetas,"Con la intención de erradicar el pago con efectivo en las casetas de las carreteras, el gobierno impulsa la venta de la tarjeta (tag) IAVE de Caminos y Puentes Federales (Capufe), un dispositivo que desde hace tiempo se puede comprar en todas las casetas del país y en comercios de Acapulco y Cuernavaca.",https://www.jornada.com.mx/2025/11/18/economia/030n2eco?partner=rss,https://www.jornada.com.mx/rss/edicion.xml,2025-11-18T09:26:16+00:00,-1.0,False,False,False,False,False,0.0,IRRELEVANTE,No,capufe busca erradicar el uso de efectivo y promueve sus tarjetas,con la intención de erradicar el pago con efectivo en las casetas de las carreteras el gobierno impulsa la venta de la tarjeta tag iave de caminos y puentes federales capufe un dispositivo que desde hace tiempo se puede comprar en todas las casetas del país y en comercios de acapulco y cuernavaca,5.0,0.8419075403590585,andrade ocurrido lomas natalia argentina,77.0,0.20338115979468682,False,-1,,
"Ultraderecha, la fuerza dominante tras elección presidencial en Chile","Santiago. No desperdiciaron un solo día y, en una carrera contra el tiempo y que se augura áspera, la centroizquierdista Jeannette Jara (26.8 por ciento de los votos) y el ultraderechista José Antonio Kast (23.9), retomaron la campaña tras los comicios presidenciales del domingo, de cara a la segunda vuelta del 14 de diciembre, cuando se definirá si ella o él será el próximo gobernante de Chile.",https://www.jornada.com.mx/2025/11/18/mundo/034n1mun?partner=rss,https://www.jornada.com.mx/rss/edicion.xml,2025-11-18T09:26:16+00:00,-1.0,False,False,False,False,False,0.0,IRRELEVANTE,No,ultraderecha la fuerza dominante tras elección presidencial en chile,santiago no desperdiciaron un solo día y en una carrera contra el tiempo y que se augura áspera la centroizquierdista jeannette jara 26 8 por ciento de los votos y el ultraderechista josé antonio kast 23 9 retomaron la campaña tras los comicios presidenciales del domingo de cara a la segunda vuelta del 14 de diciembre cuando se definirá si ella o él será el próximo gobernante de chile,7.0,0.8529612169660963,huérfanos feminicidio huérfanos feminicidio feminicidio méxico méxico infobae,63.0,0.24905385763933005,False,-1,,
Aumentan los desempleados con educación media superior y superior: Inegi,"Seis de cada diez desocupados en México cuentan con estudios de niveles medio superior y superior, informó el Instituto Nacional de Estadística y Geografía (Inegi), con datos a septiembre pasado. Este grupo está formado por personas que no tienen trabajo pero buscan uno activamente.",https://www.jornada.com.mx/2025/11/18/economia/028n2eco?partner=rss,https://www.jornada.com.mx/rss/edicion.xml,2025-11-18T09:26:16+00:00,0.0,True,False,False,False,False,0.0,IRRELEVANTE,No,aumentan los desempleados con educación media superior y superior inegi,seis de cada diez desocupados en méxico cuentan con estudios de niveles medio superior y superior informó el instituto nacional de estadística y geografía inegi con datos a septiembre pasado este grupo está formado por personas que no tienen trabajo pero buscan uno activamente,1.0,0.8564238062938117,madre asesinada méxico feminicidio tiros,145.0,0.20520771828478646,False,-1,,
Inunda viviendas megafuga de agua en Azcapotzalco,"La avenida Antonio Valeriano, en la colonia Patrimonio Familiar, Azcapotzalco, amaneció ayer convertida en un río debido a una megafuga de agua potable en un tubo con diámetro de 12 pulgadas que, según el censo realizado por la alcaldía, anegó cinco viviendas y sorprendió a los vecinos con la fuerza del líquido que se filtró por las entradas y terminó levantando camas, volcando refrigeradores y arrastrando enseres.",https://www.jornada.com.mx/2025/11/18/capital/041n1cap?partner=rss,https://www.jornada.com.mx/rss/edicion.xml,2025-11-18T09:26:16+00:00,-1.0,False,False,False,False,False,0.0,IRRELEVANTE,No,inunda viviendas megafuga de agua en azcapotzalco,la avenida antonio valeriano en la colonia patrimonio familiar azcapotzalco amaneció ayer convertida en un río debido a una megafuga de agua potable en un tubo con diámetro de 12 pulgadas que según el censo realizado por la alcaldía anegó cinco viviendas y sorprendió a los vecinos con la fuerza del líquido que se filtró por las entradas y terminó levantando camas volcando refrigeradores y arrastrando enseres,0.0,0.844603401251736,hernández colonia economista uso sexual,1.0,0.09417524725306184,False,-1,,
Ordena el IECM medidas precautorias en contra del alcalde panista de Coyoacán,"Tras la investigación en contra del alcalde de Coyoacán, Giovani Gutiérrez, por presunta violencia política de género en contra de la concejala Esther Rodríguez, del PT, la Comisión de Quejas del Instituto Electoral de la Ciudad de México ordenó una serie de medidas de protección a favor de la funcionaria.",https://www.jornada.com.mx/2025/11/18/capital/042n2cap?partner=rss,https://www.jornada.com.mx/rss/edicion.xml,2025-11-18T09:26:16+00:00,-1.0,True,False,False,False,False,0.0,IRRELEVANTE,No,ordena el iecm medidas precautorias en contra del alcalde panista de coyoacán,tras la investigación en contra del alcalde de coyoacán giovani gutiérrez por presunta violencia política de género en contra de la concejala esther rodríguez del pt la comisión de quejas del instituto electoral de la ciudad de méxico ordenó una serie de medidas de protección a favor de la funcionaria,1.0,0.8516452181677102,madre asesinada méxico feminicidio tiros,110.0,0.14288907969634895,False,-1,,
Israel robó miles de piezas de  un museo destruido en Gaza,"Ramallah. Israel robó unas 17 mil piezas del museo del Palacio Pasha, ubicado en la ciudad de Gaza, denunció ayer Hamouda al Dahdar, supervisor de la restauración de ese sitio histórico.",https://www.jornada.com.mx/2025/11/18/cultura/a04n2cul?partner=rss,https://www.jornada.com.mx/rss/edicion.xml,2025-11-18T09:26:16+00:00,7.0,False,False,False,False,False,0.0,IRRELEVANTE,No,israel robó miles de piezas de un museo destruido en gaza,ramallah israel robó unas 17 mil piezas del museo del palacio pasha ubicado en la ciudad de gaza denunció ayer hamouda al dahdar supervisor de la restauración de ese sitio histórico,4.0,0.818292216533542,víctimas feminicidio víctimas feminicidio hijos marcha,136.0,0.10463342112191777,False,-1,,
BYD busca duplicar sus puntos de  venta en Europa,"Fráncfort. El mayor fabricante chino de automóviles, BYD, planea duplicar su red de ventas en Europa para fines del próximo año, como parte de una ambiciosa campaña en el mercado continental. “Para finales de 2025 contaremos con mil puntos de venta en Europa y el año que viene duplicaremos esa cifra”, dijo María Grazia Davino, directora general regional de BYD para Europa, en un acto celebrado en Fráncfort. BYD tiene una “estrategia de localización a largo plazo” para Europa; la firma ya está presente en 29 mercados y próximamente abrirá una planta en Hungría, su primera en el continente. Además, planea una segunda fábrica en Turquía y sopesa instalar un tercer centro de producción en Europa, el cual podría establecerse en España.",https://www.jornada.com.mx/2025/11/18/economia/031n5eco?partner=rss,https://www.jornada.com.mx/rss/edicion.xml,2025-11-18T09:26:16+00:00,-1.0,False,False,False,False,False,0.0,IRRELEVANTE,No,byd busca duplicar sus puntos de venta en europa,fráncfort el mayor fabricante chino de automóviles byd planea duplicar su red de ventas en europa para fines del próximo año como parte de una ambiciosa campaña en el mercado continental para finales de 2025 contaremos con mil puntos de venta en europa y el año que viene duplicaremos esa cifra dijo maría grazia davino directora general regional de byd para europa en un acto celebrado en fráncfort byd tiene una estrategia de localización a largo plazo para europa la firma ya está presente en 29 mercados y próximamente abrirá una planta en hungría su primera en el continente además planea una segunda fábrica en turquía y sopesa instalar un tercer centro de producción en europa el cual podría establecerse en españa,3.0,0.8800225343302136,feminicidio sol méxico sol méxico huérfanos,85.0,0.17053327743973648,False,-1,,
Más de 22 millones de personas perecerán  por recortes de ayuda,"Washington. Más de 22 millones de personas, muchas de ellas menores de edad, podrían morir de causas previsibles para 2030 debido a los recortes de ayuda internacional por parte de Estados Unidos, Alemania, Francia y Reino Unido, según una investigación publicada ayer.",https://www.jornada.com.mx/2025/11/18/economia/031n2eco?partner=rss,https://www.jornada.com.mx/rss/edicion.xml,2025-11-18T09:26:16+00:00,8.0,False,False,False,False,False,0.0,IRRELEVANTE,No,más de 22 millones de personas perecerán por recortes de ayuda,washington más de 22 millones de personas muchas de ellas menores de edad podrían morir de causas previsibles para 2030 debido a los recortes de ayuda internacional por parte de estados unidos alemania francia y reino unido según una investigación publicada ayer,4.0,0.8570379654425019,víctimas feminicidio víctimas feminicidio hijos marcha,129.0,0.25233868428800066,False,-1,,
Tom Cruise: “El cine me ayuda a apreciar y respetar las diferencias”,"Los Ángeles., “El cine me lleva por todo el mundo. Me ayuda a apreciar y respetar las diferencias. También me muestra nuestra humanidad compartida. Y sin importar de dónde vengamos, en ese cine reímos juntos, sentimos juntos, esperamos juntos, y ese es el poder de esta forma de arte. Y por eso es importante, por eso es importante para mí. Así que hacer películas no es lo que hago, es lo que soy”, aseveró la noche del domingo Tom Cruise en la edición 16 de los Governors Awards.",https://www.jornada.com.mx/2025/11/18/espectaculos/a07n1esp?partner=rss,https://www.jornada.com.mx/rss/edicion.xml,2025-11-18T09:26:16+00:00,-1.0,False,False,False,False,False,0.0,IRRELEVANTE,No,tom cruise el cine me ayuda a apreciar y respetar las diferencias,los ángeles el cine me lleva por todo el mundo me ayuda a apreciar y respetar las diferencias también me muestra nuestra humanidad compartida y sin importar de dónde vengamos en ese cine reímos juntos sentimos juntos esperamos juntos y ese es el poder de esta forma de arte y por eso es importante por eso es importante para mí así que hacer películas no es lo que hago es lo que soy aseveró la noche del domingo tom cruise en la edición 16 de los governors awards,6.0,0.8267870898824151,15 es negro senado menores edad,-1.0,0.0,False,-1,,
Estados Unidos quita aranceles a 100 alimentos peruanos,"Lima. La ministra de Economía de Perú, Teresa Mera, informó ayer que la nueva exención arancelaria de Estados Unidos incluye unos 100 productos de la canasta agroexportadora, que ahora podrán ingresar “sin pagar aranceles”. En un comunicado, Mera sostuvo que entre los productos incluidos destacan la palta y el café, así como mango, limón, naranja, jengibre y jugos de frutas, y que el año pasado generaron ventas por unos mil 200 millones de dólares, 24 por ciento de lo enviado al mercado estadunidense. La semana pasada, el presidente estadunidense Donald Trump redujo los aranceles a más de 200 alimentos, ante la creciente inquietud entre los consumidores estadunidenses.",https://www.jornada.com.mx/2025/11/18/economia/031n4eco?partner=rss,https://www.jornada.com.mx/rss/edicion.xml,2025-11-18T09:26:16+00:00,9.0,False,False,False,False,False,0.0,IRRELEVANTE,No,estados unidos quita aranceles a 100 alimentos peruanos,lima la ministra de economía de perú teresa mera informó ayer que la nueva exención arancelaria de estados unidos incluye unos 100 productos de la canasta agroexportadora que ahora podrán ingresar sin pagar aranceles en un comunicado mera sostuvo que entre los productos incluidos destacan la palta y el café así como mango limón naranja jengibre y jugos de frutas y que el año pasado generaron ventas por unos mil 200 millones de dólares 24 por ciento de lo enviado al mercado estadunidense la semana pasada el presidente estadunidense donald trump redujo los aranceles a más de 200 alimentos ante la creciente inquietud entre los consumidores estadunidenses,5.0,0.8854685280398609,andrade ocurrido lomas natalia argentina,7.0,0.07064021631748287,False,-1,,
Sentencian en Bangladesh a ex primera ministra a pena de muerte por represión,"Daca. La justicia de Bangladesh condenó ayer a muerte a la ex primera ministra Sheikh Hasina, declarada culpable de ordenar la represión de los disturbios que provocaron su caída en 2024 y en los que murieron al menos mil 400 personas, según la Organización de Naciones Unidas (ONU).",https://www.jornada.com.mx/2025/11/18/mundo/036n2mun?partner=rss,https://www.jornada.com.mx/rss/edicion.xml,2025-11-18T09:26:16+00:00,10.0,False,False,False,False,False,0.0,IRRELEVANTE,No,sentencian en bangladesh a ex primera ministra a pena de muerte por represión,daca la justicia de bangladesh condenó ayer a muerte a la ex primera ministra sheikh hasina declarada culpable de ordenar la represión de los disturbios que provocaron su caída en 2024 y en los que murieron al menos mil 400 personas según la organización de naciones unidas onu,5.0,0.8548462736459985,andrade ocurrido lomas natalia argentina,196.0,0.08686144809537924,False,-1,,
Consejo de Seguridad de la ONU avala ocupación internacional de Gaza,"Nueva York., El Consejo de Seguridad de la Organización de Naciones Unidas (ONU) adoptó ayer la resolución 2803, propuesta por Estados Unidos, que incluye el despliegue de una fuerza internacional de estabilización de Gaza, como establece el plan de alto el fuego impuesto por el presidente Donald Trump.",https://www.jornada.com.mx/2025/11/18/mundo/035n1mun?partner=rss,https://www.jornada.com.mx/rss/edicion.xml,2025-11-18T09:26:16+00:00,10.0,False,False,False,False,False,0.0,IRRELEVANTE,No,consejo de seguridad de la onu avala ocupación internacional de gaza,nueva york el consejo de seguridad de la organización de naciones unidas onu adoptó ayer la resolución 2803 propuesta por estados unidos que incluye el despliegue de una fuerza internacional de estabilización de gaza como establece el plan de alto el fuego impuesto por el presidente donald trump,5.0,0.8569959671272708,andrade ocurrido lomas natalia argentina,68.0,0.395488566880369,False,-1,,
Sheinbaum aboga por que se concrete  el diálogo,"Luego que el mandatario de Estados Unidos, Donald Trump, abriera la posibilidad de sostener “discusiones” con su homólogo de Venezuela, Nicolás Maduro, la presidenta Claudia Sheinbaum Pardo confió en que el diálogo se concrete y puedan alcanzarse acuerdos.",https://www.jornada.com.mx/2025/11/18/mundo/032n2mun?partner=rss,https://www.jornada.com.mx/rss/edicion.xml,2025-11-18T09:26:16+00:00,0.0,False,False,False,False,False,0.0,IRRELEVANTE,No,sheinbaum aboga por que se concrete el diálogo,luego que el mandatario de estados unidos donald trump abriera la posibilidad de sostener discusiones con su homólogo de venezuela nicolás maduro la presidenta claudia sheinbaum pardo confió en que el diálogo se concrete y puedan alcanzarse acuerdos,1.0,0.8570609880719599,madre asesinada méxico feminicidio tiros,116.0,0.138651456983591,False,-1,,
Javier Aranda Luna: La triple alianza  de Bellinghausen,"En la obra de Hermann    Bellinghausen poesía, prosa y trabajo periodístico forman una triple alianza donde reverberan temas, atmósferas y un profundo amor por el lenguaje.",https://www.jornada.com.mx/2025/11/18/cultura/a04a1cul?partner=rss,https://www.jornada.com.mx/rss/edicion.xml,2025-11-18T09:26:16+00:00,-1.0,False,False,False,False,False,0.0,IRRELEVANTE,No,javier aranda luna la triple alianza de bellinghausen,en la obra de hermann bellinghausen poesía prosa y trabajo periodístico forman una triple alianza donde reverberan temas atmósferas y un profundo amor por el lenguaje,1.0,0.7460548249293911,madre asesinada méxico feminicidio tiros,146.0,0.21544855845484068,False,-1,,
Disminuye participación de la agricultura en la economía mexicana: BID,"En 2025 la participación de la agricultura en el producto interno bruto (PIB) de México es de 3.3 por ciento, cuando en 1986 representaba 4.09 por ciento, “una disminución considerable”, destacó el Banco Interamericano de Desarrollo (BID) en un estudio.",https://www.jornada.com.mx/2025/11/18/economia/029n2eco?partner=rss,https://www.jornada.com.mx/rss/edicion.xml,2025-11-18T09:26:16+00:00,-1.0,True,False,False,False,False,0.0,IRRELEVANTE,No,disminuye participación de la agricultura en la economía mexicana bid,en 2025 la participación de la agricultura en el producto interno bruto pib de méxico es de 3 3 por ciento cuando en 1986 representaba 4 09 por ciento una disminución considerable destacó el banco interamericano de desarrollo bid en un estudio,1.0,0.8456152093991454,madre asesinada méxico feminicidio tiros,15.0,0.09860266550210747,False,-1,,
El Correo Ilustrado,"Solicito derecho de réplica por las notas publicadas este prestigiado diario este 14 y 17 de noviembre, con los títulos “Opera cementerio clandestino en el poblado de San Mateo Tlaltenango” y “Presentó la AO tres denuncias por cementerio ilegal; silencio en Cuajimalpa”.",https://www.jornada.com.mx/2025/11/18/opinion/002a2cor?partner=rss,https://www.jornada.com.mx/rss/edicion.xml,2025-11-18T09:26:16+00:00,-1.0,False,False,False,False,False,0.0,IRRELEVANTE,No,el correo ilustrado,solicito derecho de réplica por las notas publicadas este prestigiado diario este 14 y 17 de noviembre con los títulos opera cementerio clandestino en el poblado de san mateo tlaltenango y presentó la ao tres denuncias por cementerio ilegal silencio en cuajimalpa,4.0,0.8265919668969864,víctimas feminicidio víctimas feminicidio hijos marcha,134.0,0.04835655419314524,False,-1,,
"Fue 2025 peor que 2024, pero no tan malo como  se esperaba","Este año ha sido para México mejor de lo que se esperaba en términos de crecimiento económico y comportamiento de sus mercados financieros, principalmente el accionario y cambiario, pero si se compara con 2024 fue un mal año, debido a la debilidad de su actividad productiva, aseguró Juan Musi, analista y socio de Alpha Patrimonial.",https://www.jornada.com.mx/2025/11/18/economia/028n3eco?partner=rss,https://www.jornada.com.mx/rss/edicion.xml,2025-11-18T09:26:16+00:00,-1.0,True,False,False,False,False,0.0,IRRELEVANTE,No,fue 2025 peor que 2024 pero no tan malo como se esperaba,este año ha sido para méxico mejor de lo que se esperaba en términos de crecimiento económico y comportamiento de sus mercados financieros principalmente el accionario y cambiario pero si se compara con 2024 fue un mal año debido a la debilidad de su actividad productiva aseguró juan musi analista y socio de alpha patrimonial,0.0,0.8443516386836029,hernández colonia economista uso sexual,59.0,0.28490725521321136,False,-1,,
Miguel Ángel Velázquez: Ciudad perdida,"Para las autoridades en Estados    Unidos, las empresas de apuestas de Ricardo Salinas Pliego están consideradas como parte de una red internacional de lavado de dinero.",https://www.jornada.com.mx/2025/11/18/opinion/042o1cap?partner=rss,https://www.jornada.com.mx/rss/edicion.xml,2025-11-18T09:26:16+00:00,0.0,False,False,False,False,False,0.0,IRRELEVANTE,No,miguel ángel velázquez ciudad perdida,para las autoridades en estados unidos las empresas de apuestas de ricardo salinas pliego están consideradas como parte de una red internacional de lavado de dinero,3.0,0.800640442097402,feminicidio sol méxico sol méxico huérfanos,135.0,0.24093557698126034,False,-1,,
Decenas de miles de pasajeros afectados por la huelga de Latam,"La aerolínea Latam, la mayor de Sudamérica, anunció ayer que suspenderá vuelos programados hasta el 22 de noviembre, lo que afectará a 10 mil pasajeros, debido a la huelga de uno de los sindicatos de pilotos. El gremio, que representa a casi 500 de los 900 pilotos de la compañía en Chile, extendió el paro iniciado la semana pasada. Los pilotos buscan recuperar los salarios previos a la pandemia, reducidos por la compañía para seguir operando durante los cierres de los aeropuertos en el mundo. La semana pasada la compañía suspendió 173 vuelos programados entre el 12 y 17 de noviembre, con repercusiones para 21 mil usuarios.",https://www.jornada.com.mx/2025/11/18/economia/031n6eco?partner=rss,https://www.jornada.com.mx/rss/edicion.xml,2025-11-18T09:26:16+00:00,-1.0,False,False,False,False,False,0.0,IRRELEVANTE,No,decenas de miles de pasajeros afectados por la huelga de latam,la aerolínea latam la mayor de sudamérica anunció ayer que suspenderá vuelos programados hasta el 22 de noviembre lo que afectará a 10 mil pasajeros debido a la huelga de uno de los sindicatos de pilotos el gremio que representa a casi 500 de los 900 pilotos de la compañía en chile extendió el paro iniciado la semana pasada los pilotos buscan recuperar los salarios previos a la pandemia reducidos por la compañía para seguir operando durante los cierres de los aeropuertos en el mundo la semana pasada la compañía suspendió 173 vuelos programados entre el 12 y 17 de noviembre con repercusiones para 21 mil usuarios,2.0,0.8653994716067885,mundial asalto rica costa costa rica,148.0,0.4903520705262702,False,-1,,
"Sí hablaré con Maduro: Trump; será cara a cara, afirma líder bolivariano","El presidente estadunidense, Donald Trump, afirmó ayer que “en algún momento” hablará con su par venezolano, Nicolás Maduro, quien, reiteró, “no ha sido bueno para Estados Unidos”. Horas después, el mandatario bolivariano respondió que en Washington “el que quiera hablar con Venezuela se hará face to face, cara a cara, sin ningún problema”.",https://www.jornada.com.mx/2025/11/18/mundo/032n1mun?partner=rss,https://www.jornada.com.mx/rss/edicion.xml,2025-11-18T09:26:16+00:00,0.0,False,False,False,False,False,0.0,IRRELEVANTE,No,sí hablaré con maduro trump será cara a cara afirma líder bolivariano,el presidente estadunidense donald trump afirmó ayer que en algún momento hablará con su par venezolano nicolás maduro quien reiteró no ha sido bueno para estados unidos horas después el mandatario bolivariano respondió que en washington el que quiera hablar con venezuela se hará face to face cara a cara sin ningún problema,1.0,0.8745971574535839,madre asesinada méxico feminicidio tiros,101.0,0.15516378691504223,False,-1,,
Alemania: interpretan obras  de Bach perdidas durante siglos,"Dos piezas para órgano perdidas fueron identificadas como obras de Johann Sebastian Bach tres décadas después de su descubrimiento, y fueron interpretadas ayer en Alemania por primera vez en más de tres siglos.",https://www.jornada.com.mx/2025/11/18/cultura/a04n1cul?partner=rss,https://www.jornada.com.mx/rss/edicion.xml,2025-11-18T09:26:16+00:00,6.0,False,False,False,False,False,0.0,IRRELEVANTE,No,alemania interpretan obras de bach perdidas durante siglos,dos piezas para órgano perdidas fueron identificadas como obras de johann sebastian bach tres décadas después de su descubrimiento y fueron interpretadas ayer en alemania por primera vez en más de tres siglos,3.0,0.7851156477022425,feminicidio sol méxico sol méxico huérfanos,138.0,0.09963514032625272,False,-1,,
El olor a pino llegó a Jamaica y con él las ventas por la Navidad,"El pasado 12 de noviembre, en el mercado Jamaica comenzó la venta de árboles de Navidad provenientes de Oregón, Estados Unidos, los cuales se ofertan entre mil 200 y 2 mil 500 pesos, según su volumen, informó Martín, comerciante, quien señaló que las ventas apenas llegan a 10 por ciento.",https://www.jornada.com.mx/2025/11/18/capital/041n2cap?partner=rss,https://www.jornada.com.mx/rss/edicion.xml,2025-11-18T09:26:16+00:00,9.0,False,False,False,False,False,0.0,IRRELEVANTE,No,el olor a pino llegó a jamaica y con él las ventas por la navidad,el pasado 12 de noviembre en el mercado jamaica comenzó la venta de árboles de navidad provenientes de oregón estados unidos los cuales se ofertan entre mil 200 y 2 mil 500 pesos según su volumen informó martín comerciante quien señaló que las ventas apenas llegan a 10 por ciento,5.0,0.8627752767352587,andrade ocurrido lomas natalia argentina,140.0,0.11660187072803528,False,-1,,
Pasados mexica y colonial se entretejen hoy en el vestíbulo del hotel Catedral,"Al entrar en el vestíbulo del hotel Catedral, por la calle República de Guatemala, el transparente piso de cristal devela una inusual e impactante vista donde se entretejen el pasado prehispánico, el virreinal y la infraestructura moderna.",https://www.jornada.com.mx/2025/11/18/cultura/a02n1cul?partner=rss,https://www.jornada.com.mx/rss/edicion.xml,2025-11-18T09:26:16+00:00,-1.0,False,False,False,False,False,0.0,IRRELEVANTE,No,pasados mexica y colonial se entretejen hoy en el vestíbulo del hotel catedral,al entrar en el vestíbulo del hotel catedral por la calle república de guatemala el transparente piso de cristal devela una inusual e impactante vista donde se entretejen el pasado prehispánico el virreinal y la infraestructura moderna,1.0,0.7883620479114476,madre asesinada méxico feminicidio tiros,32.0,0.09240747047961094,False,-1,,
Elimina gripe aviar a focas,"Elefantes marinos en Possession, una de las islas Crozet, archipiélago en el sur del océano Índico. Esta especie de foca, la más grande del mundo, ha sido devastada por la gripe aviar, que ha aniquilado a la mitad de todas las hembras reproductoras en un importante santuario de vida silvestre cerca de la Antártida, advirtieron científicos hace unos días.",https://www.jornada.com.mx/2025/11/18/ciencias/a06n3cie?partner=rss,https://www.jornada.com.mx/rss/edicion.xml,2025-11-18T09:26:16+00:00,-1.0,False,False,False,False,False,0.0,IRRELEVANTE,No,elimina gripe aviar a focas,elefantes marinos en possession una de las islas crozet archipiélago en el sur del océano índico esta especie de foca la más grande del mundo ha sido devastada por la gripe aviar que ha aniquilado a la mitad de todas las hembras reproductoras en un importante santuario de vida silvestre cerca de la antártida advirtieron científicos hace unos días,5.0,0.8324742802789332,andrade ocurrido lomas natalia argentina,129.0,0.2584262733065143,False,-1,,
Secuestran a 25 niñas de secundaria en Nigeria,"Lagos. Sujetos armados secuestraron a 25 alumnas de una escuela secundaria femenina en el noroeste de Nigeria, afirmó la policía. El ataque, atribuido por las autoridades a “bandidos”, se perpetró más de una década después de que 276 niñas fueron secuestradas en Chibok, en el conflictivo estado nororiental de Borno, lo que provocó una gran movilización internacional con el lema “BringBackOurGirls” (Devuélvanos a nuestras niñas, en inglés).",https://www.jornada.com.mx/2025/11/18/mundo/036n3mun?partner=rss,https://www.jornada.com.mx/rss/edicion.xml,2025-11-18T09:26:16+00:00,-1.0,False,False,False,False,False,0.0,IRRELEVANTE,No,secuestran a 25 niñas de secundaria en nigeria,lagos sujetos armados secuestraron a 25 alumnas de una escuela secundaria femenina en el noroeste de nigeria afirmó la policía el ataque atribuido por las autoridades a bandidos se perpetró más de una década después de que 276 niñas fueron secuestradas en chibok en el conflictivo estado nororiental de borno lo que provocó una gran movilización internacional con el lema bringbackourgirls devuélvanos a nuestras niñas en inglés,6.0,0.8550116198046773,15 es negro senado menores edad,106.0,0.10463342112191777,False,-1,,
Instan vecinos de la Roma a legisladores a no avalar cambios de uso de suelo,"Vecinos de la colonia Roma llamaron a diputados del Congreso capitalino a no aprobar ningún cambio de uso de suelo hasta que entren en vigor los instrumentos de planeación, tras rechazar una iniciativa para construir un restaurante y locales comerciantes en la colonia Hipódromo, donde, según la Procuraduría Ambiental y del Ordenamiento Territorial (PAOT), se generaría un “impacto irreversible” en la gestión de residuos sólidos y en el consumo de agua.",https://www.jornada.com.mx/2025/11/18/capital/042n1cap?partner=rss,https://www.jornada.com.mx/rss/edicion.xml,2025-11-18T09:26:16+00:00,-1.0,False,False,False,False,False,0.0,IRRELEVANTE,No,instan vecinos de la roma a legisladores a no avalar cambios de uso de suelo,vecinos de la colonia roma llamaron a diputados del congreso capitalino a no aprobar ningún cambio de uso de suelo hasta que entren en vigor los instrumentos de planeación tras rechazar una iniciativa para construir un restaurante y locales comerciantes en la colonia hipódromo donde según la procuraduría ambiental y del ordenamiento territorial paot se generaría un impacto irreversible en la gestión de residuos sólidos y en el consumo de agua,0.0,0.8545793417465772,hernández colonia economista uso sexual,128.0,0.34889145405372957,False,-1,,
"Alemania y Países Bajos, dos históricos que sellan sus boletos","París. La tetracampeona Alemania y la tres veces finalista Países Bajos lograron ayer su clasificación al Mundial 2026, mientras Polonia y Eslovaquia tendrán una segunda oportunidad en el repechaje.",https://www.jornada.com.mx/2025/11/18/deportes/a11n1dep?partner=rss,https://www.jornada.com.mx/rss/edicion.xml,2025-11-18T09:26:16+00:00,3.0,False,False,False,False,False,0.0,IRRELEVANTE,No,alemania y países bajos dos históricos que sellan sus boletos,parís la tetracampeona alemania y la tres veces finalista países bajos lograron ayer su clasificación al mundial 2026 mientras polonia y eslovaquia tendrán una segunda oportunidad en el repechaje,2.0,0.8391392835683671,mundial asalto rica costa costa rica,186.0,0.13812000192582266,False,-1,,
Extranjeros han sacado del país $130 mil 763 millones este año,"Entre enero y octubre, inversionistas extranjeros vendieron 130 mil 763 millones de pesos en bonos respaldados por el gobierno, en medio de las tensiones comerciales con la administración de Donald Trump, presidente de Estados Unidos, principal socio de México.",https://www.jornada.com.mx/2025/11/18/economia/028n1eco?partner=rss,https://www.jornada.com.mx/rss/edicion.xml,2025-11-18T09:26:16+00:00,-1.0,False,False,False,False,False,0.0,IRRELEVANTE,No,extranjeros han sacado del país 130 mil 763 millones este año,entre enero y octubre inversionistas extranjeros vendieron 130 mil 763 millones de pesos en bonos respaldados por el gobierno en medio de las tensiones comerciales con la administración de donald trump presidente de estados unidos principal socio de méxico,1.0,0.8559937158754743,madre asesinada méxico feminicidio tiros,192.0,0.21633826764103933,False,-1,,
Científicos usan supercomputadora  para representar la corteza cerebral,"Madrid. Aprovechando la potencia de una de las supercomputadoras más rápidas del mundo, científicos del Instituto Allen (Estados Unidos) y de la Universidad de Electrocomunicaciones de Japón han creado una de las simulaciones cerebrales biofísicamente realistas más grandes y detalladas de un animal jamás realizadas. Este trabajo se presentará en SC25, la conferencia de supercomputación más importante del mundo, que tiene lugar en Saint Louis, Estados Unidos.",https://www.jornada.com.mx/2025/11/18/ciencias/a06n1cie?partner=rss,https://www.jornada.com.mx/rss/edicion.xml,2025-11-18T09:26:16+00:00,-1.0,False,False,False,False,False,0.0,IRRELEVANTE,No,científicos usan supercomputadora para representar la corteza cerebral,madrid aprovechando la potencia de una de las supercomputadoras más rápidas del mundo científicos del instituto allen estados unidos y de la universidad de electrocomunicaciones de japón han creado una de las simulaciones cerebrales biofísicamente realistas más grandes y detalladas de un animal jamás realizadas este trabajo se presentará en sc25 la conferencia de supercomputación más importante del mundo que tiene lugar en saint louis estados unidos,1.0,0.8472889889273055,madre asesinada méxico feminicidio tiros,113.0,0.14497878034457595,False,-1,,
Preparativos para el 20,,https://www.jornada.com.mx/2025/11/18/capital/042n3cap?partner=rss,https://www.jornada.com.mx/rss/edicion.xml,2025-11-18T09:26:16+00:00,-1.0,False,False,False,False,False,0.0,IRRELEVANTE,No,preparativos para el 20,,0.0,0.125,hernández colonia economista uso sexual,74.0,0.27912821627827444,False,-1,,
"Cuando derrote a Anthony Joshua no me negarán ir por campeonato, dice Jake Paul","La llegada de Jake Paul al boxeo profesional ha estado marcada por controversias y críticas sobre la credibilidad del deporte. Principalmente porque, en un inicio, el youtuber y empresario se enfrentó a peleadores poco reconocidos, lo que puso en duda sus verdaderas intenciones.",https://www.jornada.com.mx/2025/11/18/deportes/a12n1dep?partner=rss,https://www.jornada.com.mx/rss/edicion.xml,2025-11-18T09:26:16+00:00,-1.0,False,False,False,False,False,0.0,IRRELEVANTE,No,cuando derrote a anthony joshua no me negarán ir por campeonato dice jake paul,la llegada de jake paul al boxeo profesional ha estado marcada por controversias y críticas sobre la credibilidad del deporte principalmente porque en un inicio el youtuber y empresario se enfrentó a peleadores poco reconocidos lo que puso en duda sus verdaderas intenciones,3.0,0.8285613443961813,feminicidio sol méxico sol méxico huérfanos,119.0,0.21544855845484068,False,-1,,
China realiza ejercicios navales ante tensión con Japón y EU por Taiwán,"Pekín. Las autoridades chinas empezaron ayer una serie de maniobras marítimas con fuego real en el mar Amarillo, en plena escalada de tensiones después de las polémicas declaraciones de la primera ministra de Japón, Sanae Takaichi, sobre una posible respuesta militar de Tokio si China ataca Taiwán.",https://www.jornada.com.mx/2025/11/18/mundo/036n1mun?partner=rss,https://www.jornada.com.mx/rss/edicion.xml,2025-11-18T09:26:16+00:00,-1.0,False,False,False,False,False,0.0,IRRELEVANTE,No,china realiza ejercicios navales ante tensión con japón y eu por taiwán,pekín las autoridades chinas empezaron ayer una serie de maniobras marítimas con fuego real en el mar amarillo en plena escalada de tensiones después de las polémicas declaraciones de la primera ministra de japón sanae takaichi sobre una posible respuesta militar de tokio si china ataca taiwán,4.0,0.8355818853102912,víctimas feminicidio víctimas feminicidio hijos marcha,128.0,0.4903520705262702,False,-1,,
Raúl Barrera impulsa la creación de museos de sitio subterráneos en el Centro,"El arqueólogo Raúl Barrera Rodríguez, director del Programa del Arqueología Urbana (PAU) desde 2007, con casi 40 años de trayectoria, no duda en tomar “el pico y la pala” para excavar, además de que impulsa la creación de “museos de sitio subterráneos” en espacios con condiciones que permitan conservar, proteger y exponer los vestigios mexicas y coloniales que se descubran en el área circundante del Templo Mayor de Tenochtitlan.",https://www.jornada.com.mx/2025/11/18/cultura/a03n1cul?partner=rss,https://www.jornada.com.mx/rss/edicion.xml,2025-11-18T09:26:16+00:00,-1.0,False,False,False,False,False,0.0,IRRELEVANTE,No,raúl barrera impulsa la creación de museos de sitio subterráneos en el centro,el arqueólogo raúl barrera rodríguez director del programa del arqueología urbana pau desde 2007 con casi 40 años de trayectoria no duda en tomar el pico y la pala para excavar además de que impulsa la creación de museos de sitio subterráneos en espacios con condiciones que permitan conservar proteger y exponer los vestigios mexicas y coloniales que se descubran en el área circundante del templo mayor de tenochtitlan,0.0,0.8534827853024457,hernández colonia economista uso sexual,68.0,0.18780025843380202,False,-1,,
"Allan Corona, el mexicano que se mudó a Noruega para cumplir el sueño olímpico","Desde hace cientos de años, los noruegos adoptaron el esquí como parte integral de su cultura. Lo practicaron primero de forma recreativa y como medio de transporte, hasta evolucionar a una pasión nacional que los llevó a ser el país más ganador en la disciplina en los Juegos Olímpicos de Invierno con 405 medallas en su historia.",https://www.jornada.com.mx/2025/11/18/deportes/a12n2dep?partner=rss,https://www.jornada.com.mx/rss/edicion.xml,2025-11-18T09:26:16+00:00,-1.0,True,False,False,False,False,0.0,IRRELEVANTE,No,allan corona el mexicano que se mudó a noruega para cumplir el sueño olímpico,desde hace cientos de años los noruegos adoptaron el esquí como parte integral de su cultura lo practicaron primero de forma recreativa y como medio de transporte hasta evolucionar a una pasión nacional que los llevó a ser el país más ganador en la disciplina en los juegos olímpicos de invierno con 405 medallas en su historia,1.0,0.8186762532298695,madre asesinada méxico feminicidio tiros,123.0,0.2602557556306186,False,-1,,
Carlos Fernández-Vega: México SA,"¿Casualidad? Ninguna:    “Donald Trump declaró que no tendría inconveniente en lanzar ataques contra México si eso detiene el tráfico de drogas hacia Estados Unidos. Luego de que reporteros en la Casa Blanca le preguntaron si aprobaría una operación antidrogas en el territorio mexicano, Trump respondió: ‘Estoy de acuerdo; lo que tengamos que hacer para detener las drogas; estuve viendo la situación en la Ciudad de México durante el fin de semana; hay muchísimos problemas allá (...) He estado hablando con México. Saben cuál es mi postura’” ( La Jornada, Reuters).",https://www.jornada.com.mx/2025/11/18/opinion/029o1eco?partner=rss,https://www.jornada.com.mx/rss/edicion.xml,2025-11-18T09:26:16+00:00,0.0,False,False,False,False,False,0.0,IRRELEVANTE,No,carlos fernández vega méxico sa,casualidad ninguna donald trump declaró que no tendría inconveniente en lanzar ataques contra méxico si eso detiene el tráfico de drogas hacia estados unidos luego de que reporteros en la casa blanca le preguntaron si aprobaría una operación antidrogas en el territorio mexicano trump respondió estoy de acuerdo lo que tengamos que hacer para detener las drogas estuve viendo la situación en la ciudad de méxico durante el fin de semana hay muchísimos problemas allá he estado hablando con méxico saben cuál es mi postura la jornada reuters,1.0,0.8945786223565905,madre asesinada méxico feminicidio tiros,120.0,0.11475047252708068,False,-1,,
Miguel Pineda: Negocios y empresas,"Donald Trump llamó al 2 de    abril de este año el “día de la liberación”, debido a que fijó altos aranceles al mundo con el objetivo de sustituir todo tipo de importaciones por producción nacional. Algo parecido experimentó México a mediados del siglo pasado, pero después lo desechó por una política de apertura comercial.",https://www.jornada.com.mx/2025/11/18/opinion/030o1eco?partner=rss,https://www.jornada.com.mx/rss/edicion.xml,2025-11-18T09:26:16+00:00,-1.0,True,False,False,False,False,0.0,IRRELEVANTE,No,miguel pineda negocios y empresas,donald trump llamó al 2 de abril de este año el día de la liberación debido a que fijó altos aranceles al mundo con el objetivo de sustituir todo tipo de importaciones por producción nacional algo parecido experimentó méxico a mediados del siglo pasado pero después lo desechó por una política de apertura comercial,3.0,0.6973726659129763,feminicidio sol méxico sol méxico huérfanos,205.0,0.5462965424720518,False,-1,,
Trump y FIFA: visas exprés a quien tenga boleto al Mundial,"Desde la llegada de Donald Trump a la Casa Blanca, los aficionados extranjeros en Estados Unidos no saben qué esperar de la Copa del Mundo. Piensan en los efectos de las políticas migratorias, los operativos, las redadas que encabezan agentes federales, la revocación de permisos de residencia temporal de ciudadanos de varias nacionalidades y el riesgo de ser arrestados por el Servicio de Control de Inmigración y Aduanas (ICE) al acudir a los estadios. Sobre el torneo –el más grande y complejo en la historia del futbol con 48 selecciones, 104 partidos y 16 ciudades en tres países– se cierne también la incertidumbre en torno a las severas restricciones para obtener visados.",https://www.jornada.com.mx/2025/11/18/deportes/a10n1dep?partner=rss,https://www.jornada.com.mx/rss/edicion.xml,2025-11-18T09:26:16+00:00,-1.0,False,False,False,False,False,0.0,IRRELEVANTE,No,trump y fifa visas exprés a quien tenga boleto al mundial,desde la llegada de donald trump a la casa blanca los aficionados extranjeros en estados unidos no saben qué esperar de la copa del mundo piensan en los efectos de las políticas migratorias los operativos las redadas que encabezan agentes federales la revocación de permisos de residencia temporal de ciudadanos de varias nacionalidades y el riesgo de ser arrestados por el servicio de control de inmigración y aduanas ice al acudir a los estadios sobre el torneo el más grande y complejo en la historia del futbol con 48 selecciones 104 partidos y 16 ciudades en tres países se cierne también la incertidumbre en torno a las severas restricciones para obtener visados,2.0,0.8883942121600257,mundial asalto rica costa costa rica,233.0,0.24877035716386883,False,-1,,
"Quien no esté listo para el juicio público, no sirve para esto: Aguirre","Javier Aguirre, director técnico de la selección nacional, abandona la sala de prensa del estadio Alamodome, en San Antonio, con un libro en la mano que el argentino Marcelo Bielsa le obsequió el viernes antes del partido contra Uruguay. Se titula El Código de la Cultura y su autor, el estadunidense Daniel Coyle, plantea en él que el trabajo en equipo y la capacidad de colaboración es el secreto del éxito de organizaciones tan dispares como el estudio cinematográfico Pixar y los Spurs de San Antonio, franquicia de la NBA.",https://www.jornada.com.mx/2025/11/18/deportes/a10n2dep?partner=rss,https://www.jornada.com.mx/rss/edicion.xml,2025-11-18T09:26:16+00:00,11.0,False,False,False,False,False,0.0,IRRELEVANTE,No,quien no esté listo para el juicio público no sirve para esto aguirre,javier aguirre director técnico de la selección nacional abandona la sala de prensa del estadio alamodome en san antonio con un libro en la mano que el argentino marcelo bielsa le obsequió el viernes antes del partido contra uruguay se titula el código de la cultura y su autor el estadunidense daniel coyle plantea en él que el trabajo en equipo y la capacidad de colaboración es el secreto del éxito de organizaciones tan dispares como el estudio cinematográfico pixar y los spurs de san antonio franquicia de la nba,3.0,0.8747224509540273,feminicidio sol méxico sol méxico huérfanos,164.0,0.26899299415998734,False,-1,,
"Israel bloquea ayuda para 288 mil familias; bajo su custodia, 98 muertos","Jerusalén. Al menos unas 288 mil familias palestinas sufren duras condiciones climáticas debido a que Israel continúa con la restricción de la entrada de suministros humanitarios, señalaron ayer autoridades gazatíes, que denunciaron que se necesitan más de 300 mil tiendas de campaña para resistir las lluvias e inundaciones.",https://www.jornada.com.mx/2025/11/18/mundo/035n2mun?partner=rss,https://www.jornada.com.mx/rss/edicion.xml,2025-11-18T09:26:16+00:00,7.0,False,False,False,False,False,0.0,IRRELEVANTE,No,israel bloquea ayuda para 288 mil familias bajo su custodia 98 muertos,jerusalén al menos unas 288 mil familias palestinas sufren duras condiciones climáticas debido a que israel continúa con la restricción de la entrada de suministros humanitarios señalaron ayer autoridades gazatíes que denunciaron que se necesitan más de 300 mil tiendas de campaña para resistir las lluvias e inundaciones,2.0,0.8416645454493923,mundial asalto rica costa costa rica,223.0,0.26946540077866454,False,-1,,
Mujeres toman las riendas del mariachi en París,"París. “Estamos tomando las riendas”. Con sus guitarrones y sus vestidos bordados, las mujeres mariachis van ganando terreno en esta famosa música mexicana, tradicionalmente interpretada por varones.",https://www.jornada.com.mx/2025/11/18/espectaculos/a08n1esp?partner=rss,https://www.jornada.com.mx/rss/edicion.xml,2025-11-18T09:26:16+00:00,-1.0,False,False,False,False,False,0.0,IRRELEVANTE,No,mujeres toman las riendas del mariachi en parís,parís estamos tomando las riendas con sus guitarrones y sus vestidos bordados las mujeres mariachis van ganando terreno en esta famosa música mexicana tradicionalmente interpretada por varones,6.0,0.7794769723461182,15 es negro senado menores edad,168.0,0.553869478509851,False,-1,,
Aspira el banco digital Revolut a ser   “el WhatsApp financiero” de México,"Revolut, el banco digital que en México ya inició su fase beta y a inicios de 2026 saldrá al mercado masivo, tiene una meta clara: “convertirse en el WhatsApp” de las instituciones financieras, es decir, que cualquier persona con un teléfono celular, sin importar su condición social, abra una cuenta, afirma su director general, Juan Guerra.",https://www.jornada.com.mx/2025/11/18/economia/030n1eco?partner=rss,https://www.jornada.com.mx/rss/edicion.xml,2025-11-18T09:26:16+00:00,-1.0,True,False,False,False,False,0.0,IRRELEVANTE,No,aspira el banco digital revolut a ser el whatsapp financiero de méxico,revolut el banco digital que en méxico ya inició su fase beta y a inicios de 2026 saldrá al mercado masivo tiene una meta clara convertirse en el whatsapp de las instituciones financieras es decir que cualquier persona con un teléfono celular sin importar su condición social abra una cuenta afirma su director general juan guerra,1.0,0.8569187350182114,madre asesinada méxico feminicidio tiros,188.0,0.8924003363227107,True,0,Feminicidio De Niñas Y Adolescentes En México (a Febrero De 2025) - Blog de datos e incidencia política de REDIM,Google News
Magú,LA MARCHA INFECTA · Magú,https://www.jornada.com.mx/2025/11/18/index.php?section=cartones&id=0&partner=rss,https://www.jornada.com.mx/rss/edicion.xml,2025-11-18T09:26:16+00:00,6.0,False,False,False,False,False,0.0,IRRELEVANTE,No,magú,la marcha infecta magú,4.0,0.562350191868703,víctimas feminicidio víctimas feminicidio hijos marcha,206.0,0.48020666184888094,False,-1,,
El Fisgón,BLOQUE NEGRO DEL 15-N · El Fisgón,https://www.jornada.com.mx/2025/11/18/index.php?section=cartones&id=1&partner=rss,https://www.jornada.com.mx/rss/edicion.xml,2025-11-18T09:26:16+00:00,0.0,False,False,False,False,False,0.0,IRRELEVANTE,No,el fisgón,bloque negro del 15 n el fisgón,6.0,0.6367740248526552,15 es negro senado menores edad,155.0,0.5233187320507705,False,-1,,
Rocha,ASALTO GENERACIONAL · Rocha,https://www.jornada.com.mx/2025/11/18/index.php?section=cartones&id=2&partner=rss,https://www.jornada.com.mx/rss/edicion.xml,2025-11-18T09:26:16+00:00,-1.0,False,False,False,False,False,0.0,IRRELEVANTE,No,rocha,asalto generacional rocha,2.0,0.5624930405170734,mundial asalto rica costa costa rica,163.0,0.553869478509851,False,-1,,
Hernández,PERO SUCIA EN SERIO · Hernández,https://www.jornada.com.mx/2025/11/18/index.php?section=cartones&id=3&partner=rss,https://www.jornada.com.mx/rss/edicion.xml,2025-11-18T09:26:16+00:00,0.0,False,False,False,False,False,0.0,IRRELEVANTE,No,hernández,pero sucia en serio hernández,0.0,0.5624619420825036,hernández colonia economista uso sexual,237.0,0.33572927550948944,False,-1,,
Javier Aguirre se disculpa con la afición,"Christian Mendoza Javier Aguirre , entrenador de la Selección Mexicana , externó un mensaje para la afición del Tricolor tras el negativo cierre de actividad en el 2025, con la derrota ante Paraguay (1-2), al tiempo que admitió que hay jugadores que no dan la talla. NO TE PIERDAS... Mundial 2026: Así se conforman los Bombos para el sorteo No hemos estado a la altura de las expectativas, agridulce año, pero gracias a la afición por su apoyo. Estuvo raro el ambiente, pero es un tema más de pasión que buen análisis, decirle a los aficionados que nos estamos preparando y para eso estamos jugando. Sería fácil pedir rivales a modo y vender la idea de que estamos ganando, pero es aquí que veo los tamaños que tienen los jugadores y viendo si valen la pena. Les hemos fallado este semestre, ha sido un año agridulce, hemos dado satisfacciones, pero nos caímos, gracias por su apoyo y nos vemos en enero”, refirió el estratega por los juegos amistosos que se buscan contra selecciones de Centroamérica. Con el tropiezo ante Paraguay , el Tricolor acarrea desde la conquista de Copa Oro 2025 una serie de seis amistosos sin ganar (cuatro empatados por dos perdidos), resultados que han generado abucheos por parte de los aficionados desde el empate sin goles ante Uruguay, el fin de semana en Torreón, Coahuila, y que se unen al malestar por guardametas sin minutos de acción ( Carlos Acevedo ). En ninguna circunstancia hay que criticar al público, no puedo hacerlo, no debo y no quiero hacerlo, porque son libres y hasta ahí. Después queda hablar con los jugadores, que muestren carácter, que es futbol y el que no está preparado para ser abucheado, criticado, no sirve para estar aquí. Yo creo que en este sentido, los tres porteros tuvieron una conducta ejemplar, tanto en Torreón como hoy en San Antonio. Los tres, cada uno en su papel, hay buena armonía, trabajaron bien y a la gente solamente respetar su opinión”, añadió también por las rechiflas contra el meta de las Águilas del América, Luis Ángel Malagón. Entre las sensaciones que dejó la derrota con los paraguayos, el Vasco Aguirre aseguró estar tranquilo, pero consciente del camino por recorrer, para llegar en el plan ideal a la Copa del Mundo 2026, en la que México es anfitrión junto con Estados Unidos y Canadá. Tranquilo nunca puedes estar cuando no ganas, veo cosas que no me gustan y piensas que las tienes superadas, pero te das cuenta con el resultado negativo que no siempre, buscamos rescatar cosas en líneas individuales o la derrota nos enseña que no estamos listos, vamos por el camino correcto, pero todavía no estamos donde quisiéramos. El resultado no me gustó, definitivamente puedo ser más abultado ya en el desorden, en ese afán de empatar, regalamos espacios y ya no fuimos un equipo reconocible en el sentido de que siempre somos un equipo ordenado”. Sobre las individualidades, Aguirre se reservó los señalamientos , pero sí manifestó su decepción. No voy a individualizar, no debo hacerlo. Pero está claro que hay jugadores que han demostrado que pueden y quieren y otros que quieren, pero quizás no puede o no les alcanza. De eso se trata, de seguir buscando la forma para concretar la salidas de balón, esta última fecha FIFA nos permitió llevar el balón con cierto criterio al último tercio, nos está faltando mayor capacidad y mayor personalidad, mayor determinación, quizá para generar más peligro, porque llegas mano a mano y te regresas, tiras un centro atrás y es ahí donde necesitamos, es donde se ve esa carencia en el último tercio y no hemos estado bien”, reconoció. LAMENTA PANORAMA DE COMPATRIOTAS Javier Aguirre también se dijo solidario con sus homólogos y compatriotas Miguel Herrera (Costa Rica) y Luis Fernando Tena (Guatemala), quienes no consiguieron clasificar a sus selecciones a la Copa del Mundo 2026 . Triste por Miguel Herrera, triste por el Flaco Tena, me hacía mucha ilusión verlos en el máximo evento de futbol. Miguel ya tuvo experiencia en el Mundial, lo hizo muy bien a mi juicio, el Flaco lo merecía por toda esa trayectoria de tantísimo años, más de 30 que yo recuerde, merecía un premio. Hablé con ellos, porque es una profesión bastante dura la nuestra. Les mando un abrazo, hemos estado en las buenas y malas y me dolió mucho”. BFG Contenidos Relacionados: Concacaf da históricos boletos al Mundial a Curazao, Panamá y Haití México pierde contra Paraguay y suma 6 partidos sin triunfo Todos los resultados de la Selección Mexicana en 2025",https://www.excelsior.com.mx/adrenalina/javier-aguirre-se-disculpa-con-la-aficion/1752458,https://www.excelsior.com.mx/rss.xml,2025-11-19T05:17:03+00:00,3.0,False,False,False,False,False,0.0,IRRELEVANTE,No,javier aguirre se disculpa con la afición,christian mendoza javier aguirre entrenador de la selección mexicana externó un mensaje para la afición del tricolor tras el negativo cierre de actividad en el 2025 con la derrota ante paraguay 1 2 al tiempo que admitió que hay jugadores que no dan la talla no te pierdas mundial 2026 así se conforman los bombos para el sorteo no hemos estado a la altura de las expectativas agridulce año pero gracias a la afición por su apoyo estuvo raro el ambiente pero es un tema más de pasión que buen análisis decirle a los aficionados que nos estamos preparando y para eso estamos jugando sería fácil pedir rivales a modo y vender la idea de que estamos ganando pero es aquí que veo los tamaños que tienen los jugadores y viendo si valen la pena les hemos fallado este semestre ha sido un año agridulce hemos dado satisfacciones pero nos caímos gracias por su apoyo y nos vemos en enero refirió el estratega por los juegos amistosos que se buscan contra selecciones de centroamérica con el tropiezo ante paraguay el tricolor acarrea desde la conquista de copa oro 2025 una serie de seis amistosos sin ganar cuatro empatados por dos perdidos resultados que han generado abucheos por parte de los aficionados desde el empate sin goles ante uruguay el fin de semana en torreón coahuila y que se unen al malestar por guardametas sin minutos de acción carlos acevedo en ninguna circunstancia hay que criticar al público no puedo hacerlo no debo y no quiero hacerlo porque son libres y hasta ahí después queda hablar con los jugadores que muestren carácter que es futbol y el que no está preparado para ser abucheado criticado no sirve para estar aquí yo creo que en este sentido los tres porteros tuvieron una conducta ejemplar tanto en torreón como hoy en san antonio los tres cada uno en su papel hay buena armonía trabajaron bien y a la gente solamente respetar su opinión añadió también por las rechiflas contra el meta de las águilas del américa luis ángel malagón entre las sensaciones que dejó la derrota con los paraguayos el vasco aguirre aseguró estar tranquilo pero consciente del camino por recorrer para llegar en el plan ideal a la copa del mundo 2026 en la que méxico es anfitrión junto con estados unidos y canadá tranquilo nunca puedes estar cuando no ganas veo cosas que no me gustan y piensas que las tienes superadas pero te das cuenta con el resultado negativo que no siempre buscamos rescatar cosas en líneas individuales o la derrota nos enseña que no estamos listos vamos por el camino correcto pero todavía no estamos donde quisiéramos el resultado no me gustó definitivamente puedo ser más abultado ya en el desorden en ese afán de empatar regalamos espacios y ya no fuimos un equipo reconocible en el sentido de que siempre somos un equipo ordenado sobre las individualidades aguirre se reservó los señalamientos pero sí manifestó su decepción no voy a individualizar no debo hacerlo pero está claro que hay jugadores que han demostrado que pueden y quieren y otros que quieren pero quizás no puede o no les alcanza de eso se trata de seguir buscando la forma para concretar la salidas de balón esta última fecha fifa nos permitió llevar el balón con cierto criterio al último tercio nos está faltando mayor capacidad y mayor personalidad mayor determinación quizá para generar más peligro porque llegas mano a mano y te regresas tiras un centro atrás y es ahí donde necesitamos es donde se ve esa carencia en el último tercio y no hemos estado bien reconoció lamenta panorama de compatriotas javier aguirre también se dijo solidario con sus homólogos y compatriotas miguel herrera costa rica y luis fernando tena guatemala quienes no consiguieron clasificar a sus selecciones a la copa del mundo 2026 triste por miguel herrera triste por el flaco tena me hacía mucha ilusión verlos en el máximo evento de futbol miguel ya tuvo experiencia en el mundial lo hizo muy bien a mi juicio el flaco lo merecía por toda esa trayectoria de tantísimo años más de 30 que yo recuerde merecía un premio hablé con ellos porque es una profesión bastante dura la nuestra les mando un abrazo hemos estado en las buenas y malas y me dolió mucho bfg contenidos relacionados concacaf da históricos boletos al mundial a curazao panamá y haití méxico pierde contra paraguay y suma 6 partidos sin triunfo todos los resultados de la selección mexicana en 2025,6.0,0.9449767010758767,15 es negro senado menores edad,178.0,0.4607695320268291,False,-1,,
¿Miguel Herrera se va de Costa Rica tras el fracaso?,"Carlos Barrón Con todo puesto, en la clasificatoria de Concacaf más sencilla de la historia, con la Selección de mayor nivel de Centroamérica y con el Mundial en su país de origen, Miguel Herrera no pudo con el paquete y dejó fuera a Costa Rica de la copa del Mundo en Norteamérica. El Piojo, desde ahora una persona no querida en Costa Rica, con una tremenda mezcla de dolor y al borde de las lágrimas, ha dejado abierta la decisión de la Federación de Costa Rica para finiquitar su contrato y aunque no lo dijo, prepara maletas pensando en lo que viene, quizá para él, ya fuera de la dirección técnica. Costa Rica quedó como tercera de un grupo que compartió con Haití, que finalmente se llevó el pase al Mundial. Honduras y Nicaragua, junto a ellos, se han quedado excluídos de la fiesta final. Aceptó que este ha sido un golpe casi fulminanbte para su carrera en la que piensa seguir trabajando más duro, pero con la incertidumbre de si tendrá alguna otra oportunidad. Nunca había tenido un fracaso como esté, es una situación que no puedo describir. Sin embargo estoy orgulloso del grupo de jugadores que me encontré, doy gracias por haberlos dirigido, pero esto es futbol"". Herrera recomendó a la gente en Costa Rica que es mejor mirar para adelante y olvidar todo esto que fue un proyecto erróneo. Que para él y ellos es mejor pensar en lo que viene para resarcir pronto el dolor. ""Estaba ilusionado de dirigir a Costa Rica, pero no cumplimos el objetivo, aunque hay que pensar que esto es futbol. Me llevo la responsabilidad como lo dije desde que llegué a este país, es mi culpa todo lo que pasó"". Herrera no pudo sacar lustre a lo último de una generación que se fue transformando desde la histórica presentación en Brasil 2014 en la que llegaron a cuartos de final y que siguió en Rusia y Qatar. Primero apostó a un cambio de jugadores, pero después, por recomendación de los federativos echó mano de los veteranos, entre los que estaba Keylor Navas y Celso Borges que no tenían el mismo nivel. ""Es la primera vez que me encuentro en un fracaso tan grande en mis 23 años de carrera. Ya acepté que estamos eliminados, lo hablé con los muchachos en el vestuario, simplemente no pudimos, traigo una amargura muy grande"". TE RECOMENDAMOS LEER: ¡Fracaso! 'Piojo' Herrera y Costa Rica no van al Mundial 2026 Contenidos Relacionados: Miguel Herrera estalla ante la prensa tica tras derrota: cuestionan su continuidad en Costa Rica ¡Fracaso! 'Piojo' Herrera y Costa Rica no van al Mundial 2026 'Piojo' Herrera da la cara por jugadores de Costa Rica",https://www.excelsior.com.mx/adrenalina/miguel-herrera-se-va-de-costa-rica-tras-el-fracaso-en-eliminatoria/1752457,https://www.excelsior.com.mx/rss.xml,2025-11-19T05:13:52+00:00,3.0,False,False,False,False,False,0.0,IRRELEVANTE,No,miguel herrera se va de costa rica tras el fracaso,carlos barrón con todo puesto en la clasificatoria de concacaf más sencilla de la historia con la selección de mayor nivel de centroamérica y con el mundial en su país de origen miguel herrera no pudo con el paquete y dejó fuera a costa rica de la copa del mundo en norteamérica el piojo desde ahora una persona no querida en costa rica con una tremenda mezcla de dolor y al borde de las lágrimas ha dejado abierta la decisión de la federación de costa rica para finiquitar su contrato y aunque no lo dijo prepara maletas pensando en lo que viene quizá para él ya fuera de la dirección técnica costa rica quedó como tercera de un grupo que compartió con haití que finalmente se llevó el pase al mundial honduras y nicaragua junto a ellos se han quedado excluídos de la fiesta final aceptó que este ha sido un golpe casi fulminanbte para su carrera en la que piensa seguir trabajando más duro pero con la incertidumbre de si tendrá alguna otra oportunidad nunca había tenido un fracaso como esté es una situación que no puedo describir sin embargo estoy orgulloso del grupo de jugadores que me encontré doy gracias por haberlos dirigido pero esto es futbol herrera recomendó a la gente en costa rica que es mejor mirar para adelante y olvidar todo esto que fue un proyecto erróneo que para él y ellos es mejor pensar en lo que viene para resarcir pronto el dolor estaba ilusionado de dirigir a costa rica pero no cumplimos el objetivo aunque hay que pensar que esto es futbol me llevo la responsabilidad como lo dije desde que llegué a este país es mi culpa todo lo que pasó herrera no pudo sacar lustre a lo último de una generación que se fue transformando desde la histórica presentación en brasil 2014 en la que llegaron a cuartos de final y que siguió en rusia y qatar primero apostó a un cambio de jugadores pero después por recomendación de los federativos echó mano de los veteranos entre los que estaba keylor navas y celso borges que no tenían el mismo nivel es la primera vez que me encuentro en un fracaso tan grande en mis 23 años de carrera ya acepté que estamos eliminados lo hablé con los muchachos en el vestuario simplemente no pudimos traigo una amargura muy grande te recomendamos leer fracaso piojo herrera y costa rica no van al mundial 2026 contenidos relacionados miguel herrera estalla ante la prensa tica tras derrota cuestionan su continuidad en costa rica fracaso piojo herrera y costa rica no van al mundial 2026 piojo herrera da la cara por jugadores de costa rica,2.0,0.9110106049470166,mundial asalto rica costa costa rica,152.0,0.31647697261644736,False,-1,,
Mundial 2026: Así se conforman los Bombos para el sorteo,"Bernardo Ferreira El sorteo del Mundial 2026 se llevará a cabo el 5 de diciembre, día para el que las 42 selecciones calificadas a la justa conocerán su destino; la Selección Mexicana será cabeza de serie en el Grupo A ; así quedaron conformados los cuatro Bombos. NO TE PIERDAS: Todos los calificados al Mundial 2026 Cada una de las selecciones enfrentará a un rival por Bombo durante la Fase de Grupos , por lo que terminarán disputando un total de 3 compromisos, mismos que servirán para definir cuáles son las 32 selecciones que avanzarán a la Segunda Ronda (16avos de Final) y cuáles son las 16 que terminarán su participación de manera temprana. Ver esta publicación en Instagram Una publicación compartida de FIFA World Cup (@fifaworldcup) Así quedaron conformados los 4 bombos a falta de 6 países por unirse al Mundial 2026 , mismos que se terminarán por conocer en el mes de marzo : BOMBO 1 De las 48 selecciones calificadas , hasta antes del sorteo del Mundial 2026, solamente los anfitriones cuentan con sus posiciones y Grupos asignados , mismos que serán confirmados durante el evento a realizarse el próximo viernes 5 de diciembre: - México (A1). - Canadá (B1). - Estados Unidos (D1). - España. - Argentina. - Francia. - Inglaterra. - Brasil. - Portugal. - Países Bajos. - Bélgica - Alemania. BOMBO 2 Los siguientes países en el Ranking FIFA son: - Croacia. - Marruecos. - Colombia. - Uruguay. - Suiza. - Japón. - Senegal. - Irán. - Corea del Sur. - Austria. - Ecuador. - Australia. BOMBO 3 El Bombo 3 está comandado por Noruega , quienes podrían convertirse en el ‘ caballo negro ’ del Mundial 2026 con Erling Haaland como estandarte: - Noruega. - Panamá. - Egipto. - Argelia. - Paraguay. - Túnez. - Escocia. - Costa de Marfil. - Qatar. - Uzbekistán. - Arabia Saudita. - Sudáfrica. BOMBO 4 Finalmente, en caso de conseguir su boleto al Mundial, Italia se convertiría en el país con mejor Ranking FIFA en este Bombo, mismo que –de haber calificado directo- le permitiría ser cabeza de serie : - Jordania. - Cabo Verde. - Ghana. - Curazao. - Haití. - Nueva Zelanda. - Repechaje UEFA 1. - Repechaje UEFA 2. - Repechaje UEFA 3. - Repechaje UEFA 4. - Repechaje Intercontinental 1. - Repechaje Intercontinental 2. Ver esta publicación en Instagram Una publicación compartida de FIFA World Cup (@fifaworldcup) BFG Contenidos Relacionados: Mundial 2026: Los 12 países 'cabezas de serie' para el sorteo México pierde contra Paraguay y suma 6 partidos sin triunfo El calendario de la Selección Mexicana en el 2026 antes del Mundial",https://www.excelsior.com.mx/adrenalina/mundial-2026-asi-se-conforman-los-bombos-para-el-sorteo/1752456,https://www.excelsior.com.mx/rss.xml,2025-11-19T05:05:46+00:00,3.0,False,False,False,False,False,0.0,IRRELEVANTE,No,mundial 2026 así se conforman los bombos para el sorteo,bernardo ferreira el sorteo del mundial 2026 se llevará a cabo el 5 de diciembre día para el que las 42 selecciones calificadas a la justa conocerán su destino la selección mexicana será cabeza de serie en el grupo a así quedaron conformados los cuatro bombos no te pierdas todos los calificados al mundial 2026 cada una de las selecciones enfrentará a un rival por bombo durante la fase de grupos por lo que terminarán disputando un total de 3 compromisos mismos que servirán para definir cuáles son las 32 selecciones que avanzarán a la segunda ronda 16avos de final y cuáles son las 16 que terminarán su participación de manera temprana ver esta publicación en instagram una publicación compartida de fifa world cup fifaworldcup así quedaron conformados los 4 bombos a falta de 6 países por unirse al mundial 2026 mismos que se terminarán por conocer en el mes de marzo bombo 1 de las 48 selecciones calificadas hasta antes del sorteo del mundial 2026 solamente los anfitriones cuentan con sus posiciones y grupos asignados mismos que serán confirmados durante el evento a realizarse el próximo viernes 5 de diciembre méxico a1 canadá b1 estados unidos d1 españa argentina francia inglaterra brasil portugal países bajos bélgica alemania bombo 2 los siguientes países en el ranking fifa son croacia marruecos colombia uruguay suiza japón senegal irán corea del sur austria ecuador australia bombo 3 el bombo 3 está comandado por noruega quienes podrían convertirse en el caballo negro del mundial 2026 con erling haaland como estandarte noruega panamá egipto argelia paraguay túnez escocia costa de marfil qatar uzbekistán arabia saudita sudáfrica bombo 4 finalmente en caso de conseguir su boleto al mundial italia se convertiría en el país con mejor ranking fifa en este bombo mismo que de haber calificado directo le permitiría ser cabeza de serie jordania cabo verde ghana curazao haití nueva zelanda repechaje uefa 1 repechaje uefa 2 repechaje uefa 3 repechaje uefa 4 repechaje intercontinental 1 repechaje intercontinental 2 ver esta publicación en instagram una publicación compartida de fifa world cup fifaworldcup bfg contenidos relacionados mundial 2026 los 12 países cabezas de serie para el sorteo méxico pierde contra paraguay y suma 6 partidos sin triunfo el calendario de la selección mexicana en el 2026 antes del mundial,2.0,0.930288845971446,mundial asalto rica costa costa rica,208.0,0.3754785146649427,False,-1,,
Cristiano Ronaldo aparece en cena de Trump y bin Salman en la Casa Blanca,"Jesús Velasco Cristiano Ronaldo robó la escena en la Casa Blanca la noche del martes cuando apareció en una cena ofrecida por el presidente de los Estados Unidos, Donald Trump , al príncipe heredero de Arabia Saudita, Mohammed bin Salman , en el marco de la visita del líder saudí a Washington. La presencia del astro portugués se había rumorado desde horas antes y se esperaba tuviera una reunión privada con el mandatario de Estados Unidos, aunque la Casa Blanca no confirmó este encuentro. Lo que sí sucedió fue su presencia en la noche donde robó las miradas y la atención de Trump quien dirigió palabras al portugués durante su discurso de bienvenida, subrayando —en tono humorístico— que su aparición en la velada incluso podría mejorar la imagen paterna ante su hijo menor, Barron, quien parece tener una admiración por el lusitano. “Esta sala está llena de los más grandes líderes del mundo, tanto de negocios como del deporte, y mi hijo es un gran fanático de Ronaldo. Sé que Ronaldo está aquí. Barron lo va a conocer y creo que respetará a su padre un poquito más después de que se lo presente. Por eso quiero agradecerle mucho a Ronaldo”, expresó Trump ante los micrófonos. La presencia del delantero del Al-Nassr , quien tiene contrato con el club saudí hasta 2027, se produjo mientras Washington busca estrechar lazos con Riad y en un momento clave para bin Salman, quien intenta mejorar su imagen internacional tras el asesinato en 2018 del periodista Jamal Khashoggi, residente en Estados Unidos. Cristiano Ronaldo se ha convertido en el emblema de lo atractivo que puede ser el deporte árabe y su liga donde otras estrellas han militado gracias a los contratos millonarios que pueden obtener. Durante el evento se tomó una foto donde estaba su futura esposa y actual pareja, Georgina Rodríguez, el presidente de la FIFA, Gianni Infantino, así como el multimillonario Elon Musk. Ronaldo, con más de 950 goles entre su carrera de clubes y la selección portuguesa, ya había expresado recientemente en una entrevista con el periodista Piers Morgan su interés por conocer a Trump, a quien reconoció por su trayectoria empresarial y política. La cena formó parte del primer encuentro formal entre un presidente estadunidense y un miembro de la realeza saudí en más de ocho décadas, subrayando el peso geopolítico del acercamiento entre ambos países. Contenidos Relacionados: Paulinho haría mancuerna con Cristiano Ronaldo en Portugal Trump: Arabia Saudita es ""increíble"" en materia de derechos humanos",https://www.excelsior.com.mx/adrenalina/cristiano-ronaldo-cena-casa-blanca-donald-trump-mohammed-bin-salman/1752455,https://www.excelsior.com.mx/rss.xml,2025-11-19T05:03:44+00:00,-1.0,False,False,True,False,False,0.15,IRRELEVANTE,Si,cristiano ronaldo aparece en cena de trump y bin salman en la casa blanca,jesús velasco cristiano ronaldo robó la escena en la casa blanca la noche del martes cuando apareció en una cena ofrecida por el presidente de los estados unidos donald trump al príncipe heredero de arabia saudita mohammed bin salman en el marco de la visita del líder saudí a washington la presencia del astro portugués se había rumorado desde horas antes y se esperaba tuviera una reunión privada con el mandatario de estados unidos aunque la casa blanca no confirmó este encuentro lo que sí sucedió fue su presencia en la noche donde robó las miradas y la atención de trump quien dirigió palabras al portugués durante su discurso de bienvenida subrayando en tono humorístico que su aparición en la velada incluso podría mejorar la imagen paterna ante su hijo menor barron quien parece tener una admiración por el lusitano esta sala está llena de los más grandes líderes del mundo tanto de negocios como del deporte y mi hijo es un gran fanático de ronaldo sé que ronaldo está aquí barron lo va a conocer y creo que respetará a su padre un poquito más después de que se lo presente por eso quiero agradecerle mucho a ronaldo expresó trump ante los micrófonos la presencia del delantero del al nassr quien tiene contrato con el club saudí hasta 2027 se produjo mientras washington busca estrechar lazos con riad y en un momento clave para bin salman quien intenta mejorar su imagen internacional tras el asesinato en 2018 del periodista jamal khashoggi residente en estados unidos cristiano ronaldo se ha convertido en el emblema de lo atractivo que puede ser el deporte árabe y su liga donde otras estrellas han militado gracias a los contratos millonarios que pueden obtener durante el evento se tomó una foto donde estaba su futura esposa y actual pareja georgina rodríguez el presidente de la fifa gianni infantino así como el multimillonario elon musk ronaldo con más de 950 goles entre su carrera de clubes y la selección portuguesa ya había expresado recientemente en una entrevista con el periodista piers morgan su interés por conocer a trump a quien reconoció por su trayectoria empresarial y política la cena formó parte del primer encuentro formal entre un presidente estadunidense y un miembro de la realeza saudí en más de ocho décadas subrayando el peso geopolítico del acercamiento entre ambos países contenidos relacionados paulinho haría mancuerna con cristiano ronaldo en portugal trump arabia saudita es increíble en materia de derechos humanos,1.0,0.9193053764206018,madre asesinada méxico feminicidio tiros,237.0,0.5797985880376173,False,-1,,
"Enchina la piel, el himno de Escocia que regresa al Mundial","Carlos Barrón La última vez que Escocia estuvo en un Mundial fue en Francia 1998 en donde se quedó relegada a la primera fase en un grupo compartido con Brasil. Marruecos y Noruega. El regreso por tanto, no podía ser más que dramático con un gol sobre el tiempo de compensación en el partido ante Dinamarca que volvió a enloquecer a su gente por culpa del futbol. TE PUEDE INTERESAR: Escocia vuelve al Mundial tras 28 años de ausencia Además de eso, el equipo escocés pasó al comentario popular por la pasión con la que entonan su himno. The flower of the Scotland es tan penetrante  que cualquiera se doblega ante los sonidos de las gaitas. Desde el estreno ante la República Checa en junio pasado, en Hampden Park, hubo cierta emoción por este equipo que había llegado a la fase última de la clasificación. La cantante Amy McDonald había señalado que era una sensación especial cantar el himno en la cancha en un momento en que el futbol escocés parece despertar de un largo y duro letargo de más de dos décadas. Para todos mis amigos internacionales, canté el himno muchas veces en múltiples partidos de clasificación. Desafortunadamente, nunca logramos pasar a la fase final. Este es el primer torneo al que llegamos en 23 años, por eso significa tanto"". La interpretación de The Flower of the Scotland va cargada de un simbolismo nacional. Escocia quiere despertar los viejos fantasmas del futbol, ése que siempre han practicado a la par del rugby, pero del que descorazonadamente se han quedado atrás. El retorno de Escocia en su imperio va de la mano con un momento político álgido y la expresión de una nueva generación que tiene en sus manos un cambio de rumbo en lo deportivo. El último partido ante Dinamarca fue lo mismo . La ceremonia de apertura del juego estuvo sobrecargada de emoción por el cántico de los aficionados y la música de gaitas que termino siendo inspiradora y vigorizante. The flower of the Scotland es un canto que han aceptado en los partidos de rugby y una heraldica para sus equipos. Fue compuesta a mediados de los años 60 por Roy Williamson, integrante del grupo Folk The Corries que hace referencia a la victoria sobre las huestes del rey Eduardo II en 1314. Contenidos Relacionados: Escocia vuelve al Mundial tras 28 años de ausencia Efráin Juárez es pretendido por el Celtic de Escocia David contra Goliat: Hearts sueñan con acabar 40 años de hegemonía en Escocia",https://www.excelsior.com.mx/adrenalina/enchina-la-piel-el-himno-de-escocia-que-regresa-al-mundial/1752454,https://www.excelsior.com.mx/rss.xml,2025-11-19T04:32:09+00:00,-1.0,False,False,False,False,False,0.0,IRRELEVANTE,No,enchina la piel el himno de escocia que regresa al mundial,carlos barrón la última vez que escocia estuvo en un mundial fue en francia 1998 en donde se quedó relegada a la primera fase en un grupo compartido con brasil marruecos y noruega el regreso por tanto no podía ser más que dramático con un gol sobre el tiempo de compensación en el partido ante dinamarca que volvió a enloquecer a su gente por culpa del futbol te puede interesar escocia vuelve al mundial tras 28 años de ausencia además de eso el equipo escocés pasó al comentario popular por la pasión con la que entonan su himno the flower of the scotland es tan penetrante que cualquiera se doblega ante los sonidos de las gaitas desde el estreno ante la república checa en junio pasado en hampden park hubo cierta emoción por este equipo que había llegado a la fase última de la clasificación la cantante amy mcdonald había señalado que era una sensación especial cantar el himno en la cancha en un momento en que el futbol escocés parece despertar de un largo y duro letargo de más de dos décadas para todos mis amigos internacionales canté el himno muchas veces en múltiples partidos de clasificación desafortunadamente nunca logramos pasar a la fase final este es el primer torneo al que llegamos en 23 años por eso significa tanto la interpretación de the flower of the scotland va cargada de un simbolismo nacional escocia quiere despertar los viejos fantasmas del futbol ése que siempre han practicado a la par del rugby pero del que descorazonadamente se han quedado atrás el retorno de escocia en su imperio va de la mano con un momento político álgido y la expresión de una nueva generación que tiene en sus manos un cambio de rumbo en lo deportivo el último partido ante dinamarca fue lo mismo la ceremonia de apertura del juego estuvo sobrecargada de emoción por el cántico de los aficionados y la música de gaitas que termino siendo inspiradora y vigorizante the flower of the scotland es un canto que han aceptado en los partidos de rugby y una heraldica para sus equipos fue compuesta a mediados de los años 60 por roy williamson integrante del grupo folk the corries que hace referencia a la victoria sobre las huestes del rey eduardo ii en 1314 contenidos relacionados escocia vuelve al mundial tras 28 años de ausencia efráin juárez es pretendido por el celtic de escocia david contra goliat hearts sueñan con acabar 40 años de hegemonía en escocia,2.0,0.921173443117157,mundial asalto rica costa costa rica,215.0,0.4102147363625181,False,-1,,
Cortocircuito provoca conato de incendio en la Miguel Hidalgo,"Un cortocircuito dentro del tendido eléctrico de unas oficinas, en el primer piso del edificio marcado con el número 132 de la calle Monte Elbrus, casi esquina con anillo Periférico, en la colonia Chapultepec Morales en la alcaldía Miguel Hidalgo, movilizó a los servicios de emergencia. Al percatarse que el humo color negro salía de puertas y ventanas del departamento, que es habilitado como oficinas, los vecinos llamaron al número de emergencia 911 y de inmediato se presentaron tres unidades del Heroico Cuerpo de Bomberos, ambulancias de la Cruz Roja y personal de Protección Civil de la alcaldía Miguel Hidalgo. Los bomberos rompieron el vidrio de una ventana para ingresar al departamento y controlar el incendio, que pudo haberse originado por el sobrecalentamiento de los cables eléctricos. Durante la emergencia, algunos vecinos salieron de sus domicilios mientras los bomberos controlaban la emergencia. Luego de 40 minutos, los bomberos controlaron la emergencia y se retiraron del lugar. *DRR* Contenidos Relacionados: Bomberos sofocan incendio en auto híbrido en Periférico Incendio en Teotihuacán, cerca de Pirámide de la Luna Se registra conato de incendio en pantalla de AICM",https://www.excelsior.com.mx/comunidad/conato-incendio-monte-elbrus-chapultepec-morales/1752453,https://www.excelsior.com.mx/rss.xml,2025-11-19T04:31:24+00:00,-1.0,True,False,False,False,False,0.0,IRRELEVANTE,No,cortocircuito provoca conato de incendio en la miguel hidalgo,un cortocircuito dentro del tendido eléctrico de unas oficinas en el primer piso del edificio marcado con el número 132 de la calle monte elbrus casi esquina con anillo periférico en la colonia chapultepec morales en la alcaldía miguel hidalgo movilizó a los servicios de emergencia al percatarse que el humo color negro salía de puertas y ventanas del departamento que es habilitado como oficinas los vecinos llamaron al número de emergencia 911 y de inmediato se presentaron tres unidades del heroico cuerpo de bomberos ambulancias de la cruz roja y personal de protección civil de la alcaldía miguel hidalgo los bomberos rompieron el vidrio de una ventana para ingresar al departamento y controlar el incendio que pudo haberse originado por el sobrecalentamiento de los cables eléctricos durante la emergencia algunos vecinos salieron de sus domicilios mientras los bomberos controlaban la emergencia luego de 40 minutos los bomberos controlaron la emergencia y se retiraron del lugar drr contenidos relacionados bomberos sofocan incendio en auto híbrido en periférico incendio en teotihuacán cerca de pirámide de la luna se registra conato de incendio en pantalla de aicm,1.0,0.8986036442225206,madre asesinada méxico feminicidio tiros,192.0,0.39290510928384265,False,-1,,
Mejor uso de vacunas podría reducir un 22% consumo anual de antibióticos,"JC Ponce/Europa Press El Grupo de Trabajo de Vacunas y Resistencias Antibióticas de la Asociación Española de Vacunología (AEV) resaltó este martes que un mejor uso de las vacunas podría reducir un 22 por ciento el consumo anual de antibióticos, al prevenir enfermedades que requieran del uso de este tipo de medicamentos. ""Además, permiten reducir significativamente el consumo de antibióticos y proteger a las poblaciones más vulnerables"", mencionaron los especialistas de la AEV, quienes han insistido en la necesidad de reforzar los programas de inmunización, y de sensibilizar tanto a profesionales sanitarios como a la población general sobre el papel de las vacunas en la lucha contra las resistencias a los antimicrobianos. Con motivo del Día Europeo para el Uso Prudente de los Antibióticos, manifestaron que la prevención de infecciones cobra especial relevancia en un momento de preocupación por el aumento global de las resistencias antimicrobianas, una amenaza para la salud pública que ya causa 1.1 millones de muertes anuales. Los expertos también advirtieron que estas resistencias ya están presentes en una de cada seis infecciones bacterianas diagnosticadas en el laboratorio, lo que ""compromete la eficacia de los tratamientos habituales y supone una grave amenaza para la salud pública"". ""Solo mediante un enfoque integral que incluya la vacunación es posible contener esta creciente amenaza para la salud global"", expresaron desde la organización. Asimismo, hicieron énfasis en que la prevención de enfermedades y la reducción del uso de antibióticos pasa por tomar otras medidas como hacer un uso responsable de estos fármacos, poniendo como ejemplo algunos programas de optimización, que han permitido reducir su consumo hasta en un 40 por ciento, lo que ayuda a preservar su efectividad y proteger la salud pública. Otras intervenciones de control de infección, incluido el lavado de manos, pueden igualmente reducir las resistencias a antibióticos y las infecciones asociadas a la atención hospitalaria hasta en un 70 por ciento. jcp Contenidos Relacionados: Vacunarte contra la gripe podría salvarte de un infarto Vacunación en CU se extenderá un día, pero solo para rezagados IMSS aplicó más de 3 millones de vacunas contra influenza, covid y neumococo en un mes",https://www.excelsior.com.mx/nacional/mejor-uso-de-vacunas-podria-reducir-un-22-consumo-anual-de-antibioticos/1752452,https://www.excelsior.com.mx/rss.xml,2025-11-19T04:29:50+00:00,-1.0,False,False,False,False,False,0.0,IRRELEVANTE,No,mejor uso de vacunas podría reducir un 22 consumo anual de antibióticos,jc ponce europa press el grupo de trabajo de vacunas y resistencias antibióticas de la asociación española de vacunología aev resaltó este martes que un mejor uso de las vacunas podría reducir un 22 por ciento el consumo anual de antibióticos al prevenir enfermedades que requieran del uso de este tipo de medicamentos además permiten reducir significativamente el consumo de antibióticos y proteger a las poblaciones más vulnerables mencionaron los especialistas de la aev quienes han insistido en la necesidad de reforzar los programas de inmunización y de sensibilizar tanto a profesionales sanitarios como a la población general sobre el papel de las vacunas en la lucha contra las resistencias a los antimicrobianos con motivo del día europeo para el uso prudente de los antibióticos manifestaron que la prevención de infecciones cobra especial relevancia en un momento de preocupación por el aumento global de las resistencias antimicrobianas una amenaza para la salud pública que ya causa 1 1 millones de muertes anuales los expertos también advirtieron que estas resistencias ya están presentes en una de cada seis infecciones bacterianas diagnosticadas en el laboratorio lo que compromete la eficacia de los tratamientos habituales y supone una grave amenaza para la salud pública solo mediante un enfoque integral que incluya la vacunación es posible contener esta creciente amenaza para la salud global expresaron desde la organización asimismo hicieron énfasis en que la prevención de enfermedades y la reducción del uso de antibióticos pasa por tomar otras medidas como hacer un uso responsable de estos fármacos poniendo como ejemplo algunos programas de optimización que han permitido reducir su consumo hasta en un 40 por ciento lo que ayuda a preservar su efectividad y proteger la salud pública otras intervenciones de control de infección incluido el lavado de manos pueden igualmente reducir las resistencias a antibióticos y las infecciones asociadas a la atención hospitalaria hasta en un 70 por ciento jcp contenidos relacionados vacunarte contra la gripe podría salvarte de un infarto vacunación en cu se extenderá un día pero solo para rezagados imss aplicó más de 3 millones de vacunas contra influenza covid y neumococo en un mes,0.0,0.9065312596934115,hernández colonia economista uso sexual,195.0,0.34528395223130304,False,-1,,
Abandonan cadáveres en carretera de San Luis Potosí,"Omar Hernández Un fuerte operativo policiaco se registró este martes en el municipio de Ahualulco en San Luis Potosí, luego de que pobladores de la comunidad Paso Blanco reportaran a las autoridades el hallazgo de dos cadáveres a un costado de la carretera que da acceso a esta población rural. La Fiscalía General del Estado de San Luis Potosí confirmó el homicidio de dos personas cuyos cuerpos fueron localizados cerca de la entrada principal de la comunidad de Paso Blanco. La dependencia informó que se realizan diversas acciones de investigación para esclarecer los hechos que derivaron en la muerte de ambas víctimas, quienes aún no han sido identificadas. La Fiscalía indicó que mantiene abiertas varias líneas de investigación y continuará con las diligencias necesarias para avanzar en el esclarecimiento del caso. Detienen a mujer por matar a un hombre en San Luis Potosí La Fiscalía de San Luis Potosí informó que agentes del Ministerio Público presentarán ante un Juez de control a Daniela “N”, quien fue detenida en flagrancia después de que, presuntamente, causó una lesión con arma blanca a un hombre en el fraccionamiento Español, en la capital potosina. La víctima fue trasladada a un hospital para recibir atención médica; sin embargo, perdió la vida a consecuencia de la herida provocada. La detención de la señalada fue realizada por elementos de la Guardia Civil Estatal (GCE), quienes la pusieron a disposición de esta institución para la integración de la carpeta de investigación correspondiente. La Fiscalía de San Luis Potosí dará seguimiento puntual al caso y continuará con las acciones legales necesarias para el esclarecimiento de los hechos. JCS Contenidos Relacionados: Asesinan a alumno en San Luis Potosí durante asalto afuera de su escuela Mujer alterada irrumpe en secundaria y genera pánico en San Luis Potosí | VIDEO FGE investigará y perseguirá de oficio acto de rapiña de cerdos en SLP",https://www.excelsior.com.mx/nacional/abandonan-cadaveres-en-carretera-de-san-luis-potosi/1752451,https://www.excelsior.com.mx/rss.xml,2025-11-19T04:29:49+00:00,-1.0,True,False,False,False,False,0.0,IRRELEVANTE,No,abandonan cadáveres en carretera de san luis potosí,omar hernández un fuerte operativo policiaco se registró este martes en el municipio de ahualulco en san luis potosí luego de que pobladores de la comunidad paso blanco reportaran a las autoridades el hallazgo de dos cadáveres a un costado de la carretera que da acceso a esta población rural la fiscalía general del estado de san luis potosí confirmó el homicidio de dos personas cuyos cuerpos fueron localizados cerca de la entrada principal de la comunidad de paso blanco la dependencia informó que se realizan diversas acciones de investigación para esclarecer los hechos que derivaron en la muerte de ambas víctimas quienes aún no han sido identificadas la fiscalía indicó que mantiene abiertas varias líneas de investigación y continuará con las diligencias necesarias para avanzar en el esclarecimiento del caso detienen a mujer por matar a un hombre en san luis potosí la fiscalía de san luis potosí informó que agentes del ministerio público presentarán ante un juez de control a daniela n quien fue detenida en flagrancia después de que presuntamente causó una lesión con arma blanca a un hombre en el fraccionamiento español en la capital potosina la víctima fue trasladada a un hospital para recibir atención médica sin embargo perdió la vida a consecuencia de la herida provocada la detención de la señalada fue realizada por elementos de la guardia civil estatal gce quienes la pusieron a disposición de esta institución para la integración de la carpeta de investigación correspondiente la fiscalía de san luis potosí dará seguimiento puntual al caso y continuará con las acciones legales necesarias para el esclarecimiento de los hechos jcs contenidos relacionados asesinan a alumno en san luis potosí durante asalto afuera de su escuela mujer alterada irrumpe en secundaria y genera pánico en san luis potosí video fge investigará y perseguirá de oficio acto de rapiña de cerdos en slp,1.0,0.9083834602455633,madre asesinada méxico feminicidio tiros,172.0,0.13560287772202184,False,-1,,
El calendario de la Selección Mexicana en el 2026 antes del Mundial,"Sebastián Díaz de León Javier Aguirre ya estuvo a cargo de los procesos hacia las Copas del Mundo de Corea - Japón 2002 y Sudáfrica 2010 . En su tercera etapa, su misión ha sido recuperar el terreno perdido en torneos como la Liga de las Naciones donde vencieron 2-1 a Panamá, la Copa Oro que conquistaron tras ganarle 2-1 a Estados Unidos y, por supuesto, llegar en las mejores condiciones rumbo al Mundial 2026. A pesar de que Javier Aguirre fue nominado al premio The Best FIFA como Entrenador del Año 2025 , tras conquistar la Liga de Naciones de la Concacaf y la Copa Oro 2025, México no ha podido ganar desde julio. Últimos juegos de México: México Paraguay: Fecha FIFA noviembre 2025 México 0-0 Uruguay: Fecha FIFA noviembre 2025 México 1-1 Ecuador: Fecha FIFA octubre 2025 México 0-4 Colombia: Fecha FIFA octubre 2025 México 2-2 Corea del Sur: Fecha FIFA septiembre 2025 México 0-0 Japón: Fecha FIFA septiembre 2025 ¿Cuáles serán los próximos torneos oficiales de la Selección Mexicana? Mundial 2026. Al ser parte de los tres anfitriones de la Copa Mundial, junto a Estados Unidos y Canadá, el Tricolor no disputó las eliminatorias. Por ello, cada partido lo afrontarán como un preparativo previo al máximo torneo de selecciones. Los escenarios para ponerse a tope previo a la competencia comienzan a reducirse. ¿Cuáles serán los próximos partidos de la Selección Mexicana en 2026? 2 juegos en enero 2026 (por confirmar rival) 1 juego en febrero 2026 (por confirmar rival) 2 juegos marzo 2026 (por confirmar rival) 4 partidos previos al Mundial 2026 en mayo-junio. (por confirmar rival) ¿Cuándo sería el partido de la Selección Mexicana con Portugal? El duelo entre México y Portugal está planeado para la fecha FIFA del mes de marzo del 2026 y podría darse el duelo el sábado 28. Este compromiso contaría con la presencia de Cristiano Ronaldo, quien comanda a su país y sería la gran reinauguración del estadio Azteca que actualmente se encuentra en remodelación. Contenidos Relacionados: Todos los resultados de la Selección Mexicana en 2025 México pierde contra Paraguay y suma 6 partidos sin triunfo",https://www.excelsior.com.mx/adrenalina/calendario-seleccion-mexicana-2026-previo-mundial/1752450,https://www.excelsior.com.mx/rss.xml,2025-11-19T04:24:27+00:00,3.0,False,False,False,False,False,0.0,IRRELEVANTE,No,el calendario de la selección mexicana en el 2026 antes del mundial,sebastián díaz de león javier aguirre ya estuvo a cargo de los procesos hacia las copas del mundo de corea japón 2002 y sudáfrica 2010 en su tercera etapa su misión ha sido recuperar el terreno perdido en torneos como la liga de las naciones donde vencieron 2 1 a panamá la copa oro que conquistaron tras ganarle 2 1 a estados unidos y por supuesto llegar en las mejores condiciones rumbo al mundial 2026 a pesar de que javier aguirre fue nominado al premio the best fifa como entrenador del año 2025 tras conquistar la liga de naciones de la concacaf y la copa oro 2025 méxico no ha podido ganar desde julio últimos juegos de méxico méxico paraguay fecha fifa noviembre 2025 méxico 0 0 uruguay fecha fifa noviembre 2025 méxico 1 1 ecuador fecha fifa octubre 2025 méxico 0 4 colombia fecha fifa octubre 2025 méxico 2 2 corea del sur fecha fifa septiembre 2025 méxico 0 0 japón fecha fifa septiembre 2025 cuáles serán los próximos torneos oficiales de la selección mexicana mundial 2026 al ser parte de los tres anfitriones de la copa mundial junto a estados unidos y canadá el tricolor no disputó las eliminatorias por ello cada partido lo afrontarán como un preparativo previo al máximo torneo de selecciones los escenarios para ponerse a tope previo a la competencia comienzan a reducirse cuáles serán los próximos partidos de la selección mexicana en 2026 2 juegos en enero 2026 por confirmar rival 1 juego en febrero 2026 por confirmar rival 2 juegos marzo 2026 por confirmar rival 4 partidos previos al mundial 2026 en mayo junio por confirmar rival cuándo sería el partido de la selección mexicana con portugal el duelo entre méxico y portugal está planeado para la fecha fifa del mes de marzo del 2026 y podría darse el duelo el sábado 28 este compromiso contaría con la presencia de cristiano ronaldo quien comanda a su país y sería la gran reinauguración del estadio azteca que actualmente se encuentra en remodelación contenidos relacionados todos los resultados de la selección mexicana en 2025 méxico pierde contra paraguay y suma 6 partidos sin triunfo,0.0,0.9199597935526219,hernández colonia economista uso sexual,170.0,0.4607695320268291,False,-1,,
Atacan con explosivos un expendio de cerveza en Mazatlán,"Jesús Bustamante Un expendio de cerveza fue atacado con explosivos caseros , causando severos daños materiales y lesiones por esquirlas en una mujer que se encontraba en las inmediaciones del negocio. De acuerdo con testigos, un grupo de sujetos habría lanzado los explosivos hacia el establecimiento, ubicado en la avenida Manuel J. Clouthier , en la colonia Foresta, y luego se dieron a la fuga. TE RECOMENDAMOS: Grupo armado impacta vehículo contra escuela en Culiacán y le prende fuego Segundos después, se habría escuchado una fuerte explosión, provocando daños en la estructura y en los alrededores. En los hechos, una mujer de alrededor de 30 años resultó lesionada, y fue trasladada a un hospital para recibir atención médica. Las autoridades señalaron que habría sido alcanzada por los fragmentos que se desprendieron en la explosión. Al lugar llegaron decenas de elementos de distintas corporaciones y restringieron el acceso a la zona, hasta descartar la presencia de algún otro explosivo. En las últimas semanas se han registrado diversos ataques con explosivos en contra de establecimientos y contra las autoridades en Mazatlán. A finales de octubre otro expendio de cerveza fue atacado en la colonia Valle de Urías, causando la muerte de una persona y dejando a otras dos lesionadas. Y en septiembre se registraron dos ataques contra patrullas de la Policía Municipal, uno en la colonia Antonio Toledo Corro y otro en las Flores Magón, dejando sólo daños materiales. Atacan escuela en Mazatlán Un grupo armado atacó durante la madrugada la fachada del Colegio Azteca, una escuela privada de Culiacán que ofrece educación preescolar, primaria y secundaria. Los agresores estrellaron un vehículo contra una cochera lateral del plantel y después le prendieron fuego, lo que provocó un incendio que tardó varias horas en ser controlado por los servicios de emergencia. No hubo personas lesionadas debido a que el ataque ocurrió fuera del horario escolar. El colegio, ubicado en la colonia Guadalupe y con más de veinte años de operación, registró daños significativos en el área impactada. Ante el temor de los padres y las condiciones del inmueble, la institución decidió trasladar temporalmente las clases a la modalidad en línea, sin fecha definida para el regreso presencial. Este no es el primer incidente contra el Colegio Azteca. En menos de un mes, un vehículo había sido incendiado afuera del plantel y la fachada había sido rociada con gasolina, aunque sin mayores daños. Las autoridades señalan que, dentro del clima de violencia reciente en la ciudad, se han registrado ataques contra unos 150 inmuebles, pero este es el primero dirigido a una escuela. Hasta ahora se desconocen los motivos del ataque y no hay personas detenidas. RLO Contenidos Relacionados: Marina captura a siete presuntos integrantes de Los Mayos en Sinaloa Grupo armado ataca camioneta del alcalde de Elota en la autopista Mazatlán-Culiacán Grupo armado impacta vehículo contra escuela en Culiacán y le prende fuego",https://www.excelsior.com.mx/nacional/atacan-con-explosivos-un-expendio-de-cerveza-en-mazatlan/1752449,https://www.excelsior.com.mx/rss.xml,2025-11-19T04:23:30+00:00,-1.0,True,False,False,False,False,0.0,IRRELEVANTE,No,atacan con explosivos un expendio de cerveza en mazatlán,jesús bustamante un expendio de cerveza fue atacado con explosivos caseros causando severos daños materiales y lesiones por esquirlas en una mujer que se encontraba en las inmediaciones del negocio de acuerdo con testigos un grupo de sujetos habría lanzado los explosivos hacia el establecimiento ubicado en la avenida manuel j clouthier en la colonia foresta y luego se dieron a la fuga te recomendamos grupo armado impacta vehículo contra escuela en culiacán y le prende fuego segundos después se habría escuchado una fuerte explosión provocando daños en la estructura y en los alrededores en los hechos una mujer de alrededor de 30 años resultó lesionada y fue trasladada a un hospital para recibir atención médica las autoridades señalaron que habría sido alcanzada por los fragmentos que se desprendieron en la explosión al lugar llegaron decenas de elementos de distintas corporaciones y restringieron el acceso a la zona hasta descartar la presencia de algún otro explosivo en las últimas semanas se han registrado diversos ataques con explosivos en contra de establecimientos y contra las autoridades en mazatlán a finales de octubre otro expendio de cerveza fue atacado en la colonia valle de urías causando la muerte de una persona y dejando a otras dos lesionadas y en septiembre se registraron dos ataques contra patrullas de la policía municipal uno en la colonia antonio toledo corro y otro en las flores magón dejando sólo daños materiales atacan escuela en mazatlán un grupo armado atacó durante la madrugada la fachada del colegio azteca una escuela privada de culiacán que ofrece educación preescolar primaria y secundaria los agresores estrellaron un vehículo contra una cochera lateral del plantel y después le prendieron fuego lo que provocó un incendio que tardó varias horas en ser controlado por los servicios de emergencia no hubo personas lesionadas debido a que el ataque ocurrió fuera del horario escolar el colegio ubicado en la colonia guadalupe y con más de veinte años de operación registró daños significativos en el área impactada ante el temor de los padres y las condiciones del inmueble la institución decidió trasladar temporalmente las clases a la modalidad en línea sin fecha definida para el regreso presencial este no es el primer incidente contra el colegio azteca en menos de un mes un vehículo había sido incendiado afuera del plantel y la fachada había sido rociada con gasolina aunque sin mayores daños las autoridades señalan que dentro del clima de violencia reciente en la ciudad se han registrado ataques contra unos 150 inmuebles pero este es el primero dirigido a una escuela hasta ahora se desconocen los motivos del ataque y no hay personas detenidas rlo contenidos relacionados marina captura a siete presuntos integrantes de los mayos en sinaloa grupo armado ataca camioneta del alcalde de elota en la autopista mazatlán culiacán grupo armado impacta vehículo contra escuela en culiacán y le prende fuego,7.0,0.9294799292946099,huérfanos feminicidio huérfanos feminicidio feminicidio méxico méxico infobae,212.0,0.6099574200572064,False,-1,,
"En Guerrero, pobladores retienen al alcalde de Alcozauca","Rolando Aguilar Pobladores de la comunidad de Tlahuapa , en el municipio de Alcozauca , Guerrero , mantienen retenido al alcalde Crispín Agustín Mendoza y a varios funcionarios municipales tras una reunión que terminó en confrontación por la presunta desaparición de tres camionetas oficiales. De acuerdo con habitantes de Tlahuapa y San Miguel El Grande, la semana pasada fueron notificados de que existía una denuncia penal en su contra por el supuesto robo de los vehículos. TE RECOMENDAMOS: Grupos delictivos se enfrentan con drones en Guerrero; pobladores abandonan el pueblo Los inconformes rechazan esa acusación y aseguran que las camionetas no fueron robadas, sino donadas a ambas comunidades durante la administración municipal 2021-2024 . El exalcalde Sebastián Ortiz Zayas respaldó esa versión y afirmó que las unidades sí fueron entregadas de manera formal y que existen actas de cabildo y documentos de donación que acreditan el proceso. Los pobladores sostienen que esas copias están tanto en el Ayuntamiento como en los archivos comunitarios. Tras conocer la denuncia penal, los habitantes decidieron llevar al alcalde Crispín Agustín Mendoza a Tlahuapa y mantenerlo retenido hasta que se aclare el destino de las camionetas. También pidieron que el exalcalde Ortiz Zayas permanezca en el lugar para enfrentar el conflicto y definir responsabilidades. En la zona se encuentran policías comunitarios y elementos de la Guardia Nacional, aunque hasta ahora no se ha informado de un operativo para liberar a las autoridades retenidas. Alcalde señala a expresidente municipal Durante pláticas con los habitantes, dijo entender su enojo, pero señaló que él no se hará responsable por las malas actuaciones de su antecesor. Acusó que el expresidente municipal sí emitió las facturas por la entrega de los vehículos donados, pero las canceló cuando dejó de ser alcalde, por lo que al asumir como nuevo titular del ayuntamiento tuvo que denunciar la desaparición de las tres camionetas. Son un millón y medio de pesos, no me puedo hacer responsable yo"", sostuvo. RLO Contenidos Relacionados: Grupos delictivos se enfrentan con drones en Guerrero; pobladores abandonan el pueblo FGR destruye más de una tonelada de cocaína en Guerrero Matan a líder local de la CTM en Marquelia, Guerrero",https://www.excelsior.com.mx/nacional/en-guerrero-pobladoresretienen-al-alcalde-de-alcozauca/1752448,https://www.excelsior.com.mx/rss.xml,2025-11-19T04:14:26+00:00,-1.0,True,False,False,False,False,0.0,IRRELEVANTE,No,en guerrero pobladores retienen al alcalde de alcozauca,rolando aguilar pobladores de la comunidad de tlahuapa en el municipio de alcozauca guerrero mantienen retenido al alcalde crispín agustín mendoza y a varios funcionarios municipales tras una reunión que terminó en confrontación por la presunta desaparición de tres camionetas oficiales de acuerdo con habitantes de tlahuapa y san miguel el grande la semana pasada fueron notificados de que existía una denuncia penal en su contra por el supuesto robo de los vehículos te recomendamos grupos delictivos se enfrentan con drones en guerrero pobladores abandonan el pueblo los inconformes rechazan esa acusación y aseguran que las camionetas no fueron robadas sino donadas a ambas comunidades durante la administración municipal 2021 2024 el exalcalde sebastián ortiz zayas respaldó esa versión y afirmó que las unidades sí fueron entregadas de manera formal y que existen actas de cabildo y documentos de donación que acreditan el proceso los pobladores sostienen que esas copias están tanto en el ayuntamiento como en los archivos comunitarios tras conocer la denuncia penal los habitantes decidieron llevar al alcalde crispín agustín mendoza a tlahuapa y mantenerlo retenido hasta que se aclare el destino de las camionetas también pidieron que el exalcalde ortiz zayas permanezca en el lugar para enfrentar el conflicto y definir responsabilidades en la zona se encuentran policías comunitarios y elementos de la guardia nacional aunque hasta ahora no se ha informado de un operativo para liberar a las autoridades retenidas alcalde señala a expresidente municipal durante pláticas con los habitantes dijo entender su enojo pero señaló que él no se hará responsable por las malas actuaciones de su antecesor acusó que el expresidente municipal sí emitió las facturas por la entrega de los vehículos donados pero las canceló cuando dejó de ser alcalde por lo que al asumir como nuevo titular del ayuntamiento tuvo que denunciar la desaparición de las tres camionetas son un millón y medio de pesos no me puedo hacer responsable yo sostuvo rlo contenidos relacionados grupos delictivos se enfrentan con drones en guerrero pobladores abandonan el pueblo fgr destruye más de una tonelada de cocaína en guerrero matan a líder local de la ctm en marquelia guerrero,4.0,0.9239417840468928,víctimas feminicidio víctimas feminicidio hijos marcha,185.0,0.932541178325131,True,0,Feminicidio De Niñas Y Adolescentes En México (a Febrero De 2025) - Blog de datos e incidencia política de REDIM,Google News
"Concacaf da históricos boletos al Mundial a Curazao, Panamá y Haití","Carlos Barrón En Concacaf el mundo no siempre gira en el lado de la lógica. En esta eliminatoria, tal vez la más sencilla en apariencia, los equipos fuertes se quedaron a la vera y aparecieron sorpresivas selecciones que animarán el Mundial 2026 a su modo. Al tener a México, Estados Unidos y Canadá, los rivales más fuertes de la zona norte y del caribe, ya clasificados, el espacio era muy grande para que entrarán las selecciones con mediano desarrollo como Costa Rica, Honduras y Jamaica, pero non fue así. Concacaf entregaba tres pases directos y dos al repechaje. Curazao, Panamá y Haití, han conseguido su pase directo al quedar como primeros de grupo mientras Surinam y Jamaica se han enrolado a la zona del repechaje. Selecciones como Costa Rica, Honduras y Trinidad y Tobago consumaron sus fracasos. CURAZAO A esta pequeña isla llegó Dick Advocaat, un reconocido entrenador neerlandés que ganó ligas en Países Bajos, Rusia y Escocia para trabajar desde la tierra una clasifiación histórica, conseguida al borde del infarto al empatar en Jamaica sin goles. Con 153 mil habitantes en Curazao, el país se ha puesto de fiesta por conseguir su primera oportunidad real de codearse con los mejores equipos del mundo. Muchos de sus jugadores son de origen neerlandés y participan en esa liga de Europa, por lo que tienen experiencia y manejo de la presión. Curazao es el equipo 83 en el ranking de la FIFA hasta este año, pero la proeza de llegar al Mundial le da el estirón a mejores sitios, aunque por encima de todo, los pone en el foco público para disfrutar de la fiesta. PANAMÁ Los panameños siempre han estado rezagados bajo el dominio de las selecciones norteamericanas y en el centro del continente por debajo de Costa Rica, sin embargo, desde que el hispano-danés Thomas Christiansen los empezó a dirigir. El duelo ante El Salvador era especial porque dependían de sí mismos para pasar directo y cumplieron con los deberes. Ganaron 2-0 y relegaron a Surinam, que perdió con Guatemala al repechaje. Será el segundo Mundial de Panamá que en Rusia 2018 se estrenó con malos resultados perdiendo sus tres encuentros ante Bélgica, Túnez e Inglaterra. HAITÍ Los haitianos reverdecieron los recuerdos de 1974. En aquella eliminatoria jugada en Puerto Príncipe lograron a toda ley el pase a  Alemania. Los mexicanos que fueron a esa expidición aseguraron que hubo magia negra que alteró el rendimiento, pero lo cierto es que haití hizo lo que debía. Ya en el Mundial la realidad fue otra, vapuleados por Italia, Argentina y Polonia. Metieron dos goles y recibieron 14. Esta generación de 2025 regresa al país al punto del Mundial en medio de las tragedias naturales que han azotado constantemente a la isla. Con muchas jugadores de ascendencia francesa, han logrado cumplir el sueño tras derrotar en el último partido a Nicaragua y dejar atrás a Costa Rica y Honduras. Contenidos Relacionados: Surinam sorprende en Concacaf Curazao aplasta 7-0 y queda a 90 minutos del Mundial 2026 Carrasquilla se olvida de la polémica con Kevin Mier",https://www.excelsior.com.mx/adrenalina/concacaf-da-historicos-boletos-al-mundial-a-curazao-panama-y-haiti/1752447,https://www.excelsior.com.mx/rss.xml,2025-11-19T04:09:50+00:00,3.0,False,False,False,False,False,0.0,IRRELEVANTE,No,concacaf da históricos boletos al mundial a curazao panamá y haití,carlos barrón en concacaf el mundo no siempre gira en el lado de la lógica en esta eliminatoria tal vez la más sencilla en apariencia los equipos fuertes se quedaron a la vera y aparecieron sorpresivas selecciones que animarán el mundial 2026 a su modo al tener a méxico estados unidos y canadá los rivales más fuertes de la zona norte y del caribe ya clasificados el espacio era muy grande para que entrarán las selecciones con mediano desarrollo como costa rica honduras y jamaica pero non fue así concacaf entregaba tres pases directos y dos al repechaje curazao panamá y haití han conseguido su pase directo al quedar como primeros de grupo mientras surinam y jamaica se han enrolado a la zona del repechaje selecciones como costa rica honduras y trinidad y tobago consumaron sus fracasos curazao a esta pequeña isla llegó dick advocaat un reconocido entrenador neerlandés que ganó ligas en países bajos rusia y escocia para trabajar desde la tierra una clasifiación histórica conseguida al borde del infarto al empatar en jamaica sin goles con 153 mil habitantes en curazao el país se ha puesto de fiesta por conseguir su primera oportunidad real de codearse con los mejores equipos del mundo muchos de sus jugadores son de origen neerlandés y participan en esa liga de europa por lo que tienen experiencia y manejo de la presión curazao es el equipo 83 en el ranking de la fifa hasta este año pero la proeza de llegar al mundial le da el estirón a mejores sitios aunque por encima de todo los pone en el foco público para disfrutar de la fiesta panamá los panameños siempre han estado rezagados bajo el dominio de las selecciones norteamericanas y en el centro del continente por debajo de costa rica sin embargo desde que el hispano danés thomas christiansen los empezó a dirigir el duelo ante el salvador era especial porque dependían de sí mismos para pasar directo y cumplieron con los deberes ganaron 2 0 y relegaron a surinam que perdió con guatemala al repechaje será el segundo mundial de panamá que en rusia 2018 se estrenó con malos resultados perdiendo sus tres encuentros ante bélgica túnez e inglaterra haití los haitianos reverdecieron los recuerdos de 1974 en aquella eliminatoria jugada en puerto príncipe lograron a toda ley el pase a alemania los mexicanos que fueron a esa expidición aseguraron que hubo magia negra que alteró el rendimiento pero lo cierto es que haití hizo lo que debía ya en el mundial la realidad fue otra vapuleados por italia argentina y polonia metieron dos goles y recibieron 14 esta generación de 2025 regresa al país al punto del mundial en medio de las tragedias naturales que han azotado constantemente a la isla con muchas jugadores de ascendencia francesa han logrado cumplir el sueño tras derrotar en el último partido a nicaragua y dejar atrás a costa rica y honduras contenidos relacionados surinam sorprende en concacaf curazao aplasta 7 0 y queda a 90 minutos del mundial 2026 carrasquilla se olvida de la polémica con kevin mier,2.0,0.9292216059391019,mundial asalto rica costa costa rica,197.0,0.3425019970073156,False,-1,,
Juan Gabriel regresa a Ciudad Juárez en homenaje abierto al público,"Gustavo Alonso ¡Juan Gabriel estará presente en Ciudad Juárez! El municipio chihuahuense prepara una velada dedicada a la memoria del ícono musical El Divo de Juárez , con la proyección especial de su primer concierto en el Palacio de Bellas Artes . La actividad es organizada por el Gobierno de México, a través de la Secretaría de Cultura, en coordinación con el Gobierno Municipal de Juárez y el Museo de Juan Gabriel, como parte de una iniciativa para celebrar el legado del cantautor en la ciudad donde comenzó su historia artística. Una presentación histórica que marcó al país El concierto que se proyectará corresponde a la primera presentación del artista en el Palacio de Bellas Artes, un hecho que en su momento rompió paradigmas dentro de la escena cultural mexicana, al llevar la música popular al recinto más importante del país. Te podría interesar leer: Exposición fotográfica de Juan Gabriel llega a la CDMX ¡Gratis! La noche, registrada en audio y video, se convirtió con el tiempo en una referencia de su carrera, al reunir algunos de los temas más reconocidos de su repertorio, con arreglos orquestales y una respuesta multitudinaria del público. Un encuentro con la memoria cultural de Ciudad Juárez El evento busca reunir a quienes vivieron esa época y a nuevas generaciones que mantienen vivo el vínculo emocional con la música del “Divo de Juárez”. Además de la proyección, se contempla un ambiente comunitario donde las personas asistentes podrán cantar en colectivo canciones que forman parte de la identidad musical del país. Fecha, hora y acceso Plaza de la Mexicanidad, Ciudad Juárez Sábado 29 de noviembre 19:00 h Entrada libre Las autoridades convocan al público a llegar con anticipación para garantizar un lugar cómodo durante la proyección. Una celebración del legado artístico Juan Gabriel es considerado uno de los compositores y cantantes más influyentes de México. Su obra se mantiene activa en plataformas digitales, homenajes y producciones audiovisuales. bgpa Contenidos Relacionados: Homenaje a Juan Gabriel en el Zócalo: Fans reviven concierto histórico",https://www.excelsior.com.mx/funcion/juan-gabriel-regresa-a-ciudad-juarez-en-homenaje-abierto-al-publico/1752446,https://www.excelsior.com.mx/rss.xml,2025-11-19T04:04:04+00:00,-1.0,True,False,False,False,False,0.0,IRRELEVANTE,No,juan gabriel regresa a ciudad juárez en homenaje abierto al público,gustavo alonso juan gabriel estará presente en ciudad juárez el municipio chihuahuense prepara una velada dedicada a la memoria del ícono musical el divo de juárez con la proyección especial de su primer concierto en el palacio de bellas artes la actividad es organizada por el gobierno de méxico a través de la secretaría de cultura en coordinación con el gobierno municipal de juárez y el museo de juan gabriel como parte de una iniciativa para celebrar el legado del cantautor en la ciudad donde comenzó su historia artística una presentación histórica que marcó al país el concierto que se proyectará corresponde a la primera presentación del artista en el palacio de bellas artes un hecho que en su momento rompió paradigmas dentro de la escena cultural mexicana al llevar la música popular al recinto más importante del país te podría interesar leer exposición fotográfica de juan gabriel llega a la cdmx gratis la noche registrada en audio y video se convirtió con el tiempo en una referencia de su carrera al reunir algunos de los temas más reconocidos de su repertorio con arreglos orquestales y una respuesta multitudinaria del público un encuentro con la memoria cultural de ciudad juárez el evento busca reunir a quienes vivieron esa época y a nuevas generaciones que mantienen vivo el vínculo emocional con la música del divo de juárez además de la proyección se contempla un ambiente comunitario donde las personas asistentes podrán cantar en colectivo canciones que forman parte de la identidad musical del país fecha hora y acceso plaza de la mexicanidad ciudad juárez sábado 29 de noviembre 19 00 h entrada libre las autoridades convocan al público a llegar con anticipación para garantizar un lugar cómodo durante la proyección una celebración del legado artístico juan gabriel es considerado uno de los compositores y cantantes más influyentes de méxico su obra se mantiene activa en plataformas digitales homenajes y producciones audiovisuales bgpa contenidos relacionados homenaje a juan gabriel en el zócalo fans reviven concierto histórico,1.0,0.9222594240399403,madre asesinada méxico feminicidio tiros,179.0,0.3236639953608653,False,-1,,
Conmemoran Día Mundial en Recuerdo de las Víctimas de Accidentes Viales,"Atalo Mata Othón Cada día mueren, en promedio en México, 44 personas en accidentes viales como un choque, volcadura, atropellamiento, mientras iban a bordo de un automóvil, caminando, esperando el autobús en una parada, en bicicleta, motocicleta o en el transporte público. Esto representa más de 16 mil muertes al año, por lo que se conmemoró el Día Mundial en Recuerdo de las Víctimas de Accidentes Viales, en las instalaciones de la Cruz Roja Mexicana , en la Ciudad de México, señaló Pitichi Rivadeneyra, coordinadora nacional de Prevención de Accidentes de la Cruz Roja Mexicana. “Vidas apagadas por un simple descuido, por decisiones irresponsables como, por ejemplo, cuando aumentamos la velocidad, cuando decidimos conducir bajo los efectos del alcohol o por decisiones con falta de ética cuando se construyen nuestras avenidas y carreteras sin una visión humana”, explicó. El propósito fue rendir homenaje a las víctimas de accidentes viales y a sus familias, así como reforzar el compromiso institucional con la prevención vial y la movilidad segura, así lo expresó Oscar Acevedo, papá de Iván, quien perdió la vida en un accidente de tránsito. “Lo que tienes que venir a hacer es sensibilizar a la gente, toda, para que no sea víctima ni victimario, porque si bien hoy puedes morir atropellado, también puedes matar a alguien atropellando, y ese es otro drama, que también sufren en las otras familias”, dijo. Según una investigación del Instituto Nacional de Salud Pública, el costo de la inseguridad vial alcanza casi el dos por ciento del Producto Interno Bruto del país. Mientras se iluminó el edificio de la Cruz Roja en color ámbar en honor a las víctimas, la diputada federal Patricia Mercado señaló algunos avances importantes, pero también desafíos en materia legislativa. “Ya consagramos en la Constitución el derecho a una movilidad con seguridad vial, ya elaboramos una ley general, que es un marco obligatorio a lo largo y ancho del país para dictaminar a nivel local las reglas de la vialidad para que sean seguras, sin embargo, el dato es que incluso han aumentado en los últimos cuatro años las muertes por hechos viales en un 20 por ciento”, señaló. Entre todos solicitaron mayor compromiso de las autoridades, inversión pública, rendición de cuentas de los estados y la creación de un seguro de responsabilidad civil obligatorio. Finalmente, se llevaron a cabo actividades simbólicas como el encendido del emblema de Cruz Roja conformada por cuadro cuadros iguales en el piso de la explanada, los asistentes prendieron veladoras por las víctimas, un minuto de silencio y un minuto del tradicional toque de sirenas solidario de las ambulancias de la Cruz Roja Mexicana. jcp Contenidos Relacionados: Cruz Roja Mexicana mantiene apoyo en comunidades afectadas por inundaciones Cruz Roja exhorta a la población a donar más ayuda para damnificados por inundaciones Cruz Roja llama a la población a seguir apoyando a damnificados por inundaciones",https://www.excelsior.com.mx/nacional/conmemoran-dia-mundial-en-recuerdo-de-las-victimas-de-accidentes-viales/1752445,https://www.excelsior.com.mx/rss.xml,2025-11-19T03:59:29+00:00,-1.0,True,False,False,False,False,0.0,IRRELEVANTE,No,conmemoran día mundial en recuerdo de las víctimas de accidentes viales,atalo mata othón cada día mueren en promedio en méxico 44 personas en accidentes viales como un choque volcadura atropellamiento mientras iban a bordo de un automóvil caminando esperando el autobús en una parada en bicicleta motocicleta o en el transporte público esto representa más de 16 mil muertes al año por lo que se conmemoró el día mundial en recuerdo de las víctimas de accidentes viales en las instalaciones de la cruz roja mexicana en la ciudad de méxico señaló pitichi rivadeneyra coordinadora nacional de prevención de accidentes de la cruz roja mexicana vidas apagadas por un simple descuido por decisiones irresponsables como por ejemplo cuando aumentamos la velocidad cuando decidimos conducir bajo los efectos del alcohol o por decisiones con falta de ética cuando se construyen nuestras avenidas y carreteras sin una visión humana explicó el propósito fue rendir homenaje a las víctimas de accidentes viales y a sus familias así como reforzar el compromiso institucional con la prevención vial y la movilidad segura así lo expresó oscar acevedo papá de iván quien perdió la vida en un accidente de tránsito lo que tienes que venir a hacer es sensibilizar a la gente toda para que no sea víctima ni victimario porque si bien hoy puedes morir atropellado también puedes matar a alguien atropellando y ese es otro drama que también sufren en las otras familias dijo según una investigación del instituto nacional de salud pública el costo de la inseguridad vial alcanza casi el dos por ciento del producto interno bruto del país mientras se iluminó el edificio de la cruz roja en color ámbar en honor a las víctimas la diputada federal patricia mercado señaló algunos avances importantes pero también desafíos en materia legislativa ya consagramos en la constitución el derecho a una movilidad con seguridad vial ya elaboramos una ley general que es un marco obligatorio a lo largo y ancho del país para dictaminar a nivel local las reglas de la vialidad para que sean seguras sin embargo el dato es que incluso han aumentado en los últimos cuatro años las muertes por hechos viales en un 20 por ciento señaló entre todos solicitaron mayor compromiso de las autoridades inversión pública rendición de cuentas de los estados y la creación de un seguro de responsabilidad civil obligatorio finalmente se llevaron a cabo actividades simbólicas como el encendido del emblema de cruz roja conformada por cuadro cuadros iguales en el piso de la explanada los asistentes prendieron veladoras por las víctimas un minuto de silencio y un minuto del tradicional toque de sirenas solidario de las ambulancias de la cruz roja mexicana jcp contenidos relacionados cruz roja mexicana mantiene apoyo en comunidades afectadas por inundaciones cruz roja exhorta a la población a donar más ayuda para damnificados por inundaciones cruz roja llama a la población a seguir apoyando a damnificados por inundaciones,5.0,0.9220861384336864,andrade ocurrido lomas natalia argentina,180.0,0.9255684891148628,True,0,Feminicidio De Niñas Y Adolescentes En México (a Febrero De 2025) - Blog de datos e incidencia política de REDIM,Google News
Clima en México este 19 de noviembre: Continuarán las nevadas en estos estados,"JC Segundo El Servicio Meteorológico Nacional (SMN) anunció el pronóstico del clima en México para este miércoles 19 de noviembre de 2025 , el cual prevé más nevadas. El frente frío número 15 asociado con una vaguada polar y una circulación ciclónica en niveles medios y altos de la atmósfera, recorrerá el noroeste y norte de México, y en interacción con las corrientes en chorro polar y subtropical, ocasionarán chubascos y lluvias puntuales fuertes, marcado descenso de las temperaturas y rachas de viento fuertes a muy fuertes. Además, prevalecerán las condiciones para nevadas en sierras de Baja California, Sonora, Chihuahua, Sinaloa y Durango. Por otra parte, una línea seca sobre el noreste del país y el ingreso de humedad del Golfo de México, ocasionarán fuertes rachas de viento, lluvias y chubascos, con lluvias puntuales fuertes en Coahuila (norte). El ingreso de humedad proveniente del océano Pacífico, golfo de México y mar Caribe, en interacción con canales de baja presión en el interior del país, sureste mexicano y península de Yucatán, ocasionará lluvias con chubascos en las regiones mencionadas, además del occidente, oriente, centro y sur, con lluvias puntuales fuertes en Guerrero (sur) y Chiapas (sur). De acuerdo con el comunicado del organismo dependiente de la Comisión Nacional del Agua (Conagua), se esperan temperaturas mínimas para este 19 de noviembre de 2025 en los siguientes estados: Temperaturas mínimas de -10 a -5 °C con heladas: zonas serranas de Baja California, Sonora, Chihuahua y Durango. Temperaturas mínimas de -5 a 0 °C con heladas: zonas serranas de Zacatecas, Hidalgo, Estado de México, Tlaxcala y Puebla. Clima en la CDMX y Edomex: se esperan heladas En el Valle de México se prevé hoy 19 de noviembre de 2025 cielo parcialmente nublado, ambiente frío a fresco, con heladas en zonas altas. Por la tarde, ambiente templado a cálido, cielo medio nublado a nublado con lluvias aisladas en la Ciudad de México (CDMX) y el Estado de México. La temperatura mínima para la CDMX será de 9 a 11 °C y la máxima de 25 a 27 °C. Para Toluca, Edomex, se prevé una temperatura mínima de 2 a 4 °C y una máxima de 22 a 24 °C. JCS Contenidos Relacionados: Frente frío deja a municipios de Veracruz en la 'congeladora' Sin lluvias en CDMX y Edomex, pierde agua el Cuztamala Bienestar inicia segunda entrega de apoyos a familias afectadas por las lluvias",https://www.excelsior.com.mx/nacional/clima-mexico-hoy-19-noviembre-2025-nevadas-frente-frio/1752444,https://www.excelsior.com.mx/rss.xml,2025-11-19T03:53:21+00:00,-1.0,True,False,False,False,False,0.0,IRRELEVANTE,No,clima en méxico este 19 de noviembre continuarán las nevadas en estos estados,jc segundo el servicio meteorológico nacional smn anunció el pronóstico del clima en méxico para este miércoles 19 de noviembre de 2025 el cual prevé más nevadas el frente frío número 15 asociado con una vaguada polar y una circulación ciclónica en niveles medios y altos de la atmósfera recorrerá el noroeste y norte de méxico y en interacción con las corrientes en chorro polar y subtropical ocasionarán chubascos y lluvias puntuales fuertes marcado descenso de las temperaturas y rachas de viento fuertes a muy fuertes además prevalecerán las condiciones para nevadas en sierras de baja california sonora chihuahua sinaloa y durango por otra parte una línea seca sobre el noreste del país y el ingreso de humedad del golfo de méxico ocasionarán fuertes rachas de viento lluvias y chubascos con lluvias puntuales fuertes en coahuila norte el ingreso de humedad proveniente del océano pacífico golfo de méxico y mar caribe en interacción con canales de baja presión en el interior del país sureste mexicano y península de yucatán ocasionará lluvias con chubascos en las regiones mencionadas además del occidente oriente centro y sur con lluvias puntuales fuertes en guerrero sur y chiapas sur de acuerdo con el comunicado del organismo dependiente de la comisión nacional del agua conagua se esperan temperaturas mínimas para este 19 de noviembre de 2025 en los siguientes estados temperaturas mínimas de 10 a 5 c con heladas zonas serranas de baja california sonora chihuahua y durango temperaturas mínimas de 5 a 0 c con heladas zonas serranas de zacatecas hidalgo estado de méxico tlaxcala y puebla clima en la cdmx y edomex se esperan heladas en el valle de méxico se prevé hoy 19 de noviembre de 2025 cielo parcialmente nublado ambiente frío a fresco con heladas en zonas altas por la tarde ambiente templado a cálido cielo medio nublado a nublado con lluvias aisladas en la ciudad de méxico cdmx y el estado de méxico la temperatura mínima para la cdmx será de 9 a 11 c y la máxima de 25 a 27 c para toluca edomex se prevé una temperatura mínima de 2 a 4 c y una máxima de 22 a 24 c jcs contenidos relacionados frente frío deja a municipios de veracruz en la congeladora sin lluvias en cdmx y edomex pierde agua el cuztamala bienestar inicia segunda entrega de apoyos a familias afectadas por las lluvias,2.0,0.9265518675881357,mundial asalto rica costa costa rica,197.0,0.4736700716024468,False,-1,,
Aprueba Senado divulgación de archivos de Epstein,El Senado de EU aprobó la iniciativa para publicar archivos de Jeffrey Epstein; ahora deberá ser firmada por Presidente Trump.,https://www.reforma.com/aprueba-senado-divulgacion-de-archivos-de-epstein/ar3108557,https://www.reforma.com/rss/portada.xml,2025-11-18T17:04:58-06:00,0.0,False,False,False,False,False,0.0,IRRELEVANTE,No,aprueba senado divulgación de archivos de epstein,el senado de eu aprobó la iniciativa para publicar archivos de jeffrey epstein ahora deberá ser firmada por presidente trump,6.0,0.7442712177777805,15 es negro senado menores edad,180.0,0.932541178325131,True,0,Feminicidio De Niñas Y Adolescentes En México (a Febrero De 2025) - Blog de datos e incidencia política de REDIM,Google News
Acortan ruta de desfile  del 20N ante convocatoria  a marcha,Sedena acortó ruta del desfile del 20 de noviembre para reducir riesgos y mantener mayor control ante convocatoria de Generación Z a marcha.,https://www.reforma.com/acortan-ruta-de-desfile-del-20n-ante-convocatoria-a-marcha/ar3108573,https://www.reforma.com/rss/portada.xml,2025-11-18T17:45:42-06:00,6.0,False,False,False,False,False,0.0,IRRELEVANTE,No,acortan ruta de desfile del 20n ante convocatoria a marcha,sedena acortó ruta del desfile del 20 de noviembre para reducir riesgos y mantener mayor control ante convocatoria de generación z a marcha,5.0,0.801287481526623,andrade ocurrido lomas natalia argentina,211.0,0.2144052691138561,False,-1,,
Habría Trump autorizado acciones  encubiertas en Venezuela,"Trump habría aprobado medidas adicionales para presionar a Venezuela y prepararse para posible campaña militar más amplia, según fuentes.",https://www.reforma.com/habria-trump-autorizado-acciones-encubiertas-en-venezuela/ar3108739,https://www.reforma.com/rss/portada.xml,2025-11-18T22:10:36-06:00,-1.0,False,False,False,False,False,0.0,IRRELEVANTE,No,habría trump autorizado acciones encubiertas en venezuela,trump habría aprobado medidas adicionales para presionar a venezuela y prepararse para posible campaña militar más amplia según fuentes,1.0,0.7885270044037511,madre asesinada méxico feminicidio tiros,234.0,0.3173359757783609,False,-1,,
Vinculan a 3 tras Marcha Z;  dan prisión preventiva a uno,Tres detenidos tras marcha de la llamada 'Generación Z' fueron vinculados a proceso; uno de ellos estará en prisión preventiva.,https://www.reforma.com/vinculan-a-3-tras-marcha-z-dan-prision-preventiva-a-uno/ar3108692,https://www.reforma.com/rss/portada.xml,2025-11-18T20:42:40-06:00,6.0,False,False,False,False,False,0.0,IRRELEVANTE,No,vinculan a 3 tras marcha z dan prisión preventiva a uno,tres detenidos tras marcha de la llamada generación z fueron vinculados a proceso uno de ellos estará en prisión preventiva,2.0,0.8087246637699412,mundial asalto rica costa costa rica,180.0,0.8990953491127436,True,0,Feminicidio De Niñas Y Adolescentes En México (a Febrero De 2025) - Blog de datos e incidencia política de REDIM,Google News
Cierra Tri el año con derrota  y mala racha,"México se despidió del 2025 con seis partidos en fila sin ganar, luego de caer 2-1 ante Paraguay en amistoso en San Antonio, Texas.",https://www.reforma.com/cierra-tri-el-ano-con-derrota-y-mala-racha/ar3108719,https://www.reforma.com/rss/portada.xml,2025-11-18T21:33:01-06:00,11.0,False,False,False,False,False,0.0,IRRELEVANTE,No,cierra tri el año con derrota y mala racha,méxico se despidió del 2025 con seis partidos en fila sin ganar luego de caer 2 1 ante paraguay en amistoso en san antonio texas,7.0,0.8118976284982911,huérfanos feminicidio huérfanos feminicidio feminicidio méxico méxico infobae,251.0,0.41007249925816674,False,-1,,
Matan a balazos a profesora  de la UABC en Tijuana,"Emilia Ortega, abogada y catedrática de la Universidad de Baja California, fue asesinada a balazos a bordo de su vehículo, en Tijuana.",https://www.reforma.com/matan-a-balazos-a-profesora-de-la-uabc-en-tijuana/ar3108601,https://www.reforma.com/rss/portada.xml,2025-11-18T18:36:09-06:00,0.0,True,False,False,False,False,0.0,IRRELEVANTE,No,matan a balazos a profesora de la uabc en tijuana,emilia ortega abogada y catedrática de la universidad de baja california fue asesinada a balazos a bordo de su vehículo en tijuana,2.0,0.8024051809596474,mundial asalto rica costa costa rica,200.0,0.5385081735838739,False,-1,,
Se confirma fracaso de Herrera  con Costa Rica,"El mexicano Miguel Herrera confirmó su fracaso como DT de Costa Rica, tras igualar en casa 0-0 ante Honduras y quedar eliminado del Mundial.",https://www.reforma.com/se-confirma-fracaso-de-herrera-con-costa-rica/ar3108702,https://www.reforma.com/rss/portada.xml,2025-11-18T21:08:57-06:00,3.0,False,False,False,False,False,0.0,IRRELEVANTE,No,se confirma fracaso de herrera con costa rica,el mexicano miguel herrera confirmó su fracaso como dt de costa rica tras igualar en casa 0 0 ante honduras y quedar eliminado del mundial,2.0,0.8194816200357655,mundial asalto rica costa costa rica,195.0,0.3430746724073137,False,-1,,
Trump: tenemos la dirección de cada narcotraficante,"Donald Trump dijo que conoce cada uno de los domicilios de los criminales en México, tras asegurar que el País tiene 'graves problemas'.",https://www.reforma.com/trump-tenemos-la-direccion-de-cada-narcotraficante/ar3108094,https://www.reforma.com/rss/portada.xml,2025-11-18T05:00:43-06:00,-1.0,True,False,False,False,False,0.0,IRRELEVANTE,No,trump tenemos la dirección de cada narcotraficante,donald trump dijo que conoce cada uno de los domicilios de los criminales en méxico tras asegurar que el país tiene graves problemas,6.0,0.8105833058004359,15 es negro senado menores edad,214.0,0.40237128848583126,False,-1,,
Tras marcha: 18 al penal  y policías en la mira,"Tras marcha de 'Generación Z', 18 personas fueron acusadas por su probable participación en diversos delitos; además se investiga a agentes.",https://www.reforma.com/tras-marcha-18-al-penal-y-policias-en-la-mira/ar3108122,https://www.reforma.com/rss/portada.xml,2025-11-18T05:00:44-06:00,6.0,False,False,False,False,False,0.0,IRRELEVANTE,No,tras marcha 18 al penal y policías en la mira,tras marcha de generación z 18 personas fueron acusadas por su probable participación en diversos delitos además se investiga a agentes,1.0,0.7958107304928522,madre asesinada méxico feminicidio tiros,178.0,0.2523454233773014,False,-1,,
Construye su Bienestar,"Gladyz Butanda, Secretaria de Desarrollo de Michoacán, apareció en gira con collar de eslabones de oro de $434 mil y una bolsa de $68 mil.",https://www.reforma.com/construye-su-bienestar/ar3108105,https://www.reforma.com/rss/portada.xml,2025-11-18T05:00:44-06:00,-1.0,True,False,False,False,False,0.0,IRRELEVANTE,No,construye su bienestar,gladyz butanda secretaria de desarrollo de michoacán apareció en gira con collar de eslabones de oro de 434 mil y una bolsa de 68 mil,5.0,0.8029043505428007,andrade ocurrido lomas natalia argentina,196.0,0.27264841146490404,False,-1,,
"Investigan feminicidio de Montserrat en Los Reyes de Juárez, Puebla; sus hijos presenciaron el crimen - Telediario México","Investigan feminicidio de Montserrat en Los Reyes de Juárez, Puebla; sus hijos presenciaron el crimen Telediario México",https://news.google.com/rss/articles/CBMikwFBVV95cUxQNDBUbnRLU1k4RVBIVy1pLXlTc0pRUFJVVTVPZnFZOTk0cGxQV0JjVVNacC1jcnRGRUZ4eURDbk9xLTdtWDFJQUVEU2ZEUmhKenFCVnpJVEZVaHJBczJmZGY5WFQ2TEpmWld6RnJiSGxqOU8wSm5zRHdjYWZvWDRBTDNFV3pGMUNWZ2VSaGg5QnZJTFnSAZMBQVVfeXFMUDQwVG50S1NZOEVQSFctaS15U3NKUVBSVVU1T2ZxWTk5NHBsUFdCY1VTWnAtY3J0RkVGeHlEQ25PcS03bVgxSUFFRFNmRFJoSnpxQlZ6SVRGVWhyQXMyZmRmOVhUNkxKZlpXekZyYkhsajlPMEpuc0R3Y2Fmb1g0QUwzRVd6RjFDVmdlUmhoOUJ2SUxZ?oc=5,Google News,2025-11-17T18:19:00+00:00,0.0,,True,True,False,True,0.5,MEDIA,Si,investigan feminicidio de montserrat en los reyes de juárez puebla sus hijos presenciaron el crimen telediario méxico,investigan feminicidio de montserrat en los reyes de juárez puebla sus hijos presenciaron el crimen telediario méxico,4.0,0.7907878710809226,víctimas feminicidio víctimas feminicidio hijos marcha,222.0,0.41555301093913455,False,-1,,
Feminicidio De Niñas Y Adolescentes En México (a Febrero De 2025) - Blog de datos e incidencia política de REDIM,Feminicidio De Niñas Y Adolescentes En México (a Febrero De 2025) Blog de datos e incidencia política de REDIM,https://news.google.com/rss/articles/CBMisgFBVV95cUxNdldISTFTS01DbVluelhnV1JpYU12Xzhic0hkS01Demp2cWZqeTk3Y3RTa1hGaGU1a1VxRlhGQ2szT3kwUU9fNEd0U1g4T2Rxa3kyV0NQRnMydVJPSE80R1VnOGlGZkV1VjRCMTVreWZvSnh1MU02WTZZNWE5RE5za3dCbE5XNjNJZDJqT1VkYmo2bFVON0RHUHhpMEMtNWxLVU5MYlFKdkhPU2J6V1N2Z19B?oc=5,Google News,2025-03-28T07:00:00+00:00,12.0,,True,True,False,True,0.45,BAJA,Si,feminicidio de niñas y adolescentes en méxico a febrero de 2025 blog de datos e incidencia política de redim,feminicidio de niñas y adolescentes en méxico a febrero de 2025 blog de datos e incidencia política de redim,3.0,0.8337609580364987,feminicidio sol méxico sol méxico huérfanos,229.0,0.28738829521076137,False,-1,,
Promueve Nora Yessica Merino la “Ley Monzón” para proteger a hijos de mujeres víctimas de feminicidio - Cámara de Diputados,Promueve Nora Yessica Merino la “Ley Monzón” para proteger a hijos de mujeres víctimas de feminicidio Cámara de Diputados,https://news.google.com/rss/articles/CBMi9gFBVV95cUxNOFQzRlMxQU5OZERjQ3FZUWQzX1NzaXI3MFhpdG5mNG5NSkFqLUdYYkFWZE5rbnJUMlpCSjBCLTdxS3J3N1pLUm9YY3JBQXV2SmRKODM2ZVdkSDR0akMweVMxUHZ5QjBEVGx2dlY3dUZOYVFyRmVJWUxvSkM4MGJoWVd2Q09GemdsNEN5Zy0wTUI0VzJZZ0RsS3ZkNFBmMDQzOXFORlI0VmlUQ3pBNlI2UzZsQnF4Ymg5TVhaOVFLaERqRDBhQ0ZxTU9KNVMyOElWWDU3YlNTWW5hNW02VVlqOWFyb0drSUViMXdFME5HWEVlWHg1T2c?oc=5,Google News,2025-09-02T07:00:00+00:00,0.0,,True,True,False,True,0.45,BAJA,Si,promueve nora yessica merino la ley monzón para proteger a hijos de mujeres víctimas de feminicidio cámara de diputados,promueve nora yessica merino la ley monzón para proteger a hijos de mujeres víctimas de feminicidio cámara de diputados,4.0,0.8494176632774815,víctimas feminicidio víctimas feminicidio hijos marcha,184.0,0.4736700716024468,False,-1,,
"Jueza impide contacto de abuela con hijos de Ángela Birkenbach, víctima de feminicidio - cimacnoticias.com.mx","Jueza impide contacto de abuela con hijos de Ángela Birkenbach, víctima de feminicidio cimacnoticias.com.mx",https://news.google.com/rss/articles/CBMixAFBVV95cUxPQ0NRZ2JxbzkzY3k5OTF2dS1RbVI3QVlLZ2JDUUUzZWpSSzU2OTFqbjVUQVJiTUtVVnR2QlpjOWJlTDNuTU9DUWdZNjJjWHBWYndPcF9TaGtCSHdLTFc5NGRETTdQcnlQazlSeWlWR2huM181S0ZyOFpFTnlFaVMxR202Z2NxVnA1THZxMkhjREJuTndmWmdJTjRYanFuck9uQ0lGS0NoajM3dWwxWm5XeGlpaGhHNm8wUC1uVjhlZERoLVEt?oc=5,Google News,2025-10-23T07:00:00+00:00,0.0,,True,True,False,True,0.45,BAJA,Si,jueza impide contacto de abuela con hijos de ángela birkenbach víctima de feminicidio cimacnoticias com mx,jueza impide contacto de abuela con hijos de ángela birkenbach víctima de feminicidio cimacnoticias com mx,4.0,0.8224928227550847,víctimas feminicidio víctimas feminicidio hijos marcha,164.0,0.16488922187334323,False,-1,,
Marchan en CDMX hijos y madres de víctimas de feminicidio para exigir justicia - Reporte Indigo,Marchan en CDMX hijos y madres de víctimas de feminicidio para exigir justicia Reporte Indigo,https://news.google.com/rss/articles/CBMi0gFBVV95cUxPV1cwR3pQYzUwd3pjOEI3REhWYlo5cnpLT3A3elJObmMwU3FuSjVSSWVWWmR0OS1lV1k5RUlLckdRemdTNERfSTdxRnREejNidmE4bmRkcjdqazd4c3pWbDFIOXY5bFlySElPcG1DbG00TVAzVjZqbXMxNk0yNFczY3pLb2E2N0FSMXFFZnlLOVlNZVNNVk4zdk9DRjQ5Y0NsdFhGRGlXTVRzQmxUY013ektsSVFQdWJNcFVia3Nwa05YUzRBN1JtSjJBaGlkcElBc0HSAdcBQVVfeXFMTkc1dExKNWVvMjIxMURvQUR1RERRMzJ1SUItM2FBUW5KOGs5ODdzWlFCcEJMeFBWTTlIWmZQYTJFaVBBLUJqUHh5bEFDM0xtQmR3NHpISlgtWU5QTnBWVlZxNWgtcy1kM0pIUmdiOUhTN3R0UVZLY3ZqemFaQ1NSbUtpNTJQUjdvZXQ5Z3VWVzc0bzhXZll1T1FZZnlYM0hpY0xZMjlaM1ozRFl4UWNqREx2dFFqOE56dTdCZUUwTHYwTkUzOHpnSmxSN3NDYWlsbGVSVjVwVE0?oc=5,Google News,2025-11-04T23:50:00+00:00,0.0,,True,True,False,True,0.45,BAJA,Si,marchan en cdmx hijos y madres de víctimas de feminicidio para exigir justicia reporte indigo,marchan en cdmx hijos y madres de víctimas de feminicidio para exigir justicia reporte indigo,3.0,0.7846349362976758,feminicidio sol méxico sol méxico huérfanos,220.0,0.4018997454475486,False,-1,,
El asesinato de una mujer y sus tres hijas de nueve y 11 años eleva las alertas sobre la violencia infantil y de género en Sonora - EL PAÍS,El asesinato de una mujer y sus tres hijas de nueve y 11 años eleva las alertas sobre la violencia infantil y de género en Sonora EL PAÍS,https://news.google.com/rss/articles/CBMigAJBVV95cUxPTDBqeG5MNEQ2NWQtOU9lNEJ6Qm1BN3ZlTVo2Z1FEMGE1bnRzNy1iWUQxTW9IZHJkUW9ERTRFYVMta1FzSmV2bjAzbzExT2JlZS1HUHFWRFVqWTAteXU4Mkk1REtLenE3ajNSYkR3UUx2UFFKRnNpalhFZExsd0UxWk9DQUFnQV9wSFJyNjRvODJGd0lBNmlyRm1fSEt4WmRyeXJKRnRQb2JWNWY3bGJNUUpqdGtJZXlQRkM3WVAwdlhjSkVSR3dBTUROUHBVY0w3czZ1YVpoWmtHU3Z5bnJRblVjYXJ2R2VleV9XSFZ6V296Vmt5M1RKSnBfTjE0NTJw0gGUAkFVX3lxTE9keWlYNFBEZ1lQSnBjTE9xcThrOEVQUnQxUjlKcHVHeUZmTURzckIzVElyQVV2WGVJZGtKc1B1V1hHMjVPVGwzRlIteVZTU1J4dkxhdXp0THJwc05YLU4tMFA4LWU4ZjBpVUxIUkR4ck9TcHBxd1F3SXg2RWhMSUZRVUpKWkJqUXduRGY5ZGFxQjFVdk5aUmN5Szk1OUVvVXVDNGhLLWVYUU1Ub09oYXZ6ZXI1a1VTZUg4Vi1hR2MyQ0Y0dnhEYkE5QjFtTDJncklzZzdIU29YbmFsc2hBamZueVF5SV9HTGNyTjB4ZEY3YmRfMmlzZU83SXFlTjdQSlVPWFBzVUx1ZTEyN0FYR2pwaTllYg?oc=5,Google News,2025-07-07T07:00:00+00:00,0.0,,True,True,False,True,0.45,BAJA,Si,el asesinato de una mujer y sus tres hijas de nueve y 11 años eleva las alertas sobre la violencia infantil y de género en sonora el país,el asesinato de una mujer y sus tres hijas de nueve y 11 años eleva las alertas sobre la violencia infantil y de género en sonora el país,1.0,0.7955835944534356,madre asesinada méxico feminicidio tiros,240.0,0.7699417598212921,False,2,Huérfanos por feminicidio: México solo reconoce como víctimas a 238 niños y niñas - Animal Politico,Google News
México en alerta: 791 menores víctimas de feminicidio desde 2015 a la fecha; siete por mes - Infobae,México en alerta: 791 menores víctimas de feminicidio desde 2015 a la fecha; siete por mes Infobae,https://news.google.com/rss/articles/CBMiywFBVV95cUxOZlJLdGRmR21kcTFwdjVrOHg0Q3NpZlItQlBlTndPY0xfVU5xVzhpTy1YcWhwSjFPbF9HR050N3dEbzFOeV9mdHQ2ZktHY3RsWloxSnJMTkRlT3phR1JyU1RvUENCMnUxbmI0RFlHUmpkQnlJRUZLYmtSa0pNZnBpeDZFaHJjQXBtRXVlSkdHUC1XVk91VGZ0SFdlTEVtZ09EQ1hBeDNrTkhfekdwXzNQN1VycFF3WHBndG1EWUF2UXVIUjljUzFUVVFGZ9IB5gFBVV95cUxOT2h4RGRrSXpxVi12Qng5czVUNUhIeUpnUVpSU1E5QVF3QTlCS1pSWUpDdnlmRjJRRnhKQzFDN2hWcHljYTlMRFU3VjNsaUVwNjc0ZUhNU1pDeDZCZS0yeEVIZl8tOXIyMm12ZHAwb3FqT3ZOX2dSbHZvemlFUEZwNmhNOG9GdzA0WHJwTWhmQnRSQ3ctcHZITzNqSWJXM0pNVEN3OXh3SERYVmM0S1hsMVRmZG92U2dYaVlBUmpTdWtXZ2FMOENBNUdyVVZNQmxvMWtSTTFxMkg1QXV2Tl9hUm9nQ3FOdw?oc=5,Google News,2025-07-12T07:00:00+00:00,0.0,,True,False,False,False,0.35,BAJA,No,méxico en alerta 791 menores víctimas de feminicidio desde 2015 a la fecha siete por mes infobae,méxico en alerta 791 menores víctimas de feminicidio desde 2015 a la fecha siete por mes infobae,4.0,0.7828919534117844,víctimas feminicidio víctimas feminicidio hijos marcha,229.0,0.2903392535262218,False,-1,,
Víctimas infantiles del feminicidio: dolor sinfín y justicia que no llega - La Jornada,Víctimas infantiles del feminicidio: dolor sinfín y justicia que no llega La Jornada,https://news.google.com/rss/articles/CBMixgFBVV95cUxOamxJVDRMRE9XTXE0cmVrQ0pLMDUybUxucE1BdjAwWlF6X1BBWHQwV2pKQlBCbW00Zmh6ZHpoMlJIWlhNY0k5THdvNzlKb2h1RnRBS2RyY1NGaEREWkxSTjZLY01OQ2JDR0hrTlNIdFJTUGxIU0JMclQtV1BpSzV5RG81MXd1VGYweWRaZ0RXVzlRZE9TZFhKa2FkUThsbnI0ZldxWWxpNnMtWFJTZEFGODJKaTdjdWV6Rl8wVk80ZkUtT3ZRN1E?oc=5,Google News,2025-07-28T07:00:00+00:00,0.0,,True,False,False,False,0.3,BAJA,No,víctimas infantiles del feminicidio dolor sinfín y justicia que no llega la jornada,víctimas infantiles del feminicidio dolor sinfín y justicia que no llega la jornada,4.0,0.7656858443438144,víctimas feminicidio víctimas feminicidio hijos marcha,205.0,0.5139207349131779,False,-1,,
Edomex amplía apoyo a huérfanos por feminicidio: ahora podrán recibir ayuda hasta los 25 años - El Sol de México,Edomex amplía apoyo a huérfanos por feminicidio: ahora podrán recibir ayuda hasta los 25 años El Sol de México,https://news.google.com/rss/articles/CBMi1wFBVV95cUxQOTRMdUtyb1NUeTdqUklXQlJXRXEybEdYMFJqX0RoSHFKd2xzNlN1OExWdndHcTVFcE14RUM4aDdOSzJndDM0Rk8yV2Q5eWRQMWxCeUxWNDEtQ2V4WjUxNUloNGRONGd3X3JDSnFZMENldTZ4bl9tbjVSd2ZLaHA3UlpjcVBRWjh2TjhERkh4OTI2ZWpfdkszb2ZVclpsSnl3UWlaaURwcExEamM5N1otSU5RTXYwTHBRenF6aHI0UkVJQ003Qlk5VXg0bU1xLTNLRE1QOWFJWQ?oc=5,Google News,2025-10-23T07:00:00+00:00,0.0,,True,False,False,False,0.3,BAJA,No,edomex amplía apoyo a huérfanos por feminicidio ahora podrán recibir ayuda hasta los 25 años el sol de méxico,edomex amplía apoyo a huérfanos por feminicidio ahora podrán recibir ayuda hasta los 25 años el sol de méxico,3.0,0.799309445516884,feminicidio sol méxico sol méxico huérfanos,233.0,0.3254008324227995,False,-1,,
"Niños que matan, la nueva sombra del feminicidio en México - La Silla Rota","Niños que matan, la nueva sombra del feminicidio en México La Silla Rota",https://news.google.com/rss/articles/CBMisgFBVV95cUxNMlhFdkpsYnVuVnZQV0dLVUVlMGtmQUh5OU5VTDNQQl9qb3kxeE40eG83a3RGTmNWREFpWlJoNXkwODgzR3RrLUh1SElMU2M2bGxhbW9TLVJTSkRXcDNpRjM1TlptNlh5b0JzVUxSRENjUlhsSTJaQWJuYkZNeFg0TWc1cFJTMUxLdGFDWXNPVzlzUXRrR1h4UUhnSFhadVBVT3hsa25lUE9RWkJPNTItTEtR0gGyAUFVX3lxTE0yWEV2SmxidW5WdlBXR0tVRWUwa2ZBSHk5TlVMM1BCX2pveTF4TjR4bzdrdEZOY1ZEQWlaUmg1eTA4ODNHdGstSHVISUxTYzZsbGFtb1MtUlNKRFdwM2lGMzVOWm02WHlvQnNVTFJEQ2NSWGxJMlpBYm5iRk14WDRNZzVwUlMxTEt0YUNZc09XOXNRdGtHWHhRSGdIWFp1UFVPeGxrbmVQT1FaQk81Mi1MS1E?oc=5,Google News,2025-10-19T07:00:00+00:00,0.0,,True,False,False,False,0.3,BAJA,No,niños que matan la nueva sombra del feminicidio en méxico la silla rota,niños que matan la nueva sombra del feminicidio en méxico la silla rota,5.0,0.7359870891793044,andrade ocurrido lomas natalia argentina,220.0,0.40648894153206594,False,-1,,
Violencia feminicida: ¿Qué pasa cuando los perpetradores son menores de edad? - Volcánicas,Violencia feminicida: ¿Qué pasa cuando los perpetradores son menores de edad? Volcánicas,https://news.google.com/rss/articles/CBMiZkFVX3lxTE83eFhCekg5UFlTWkpKU3V3Si1VWWFKS1E4d1RnVmY2emJiQ2JaY1V6ZHMzQjYzRFZIN29zNmltYzVHNmx4ZHQ5VkpWdWVuenBsSUNBNzBiSWsxTVZCQ01tb0stVnZOQQ?oc=5,Google News,2025-03-05T08:00:00+00:00,8.0,,True,False,False,False,0.3,BAJA,No,violencia feminicida qué pasa cuando los perpetradores son menores de edad volcánicas,violencia feminicida qué pasa cuando los perpetradores son menores de edad volcánicas,6.0,0.7575282918453823,15 es negro senado menores edad,155.0,0.5462965424720518,False,-1,,
Procesan a sujeto por triple homicidio infantil y feminicidio en Sonora - Aristegui Noticias,Procesan a sujeto por triple homicidio infantil y feminicidio en Sonora Aristegui Noticias,https://news.google.com/rss/articles/CBMitAFBVV95cUxPOW9DVThoQUNDdTNZRGdiYWZUeExsZTVzN3dFSWFZcXRabE0tRjJFcEhaUDBHeGJYYUd4OHRyWkdDMnlXb2Y5RE8yeERFMUNyQm9tT2tELUZVR1RqS0VVcU96UTVNbE1YaWdVTzVZWmRPVkFqM3oyRGVBbmdTeUZobkJzUTlKTzRpRlVzYW5ZN3dNbFBodVlRYVY0Z0tTblZ4azVTb1cxNTBlcUd1LWQ4M3dWTi0?oc=5,Google News,2025-07-07T07:00:00+00:00,0.0,,True,False,False,False,0.3,BAJA,No,procesan a sujeto por triple homicidio infantil y feminicidio en sonora aristegui noticias,procesan a sujeto por triple homicidio infantil y feminicidio en sonora aristegui noticias,1.0,0.7865498741247479,madre asesinada méxico feminicidio tiros,166.0,0.48020666184888094,False,-1,,
"La orfandad invisible, menores afectados por el feminicidio en México - El Valle - La noticia hecha periódico","La orfandad invisible, menores afectados por el feminicidio en México El Valle - La noticia hecha periódico",https://news.google.com/rss/articles/CBMipgFBVV95cUxPa2MtSTl3X2ZQVmpPZTZRb3dsSTBydURLRXJhc2FiWkxPUFFLck00b2p4YndoUmNzVDRMUEQ5cDlEaGduaU5PeU5xYURkdndMejRLZ3oyS0FCRmJrSlRPYXVzb3VneGNhOGJ2cUJFdDlZdm9uOE1TVkwtUmhkTXktd3hSeHlXVlQyTnpvVlVYOHZmR0VqZUQ2dVRlR05sME5ZVzRCTjF3?oc=5,Google News,2025-05-11T07:00:00+00:00,0.0,,True,False,True,True,0.6,MEDIA,No,la orfandad invisible menores afectados por el feminicidio en méxico el valle la noticia hecha periódico,la orfandad invisible menores afectados por el feminicidio en méxico el valle la noticia hecha periódico,7.0,0.7508340052763228,huérfanos feminicidio huérfanos feminicidio feminicidio méxico méxico infobae,216.0,0.6302238720538083,False,-1,,
Feminicidio De Niñas Y Adolescentes En México (a Marzo De 2025) - Blog de datos e incidencia política de REDIM,Feminicidio De Niñas Y Adolescentes En México (a Marzo De 2025) Blog de datos e incidencia política de REDIM,https://news.google.com/rss/articles/CBMirwFBVV95cUxPZFZDb0VkcEgxR085MTU5UGJRN3BVLVhqSEFOaWI2WXcxOS0wR1BGZ0ExUmtqcWh4d2F2anRpT1NlOEd0Q3BTbVZfaEFkWm91Qi10Y2psdGRLZzhIbGpMM1JwU2tPeHdPdDQtMFNxZm1aY2xORGwyQ1NWdk9mZzhoa0pFak9WVGUwRGhrb2NyTlJGUVZiUW1MWWVRLW1YblNBcTQ3TUJBdDh6cXpJaDBv?oc=5,Google News,2025-04-22T07:00:00+00:00,12.0,,True,True,False,True,0.45,BAJA,Si,feminicidio de niñas y adolescentes en méxico a marzo de 2025 blog de datos e incidencia política de redim,feminicidio de niñas y adolescentes en méxico a marzo de 2025 blog de datos e incidencia política de redim,3.0,0.8371769028134681,feminicidio sol méxico sol méxico huérfanos,205.0,0.48961372984963714,False,-1,,
Imponen 630 años de prisión a madre e hijos por feminicidio y homicidio en Oaxaca - Infobae,Imponen 630 años de prisión a madre e hijos por feminicidio y homicidio en Oaxaca Infobae,https://news.google.com/rss/articles/CBMiwgFBVV95cUxOMjV4YW9MTEN5b2tpYnY5Vnc1eXNjalVtYTNQbVdLajN1dzhqNTR4RnNqWVRjcWxzM0s3UXpzdURLWFVTSjdma1phRGhjQ3h4TTk5TFNlUTBmVWZXZnZWdkVYM2pDcHB3VGtzVGp4clBiWUJkcmFaWWM1ajM5bGtQbVF1UWMtRHZYejh6dE5vWGtyV1hyNzhPRXRDaWtNcEZUNjlrRjFiY25kalM0NjJyLXk4MVJYUDYwMlU0ZUxMLUhWQdIB3AFBVV95cUxQRzhneWk4OGpEVm1fMjJFMlh2QmwySlhKY0R0VGo5c2I5a3pjbi1vYkdxamhwamVzeF9VUGs0ZHhibmNOS29MdFBOVm5YYlRvWDJSVENXeFhjcFcxV1RPRW5yQVdDZk5Bb3hmYmRObUEzdy1vQzhETWJpLXloWGNONzdsMzJiakplUU5jOURDNkYtWTBkT00zMDJtTWhBYTIzSXRLYnZTaVFLeW9qeTY1Y2p4SVNiNE9KWEZoaTZRNGxEQkdGQV9DbEhqd1otdUI1aEFfemZybjVPLXVW?oc=5,Google News,2025-10-07T07:00:00+00:00,0.0,,True,True,False,True,0.45,BAJA,Si,imponen 630 años de prisión a madre e hijos por feminicidio y homicidio en oaxaca infobae,imponen 630 años de prisión a madre e hijos por feminicidio y homicidio en oaxaca infobae,1.0,0.7665421132653885,madre asesinada méxico feminicidio tiros,184.0,0.39272553522405007,False,-1,,
Nayarit inicia juicio por feminicidio de canadiense Ángela Birkenbach. Su familia pide recuperar a sus hijos - cimacnoticias.com.mx,Nayarit inicia juicio por feminicidio de canadiense Ángela Birkenbach. Su familia pide recuperar a sus hijos cimacnoticias.com.mx,https://news.google.com/rss/articles/CBMi4gFBVV95cUxPbFY1Q2ZvbTZNb25aLV9hd0FOb3ZiaTMzX0plZS12Q1NabWVJNHk5ZUM1bGpQNENFZmxPZllZMzVUOS1SQi1OU0h6dm1WUzJxdHVTVHh0ZjU0eXFfcGtfN3ZmSkZBV2RkQTMwRW9KLU5weXE4cUJLTzF2cXo2MG1xdElER0RQY21tdl9fRXM4M2hMZDBoanJVVmdCNkZtRGZYMXZCWUoxelpLcmtackloelJoNEJLemx0R25DZmtoZFFVbm5fZm1OX1NuS2xVaTRHd0pXZG15MUJFdWVEaEx2TWNB?oc=5,Google News,2025-09-30T07:00:00+00:00,0.0,,True,True,False,True,0.45,BAJA,Si,nayarit inicia juicio por feminicidio de canadiense ángela birkenbach su familia pide recuperar a sus hijos cimacnoticias com mx,nayarit inicia juicio por feminicidio de canadiense ángela birkenbach su familia pide recuperar a sus hijos cimacnoticias com mx,1.0,0.8270922787257478,madre asesinada méxico feminicidio tiros,168.0,0.23535013990687653,False,-1,,
Detienen a dos menores por presunto feminicidio de adolescente en Sonora - Aristegui Noticias,Detienen a dos menores por presunto feminicidio de adolescente en Sonora Aristegui Noticias,https://news.google.com/rss/articles/CBMitgFBVV95cUxQZlMwR3VMV1ZIQkN1WUFoenhiUVJ0bGhmQ3lOdk9nMzFPZEdnYVFQZ1Vqdms4S2ZNRWJPdWhsc0lEZ3hfRlNYZ1gySjBkeWFIT3ZHY1paUExNeEFSWkJHSllPMzgtS3ZzWFduVlhEXzQ5c3dYblBhNmJaeUlJVHJIZ3Fjeld4S3lWd1VNT2NzZHVRRkpBaXFGQnpRcjFYTER5d2xyZThYdHJScERWcTdiRlBDeG9YQQ?oc=5,Google News,2025-10-14T07:00:00+00:00,0.0,,True,True,False,True,0.45,BAJA,Si,detienen a dos menores por presunto feminicidio de adolescente en sonora aristegui noticias,detienen a dos menores por presunto feminicidio de adolescente en sonora aristegui noticias,1.0,0.7939873452539454,madre asesinada méxico feminicidio tiros,194.0,0.2278486585230486,False,-1,,
México carece de registro homologado de huérfanos por feminicidios - El Sol de México,México carece de registro homologado de huérfanos por feminicidios El Sol de México,https://news.google.com/rss/articles/CBMitgFBVV95cUxQSWJtLWhGSnh3TlhfamNMN3E5ZDIwLUNTSi1yamhOWkdaa05sVEJHRGdOcWlCeUhPdnFfTXl3Yzc3YnY2MnNMbFJRdnMxdlB0UUFXYndSdEdMWXBiZWR0LVNuQUxvOVpMNFZFbHE0VHdMZEFfR2lIN0pBRHlEWmo0RE1jTmhYcjdJZ2JYTUpMVGpybUxia3pIcEVSRy1QMmVDLTg4eTZSZnVFanFSVndDMWtpOW5hQQ?oc=5,Google News,2025-05-11T07:00:00+00:00,0.0,,True,False,False,False,0.3,BAJA,No,méxico carece de registro homologado de huérfanos por feminicidios el sol de méxico,méxico carece de registro homologado de huérfanos por feminicidios el sol de méxico,3.0,0.768112286515264,feminicidio sol méxico sol méxico huérfanos,179.0,0.6099574200572064,False,-1,,
El feminicidio de Astrid Cruz y el asesinato de su hijo adolescente conmociona a Jalisco - EL PAÍS,El feminicidio de Astrid Cruz y el asesinato de su hijo adolescente conmociona a Jalisco EL PAÍS,https://news.google.com/rss/articles/CBMixAFBVV95cUxPakNnSnhJeDVkcmRZMU56NUpRX0xuYVYyT0lMLVI0bTFSOHMzOWtFa1Z3OTBVYUg2RXNVOVl6LURaQ2U2ZmZmZ3RSby15N3BPdE9SUFZXQkVmQWVQT2VZV2REZ0FRTVVxQi10RU5ScHVqbWJYbFh5RklmQmQ5cXhkNVJZUFo4c2lieDlFNGtzc09oUm94NHNtMGY1a20zZ0N6dkNRcU1Hd3hONWRza0tTS2hMZ1V3V3FNX1JETEpSX0NvYVNp0gHYAUFVX3lxTFAtRnBPYjctSWtwWTIxZmpPaXhUWGRiVEtIalhYZzRNb01FTy1WT1FIR21MbFdyb0pZNWRROGZlZHFQd0RvYWJwMmRKUmN0T3NnRmxvSGctdTFGTzVIdVdmVk10ODlHcXdQTEM2cVpBa3psYTAwcTdkN0lfTlFwRDBYQjNvT0VkVkluc1VDbEViTXB5clJBNjdHSmdUU0xjb3kxTkdiNFhSMVA2LXpOTFhiRENubWRKTXNvV1ZZendtM3Y2NmktcEdkZUhRYkJuaTJZQXI5Nmk4Yg?oc=5,Google News,2025-03-05T08:00:00+00:00,0.0,,True,True,False,True,0.5,BAJA,Si,el feminicidio de astrid cruz y el asesinato de su hijo adolescente conmociona a jalisco el país,el feminicidio de astrid cruz y el asesinato de su hijo adolescente conmociona a jalisco el país,5.0,0.8065779566452795,andrade ocurrido lomas natalia argentina,242.0,0.287578217413927,False,-1,,
Detienen a jovencitas de 13 y 15 años por feminicidio de Leyla Monserrath en Sonora; presuntamente eran sus am - Telediario México,Detienen a jovencitas de 13 y 15 años por feminicidio de Leyla Monserrath en Sonora; presuntamente eran sus am Telediario México,https://news.google.com/rss/articles/CBMilAFBVV95cUxPc2lXZzRfaVBXczZNc0NoQXl6YjhHLWNuR1Z4ZGJUNEJHclhZbnRCeDFpbUlZLXViUnJkUUt4bWpCdnFQcVdUY2cwZWVjM3JNZ3ZjSE1uVU1fbjZUbFBFX1VkUW9Qd29tZk11ajEzdlV6RmtJdlB0Q0tCWDRQaHM0aHo1QnFzUWxROVRaN1lxdmV2QXZo0gGUAUFVX3lxTFBlLUZ3LTAyTENYTXZ0a20zYXB5bURSaVcxemo1YjN0TUJJa3VnX3ljY0ZGVVlBbUR0SFJwU3FYZHlvUjhjS2M1M3RQdVZwRDB3VUJMN3JYYk5vNzNIUEV6eENuQjN4Vzk4aHcyMHFmYklNZWVxSml6VW5oY3BwcW9iX2g2elBfOXBCa2RlNEhCVGJWdkk?oc=5,Google News,2025-10-11T07:00:00+00:00,0.0,,True,False,False,False,0.3,BAJA,No,detienen a jovencitas de 13 y 15 años por feminicidio de leyla monserrath en sonora presuntamente eran sus am telediario méxico,detienen a jovencitas de 13 y 15 años por feminicidio de leyla monserrath en sonora presuntamente eran sus am telediario méxico,1.0,0.7744898110766711,madre asesinada méxico feminicidio tiros,231.0,0.6456821573520387,False,-1,,
La doble falla del Estado mexicano en el feminicidio de Rosaura - EL PAÍS,La doble falla del Estado mexicano en el feminicidio de Rosaura EL PAÍS,https://news.google.com/rss/articles/CBMiqAFBVV95cUxNR1V3em94dnU4aDEzeHJ5bDdhVERvMnhIc3dZVnlzT1NHU2sxd204NWttWld1ZXlsTmZtT28wbVNySktyUWZCVTJVQnY5aGRmMnU4RktGOEhGWUhXZVVfU0kzMW94YjA3OVlsZnBrSldwOFJRNHRaWFJQNkNkV3ZocG1SRFlRYTQxUnNSZ1ZHNjc1ejdZM0hDNDZMTFFweDZXQ3BFZmF2VTLSAbwBQVVfeXFMT0pPM3FYZkFQOXVPRTh0UTZNSzhTVVBxTmlhb1dPdTB2Q0gxUWw1TFVZZ0xvTnVObnNDMlFYcXJJbkt1N2JuZVlveEwwWFhtaHNRN1ZDTkhlYWlTbnNJM2Y0UDlna184UnhmdU9teTExUDQ2bjMxNkJUNTByTHNRSjBEYWN4cnBqZGpYUUtQTXBzdVFZR0ppX2RUbkNMeTJKRHM4VmxCXzBlQVktcGJOUk44WU1KaFhTNDByeVQ?oc=5,Google News,2025-02-16T08:00:00+00:00,0.0,,True,False,False,False,0.3,BAJA,No,la doble falla del estado mexicano en el feminicidio de rosaura el país,la doble falla del estado mexicano en el feminicidio de rosaura el país,1.0,0.7387990659202205,madre asesinada méxico feminicidio tiros,174.0,0.4102147363625181,False,-1,,
"Las víctimas invisibles: 23 menores huérfanos por feminicidio en Tamaulipas, ¿qué se hará para protegerlos? - El Sol de México","Las víctimas invisibles: 23 menores huérfanos por feminicidio en Tamaulipas, ¿qué se hará para protegerlos? El Sol de México",https://news.google.com/rss/articles/CBMi7AFBVV95cUxNRHJmSjJUMGl4NnpzcEFCd194Y0g5RWtiVUpXdjFzLW9xb1VzVTR2N1NQNmpLTVlGUmdiejNqVTBrWlU3M1VFMFJQSzBJN05LVFhwUEpHbS1tTEhBaHV4QXNaWXJOME5oZllEYU9DTS1MYTZwR0tPR09TT19OSUtScGdJU3ZhTTFhN0g0VU80T2YzeHItM2gxMURmNW9jT0VfRXdvTGx2S1hONGduQ2I0dzVKelc3cFNtaWpLX3VWbmVXcjdrVUFQc0hNWWNxd1otR1hYTmdoUUtDYTZ1OGROMzlhc2dtRXFIbGhYRw?oc=5,Google News,2025-07-30T07:00:00+00:00,0.0,,True,False,False,False,0.3,BAJA,No,las víctimas invisibles 23 menores huérfanos por feminicidio en tamaulipas qué se hará para protegerlos el sol de méxico,las víctimas invisibles 23 menores huérfanos por feminicidio en tamaulipas qué se hará para protegerlos el sol de méxico,3.0,0.7982728658003542,feminicidio sol méxico sol méxico huérfanos,207.0,0.6302238720538083,False,-1,,
Destinan 17.85 pesos diarios a hijos de víctimas de feminicidio y desaparición en Edomex - Milenio,Destinan 17.85 pesos diarios a hijos de víctimas de feminicidio y desaparición en Edomex Milenio,https://news.google.com/rss/articles/CBMiqgFBVV95cUxOU0pVS0c0LUYtbmJ3WVRYZjBhTXBYbXpxR1haQUFiY0lzR0RjWXlidmxMeGpHWFgxWV95RG5YRmYwcXVSQTNmZk4xeDVOOEE3ZHY2MzhnYzBzN1U5dmxtY2I0U2ZHd2VaMXpIeEtFVjh0WmpBOXY3bHpWRDdtS0xUUm1TcGN5VjhJbFVjd2luaEJuX1BPZmVyMWhybEZ1YlVrZTBvb3JpRGVyZ9IBqgFBVV95cUxOX2VTTzNXcGtDZkhhQ2o5Y1AyOW1Vci1GNERQOXJ3Y0tKbV9uU0hyMW9JbmJuakpTZ0RuTXRBcmsxVWZVNF9xS0tleU5ZSDZMMDhmLXc1alNNejV2LWZibkFwYzljSndmNlFQUHNVckVTRzEycnpxczJtWkJta2d5S3M5NmhnWGxnci1fTjlEZS1jOGNBMEtiWGdPUVloTGlxelRWVUNfR3dKZw?oc=5,Google News,2025-07-17T07:00:00+00:00,0.0,,True,True,False,True,0.45,BAJA,Si,destinan 17 85 pesos diarios a hijos de víctimas de feminicidio y desaparición en edomex milenio,destinan 17 85 pesos diarios a hijos de víctimas de feminicidio y desaparición en edomex milenio,4.0,0.793183012865159,víctimas feminicidio víctimas feminicidio hijos marcha,214.0,0.2882990801116135,False,-1,,
Huérfanos del Estado: Los hijos e hijas de víctimas de feminicidio en Yucatán - Distintas Latitudes,Huérfanos del Estado: Los hijos e hijas de víctimas de feminicidio en Yucatán Distintas Latitudes,https://news.google.com/rss/articles/CBMihwFBVV95cUxNTDA0a1h5eTZKR09rLXZWMG9IcEdtX00xZHpNLThsVGl3SkNTTlpFbEwzbElzTzVWUGNCLVJ5SzZfUWFOUXY3T2JwMW5sSGxqdzB2YzV1MVp0SWJEckdUSEdQbmZxTEN2Y3BjZWV0cU83OFFLWU50Yjd0VHlZOEJJRFBtOGVwY1U?oc=5,Google News,2025-01-15T08:00:00+00:00,0.0,,True,True,False,True,0.45,BAJA,Si,huérfanos del estado los hijos e hijas de víctimas de feminicidio en yucatán distintas latitudes,huérfanos del estado los hijos e hijas de víctimas de feminicidio en yucatán distintas latitudes,4.0,0.7840355930856264,víctimas feminicidio víctimas feminicidio hijos marcha,190.0,0.35558714636129307,False,-1,,
Feminicidio infantil en Baja California: ¡Justicia para Keila Nicole! - Volcánicas,Feminicidio infantil en Baja California: ¡Justicia para Keila Nicole! Volcánicas,https://news.google.com/rss/articles/CBMifkFVX3lxTE95UHp3ZWZvdUU3cDJBV0Z0WmZacmhSUHBOd01SbmdSSkZaczQ3MjRhd29HbmVJZW9rOU9Mb0EyTVRtcFdTejFEeW5rSFdiSUhZRnBqc2ljcE5fQmJTTGRJSkNZLXJNQlJ4eGpqMDlWX1BtMk5Uem5aUkFucnBnZw?oc=5,Google News,2025-07-08T07:00:00+00:00,0.0,,True,False,False,False,0.35,BAJA,No,feminicidio infantil en baja california justicia para keila nicole volcánicas,feminicidio infantil en baja california justicia para keila nicole volcánicas,5.0,0.7771987528881503,andrade ocurrido lomas natalia argentina,190.0,0.43341194482431433,False,-1,,
Rodolfo ‘Fofo’ Márquez: de ‘junior’ millonario a condenado por intento de feminicidio - EL PAÍS,Rodolfo ‘Fofo’ Márquez: de ‘junior’ millonario a condenado por intento de feminicidio EL PAÍS,https://news.google.com/rss/articles/CBMivwFBVV95cUxQQlpEdndld0FWblg4eWNhTDhpVGZBRmw4eGEtTlQ2eUF4ck83b1JqZzR0UU8wVlhJZEpFaE84N0pmb05uXzR4YzZRQkFycXFGcF9HdTZxeTZOcXc3dmZfN1JNSEtRRVEtQ3VwWkFaZDBQQzVaOUREOVN4TzBRUzNfaTZ4emVuZXJhaGNVZl9LZTF0eXYzOXIwUy01SjRIcG1LTW5icEJmMXcxU1FDWVQzVFZ5bU9mc3RKRGJiQVdRWdIB0wFBVV95cUxNVDZ5WkVNdW1SQ3V1dGFTeDJXMk13VWJjZ1N5V2xvSGpYczI0ZDBBWmZqN2NOZlRnajB5Y1pQR1FyczQ1VDYydDh2WWZlSGhmUTRoNllhQjZ1elp2WGJmcXI0bW9tNDR6X25FZ2dfVk1IYk16YlBTeUMyV1FUN2ZDRy12S0R1aEZBZHJfSzB5OVU1aXlyTDJKdkJ2YV9LZ0FrMkpTYXg1b1pIeUl1RnNBSnBkWGZNMGphYVduajBkc1FjZ3JndEZLSDBzakt4aWxjVVpz?oc=5,Google News,2025-01-30T08:00:00+00:00,-1.0,,True,False,False,False,0.3,BAJA,No,rodolfo fofo márquez de junior millonario a condenado por intento de feminicidio el país,rodolfo fofo márquez de junior millonario a condenado por intento de feminicidio el país,3.0,0.7189174774050509,feminicidio sol méxico sol méxico huérfanos,204.0,0.40648894153206594,False,-1,,
Feminicidio de Astrid y el asesinato de su hijo Fernando: esto es todo lo que se sabe del crimen que conmociona a México - Infobae,Feminicidio de Astrid y el asesinato de su hijo Fernando: esto es todo lo que se sabe del crimen que conmociona a México Infobae,https://news.google.com/rss/articles/CBMi9AFBVV95cUxPNndOTGdGM1FFUmxXVXduQVlnRVNzYjhISElGN0hRWmtPT0JMTktXNWJXNlVoZXpUekpRRHdOX0Z6MC1mc012OEFIVjBIQWM4R3pnWWhITXhWQTdnMG5iZnhKY2JwR0NaZ1hFWXdqQ1FZV1d6bF96cFlwX1JJU3RLYmowbGQ0akJjVlpSRV9ZQVpaWm1LejNHYlE3aU80MDdtZHZwQ05FSVVSRnZiUDRYWGxIdGY3THd6a3oxMlowUlAtN1R2dGliZGgzVEtJMVFCRHMybzdlWWVsak1MSENrTzB4RG1raXFQbDRtU0JRbEVzZWFj0gGPAkFVX3lxTE9HNk50ZW9qSlJWOEpHZ3RHMXB2NnlCMTI1Tno3TXBxbzZIbFFLbDhiQ2tOM2dYR2dreEswNXNhLU5VM2xrNVNVZlFNcVB2enhRalVIblUzTmk2akoycFBRdmt6bUFJQjYwb2g4dDhRRXBXam5KaVpoV0JibHhoZzZJa0ZTSThaMHpoZUVDZkQ4NGZueWd5cmswczJTZU5mV0kyMDdHVWRXWWJwbWFTN2RsVU5lbnlneG1qT0tySFprdWJoZUhERXJfanduVnNENk90T2dEM1FrcDBwd24zUE5HVGpDZi04eUt4R2JjU1BLZzRMZ1ltNTdRNzVRdlFEbnlKUEhRR1A4M2xNRUJJaUU?oc=5,Google News,2025-03-07T08:00:00+00:00,0.0,,True,True,False,True,0.45,BAJA,Si,feminicidio de astrid y el asesinato de su hijo fernando esto es todo lo que se sabe del crimen que conmociona a méxico infobae,feminicidio de astrid y el asesinato de su hijo fernando esto es todo lo que se sabe del crimen que conmociona a méxico infobae,7.0,0.8244152151569708,huérfanos feminicidio huérfanos feminicidio feminicidio méxico méxico infobae,222.0,0.2167761296600554,False,-1,,
Morena plantea iniciativa de programa económico a niños en orfandad tras casos de feminicidio en CDMX - Infobae,Morena plantea iniciativa de programa económico a niños en orfandad tras casos de feminicidio en CDMX Infobae,https://news.google.com/rss/articles/CBMi3AFBVV95cUxOWjVNR1JvTnhZdTk2YlFtekQzQncyMXdvRXdVeWUxR2ljMXN4MEFRQmI5QWdtS0FoZlFGMm83MEpBN2xEUmwxUXNjV3pHRmZETHhTbExTLXd6SXlWU0JoUzFoNEItdlpjNmtDYlBmb0lxVFc0SHRhNDgydzlWNGNIU1I2bjRsRTFJaVd6Y0FOY2E4Q1hCbFB3U2Y1QXNIeWFTQ2FyMmd4d1pxVjVZb181SzR6dEN3SEdEOTdHdWdPdENiQjRNN2FPb0hocGhyTXpMNmV6SWZjTVp0c2pq0gH3AUFVX3lxTFBrcDBZVkZyTnQxYXRPRTBlcUFLT19QZkpXMUFuR3I4dVZPUGRLYnVvNHMtREwtUnJVNG04dktjVUtucklLTVU4U0xIdmxmRGt1YTVJaHZ2OWJicDVjY3BBbVdWcGt2TE41OGJCNk5tU05aZEtaN3JaeUpFTm94RzRkalBIS3RzdHlDRTViTlpCTUVTWnd5MWZWTURTTzRzVlFlRmNNM1hTRnJSZExTSFF6RWZKYmxNdzlMWGp0QnE0T3hLdlVzUFZ2SThkck9VUi1yeGVqNjFEX2JPeHNtLWVkMU45TXJNTlBKNzNlYWRnNnFfZ1l6bDA?oc=5,Google News,2025-03-10T07:00:00+00:00,0.0,,True,False,True,True,0.55,MEDIA,No,morena plantea iniciativa de programa económico a niños en orfandad tras casos de feminicidio en cdmx infobae,morena plantea iniciativa de programa económico a niños en orfandad tras casos de feminicidio en cdmx infobae,3.0,0.826890743078256,feminicidio sol méxico sol méxico huérfanos,195.0,0.41555301093913455,False,-1,,
Feminicidio De Niñas Y Adolescentes En México (a Octubre De 2024) - Blog de datos e incidencia política de REDIM,Feminicidio De Niñas Y Adolescentes En México (a Octubre De 2024) Blog de datos e incidencia política de REDIM,https://news.google.com/rss/articles/CBMisgFBVV95cUxPV29PNjI4cTEwMzVRaFhLQmd6SlB6NDdubXlYX2EtM2preG5FNXZ3UmRUNVZKUWV2Q05zN1o1OEdVeWVQOExsUHFqcHhyQ3lfWDNua1RGUUhYRFdSdXNoaU5vOXFJZ284eXdrWV9pbXpTb3Itb0ZNYmNQSlFsQlFLMjc3OV9JdXgyNjV5NVVKV19BSF9kbUUtQWlFdmVlWjM4eTFqUDRFTjl2TzJPS01ISHpn?oc=5,Google News,2024-11-21T08:00:00+00:00,12.0,,True,True,False,True,0.45,BAJA,Si,feminicidio de niñas y adolescentes en méxico a octubre de 2024 blog de datos e incidencia política de redim,feminicidio de niñas y adolescentes en méxico a octubre de 2024 blog de datos e incidencia política de redim,3.0,0.8343630776343562,feminicidio sol méxico sol méxico huérfanos,236.0,0.32538362860798914,False,-1,,
Infancias abandonadas: la realidad de las y los huérfanos por feminicidio - IBERO Puebla,Infancias abandonadas: la realidad de las y los huérfanos por feminicidio IBERO Puebla,https://news.google.com/rss/articles/CBMiaEFVX3lxTFBEd21YWm9aRDR1N1ZXbUhPUDJwNklyckx0RnR4LVNoYk9QTV9RZ184S1pFeEZZNmNwQ1VXWHdoSFk0OHZQaV9aZWlGMjAxSFdJUXMyOUlVSFlrX1dXNDVzUFZqVFUzdHZy?oc=5,Google News,2024-05-07T07:00:00+00:00,0.0,,True,False,True,True,0.55,MEDIA,No,infancias abandonadas la realidad de las y los huérfanos por feminicidio ibero puebla,infancias abandonadas la realidad de las y los huérfanos por feminicidio ibero puebla,7.0,0.7230032251212196,huérfanos feminicidio huérfanos feminicidio feminicidio méxico méxico infobae,229.0,0.36222909645191204,False,-1,,
Morena anuncia iniciativa de apoyo económico a huérfanos por feminicidio en CDMX; medida será mensual y gestionada por el DIF - El Universal,Morena anuncia iniciativa de apoyo económico a huérfanos por feminicidio en CDMX; medida será mensual y gestionada por el DIF El Universal,https://news.google.com/rss/articles/CBMi-gFBVV95cUxPVkkzVXFrWTZWc2huN3h4MHVMeUlvUzJITXRNUWptVGpkb1VSenZGc2tVRWlTUUp1NVdIbnFaYl84c2dDMXR4SGp5WFJfU0FWcllNdjhUR251OGFnd20zZGlWaVhmR2tMTDlUSHM0UTdOckw0cDRtQUhHc2doLUEtTVJMazdGMzFQZGE4UlpsU2V6WW9vclhQN0dLdGwtZVNleHhOWlNJZ2FCdHFVUWdRNDMyQkMxekR0Y3lHSDZHU0lGalB2WkNCemU2WHp1d0dFc3hEMUFOX2E0VVVJdm1rcXQzdC1zQmlrZXhiMkI1a2VDTk4zLW1VNHlB0gGOAkFVX3lxTE9JcTVYcW1uX291V2xVMmx6UE9qLVpQZ2RvOEp6VW5GeUlEYTd1TkZmSnF5Q3lPTmd5RG80U001NTBYajhESmNrRklRN2xXVnFfWXpBUjhnRWpOZXh6cjMxdkdxZG95dDVCYlFyNENqd2pCbFFBZ3JLSUs0ZTJLT25vaGhTdWc4c0ZoQlJ2SmlUd3RLVkk0LTJPVjBlTzVyOFFuVkFHYmhzb0xOMS1wa1NfcXNwbWgwT1dCcDRxZUxoZk8tX1FXaEVqNEs2V05pMWRnUW9WTG1MakhjejZJRWFURWhFWk1uNzRIV1Rra0FqdE1fdFEyMEJJcEJZYlROOURHeU16SHhvaHhpdm9pZw?oc=5,Google News,2025-03-09T08:00:00+00:00,0.0,,True,False,False,False,0.3,BAJA,No,morena anuncia iniciativa de apoyo económico a huérfanos por feminicidio en cdmx medida será mensual y gestionada por el dif el universal,morena anuncia iniciativa de apoyo económico a huérfanos por feminicidio en cdmx medida será mensual y gestionada por el dif el universal,7.0,0.8175180105178819,huérfanos feminicidio huérfanos feminicidio feminicidio méxico méxico infobae,237.0,0.2765610042805352,False,-1,,
Feminicidio De Niñas Y Adolescentes En México (a Agosto De 2024) - Blog de datos e incidencia política de REDIM,Feminicidio De Niñas Y Adolescentes En México (a Agosto De 2024) Blog de datos e incidencia política de REDIM,https://news.google.com/rss/articles/CBMisAFBVV95cUxQcWJHeFFVOXVmXzg1QVVOQXlMV2lNZndoOEREM19uZnlkajZuYmxtU0N6S3lLMU42c0xYMUVPaHBSQW5HTWlndHpfQ01Xek1USWdJZlJNcmRFUzRZSXVjVlRZamgxZFBaSzNvMkZmdmh3UlFJaF8tcnRRZERJaHVkc0ZRVTRacm0wVHJ0R2d1d0N4bWZ0aDlnd3VyTGhCRGZhS29ybkx2MGIwTXZObllJbg?oc=5,Google News,2024-09-23T07:00:00+00:00,12.0,,True,True,False,True,0.45,BAJA,Si,feminicidio de niñas y adolescentes en méxico a agosto de 2024 blog de datos e incidencia política de redim,feminicidio de niñas y adolescentes en méxico a agosto de 2024 blog de datos e incidencia política de redim,3.0,0.8341751636594562,feminicidio sol méxico sol méxico huérfanos,193.0,0.17872392625479339,False,-1,,
"Hijos de víctimas de feminicidio, en el abandono: Yasmín Esquivel - El Sol de México","Hijos de víctimas de feminicidio, en el abandono: Yasmín Esquivel El Sol de México",https://news.google.com/rss/articles/CBMiwwFBVV95cUxOYU0td0ZhQ0R4VEgzUXRaYWhJRHZEd3FwQmFhb2J3bUkxZXFGYnpac3FHdkcwQVdpdko5MHNBeWVyeWxoSjFQRjdDUHZoUHZBWkVtdDEtR25pTkRPcjN1bHNYQmEtNEFqRVhqdzg1UTYwMk5fNlgwME53NUFBUlNZUFVUX1pjWkN1bHJ0b01zYTNrTlIwQnhheU1EV003QUNuZXdGZ1llV2FlSW9ncGlyZGlISkZfNXB4QUd2LU1WTHhLc2s?oc=5,Google News,2025-03-15T07:00:00+00:00,0.0,,True,True,False,True,0.45,BAJA,Si,hijos de víctimas de feminicidio en el abandono yasmín esquivel el sol de méxico,hijos de víctimas de feminicidio en el abandono yasmín esquivel el sol de méxico,3.0,0.7824780913788545,feminicidio sol méxico sol méxico huérfanos,156.0,0.1986635201688745,False,-1,,
Feminicidio De Niñas Y Adolescentes En México (a Enero De 2024) - Blog de datos e incidencia política de REDIM,Feminicidio De Niñas Y Adolescentes En México (a Enero De 2024) Blog de datos e incidencia política de REDIM,https://news.google.com/rss/articles/CBMirwFBVV95cUxPOUFVOEs4SWJrWlJlMVA2RnBaUF8yV2RTRzZEOGJ5VlFGV3QwUFp3WElZRWF0WldRS2lNaDdNaGxfQW1kMUQ1Ti1xWm91alpmNjZ0VXNmWXFUZkhaTG1lS1VheDFoSXF0UEZmVDl4MHNGNFNyWWp5Yy1NVUlKS0VpTnFGaUNkSnd2WXJCckk0b1FHNEZWZXB6WHNsRER0LUVvbk95U3pCaEo0NG1Xc1BR?oc=5,Google News,2024-02-20T08:00:00+00:00,12.0,,True,True,False,True,0.45,BAJA,Si,feminicidio de niñas y adolescentes en méxico a enero de 2024 blog de datos e incidencia política de redim,feminicidio de niñas y adolescentes en méxico a enero de 2024 blog de datos e incidencia política de redim,3.0,0.8343313311211155,feminicidio sol méxico sol méxico huérfanos,166.0,0.41041392540407073,False,-1,,
Vinculan a proceso a menores acusados por el feminicidio de niña de 13 años en Ciudad Juárez - Fiscalía General del Estado de Chihuahua,Vinculan a proceso a menores acusados por el feminicidio de niña de 13 años en Ciudad Juárez Fiscalía General del Estado de Chihuahua,https://news.google.com/rss/articles/CBMixgFBVV95cUxOR2tTZkd1aDlJbGNIYmxQeU1wakh3bnRaUWNrbkYxTjhLWlpoZl9BSmtWQjdnWWZLMEI1cnowNjRHNjhlZF9YcUVIZHRLaWJGU2lLNmpEOXZheHdCVGdpQUhnUF9Vckh5U0FhQjN3VXE4XzdDYWJrWU05bjhTRTR5eTBxR3cxLVpGSHk1S0NqNXFOanJ1d0FJR3F5dkdmXzRuNkZYaWIyeDhTYmtSb19qbXhud0lYb1pMczI5QlZQZVNodFdVQnc?oc=5,Google News,2024-06-22T03:30:52+00:00,0.0,,True,False,False,False,0.3,BAJA,No,vinculan a proceso a menores acusados por el feminicidio de niña de 13 años en ciudad juárez fiscalía general del estado de chihuahua,vinculan a proceso a menores acusados por el feminicidio de niña de 13 años en ciudad juárez fiscalía general del estado de chihuahua,1.0,0.8219204917713437,madre asesinada méxico feminicidio tiros,224.0,0.36222909645191204,False,-1,,
"Diputados piden proteger a menores en orfandad por feminicidio - La Prensa | Noticias policiacas, locales, nacionales - El Sol de México","Diputados piden proteger a menores en orfandad por feminicidio - La Prensa | Noticias policiacas, locales, nacionales El Sol de México",https://news.google.com/rss/articles/CBMirwFBVV95cUxPMXlRc2hYMFp6NmN2czFkaklEN3RXdmRHckR3eExIY3RLR0JXV0ZjRGRKcWdsUnJkRHVlRzlvbW1BOTB3RG4xNEN2UVhJT3M1akZiTUtUVGRIX19kbkI4d1EyLVgxTHpzdVQ1bW5EMmpVZXZHbFpUWm1ZY21sTDd3RXBDdTZfOVljVy1LNjhJOWxPaDVRSWlwb2pNQkQza2IycWl3VW13SVZyVU04ei13?oc=5,Google News,2024-12-20T00:59:12+00:00,0.0,,True,False,True,True,0.55,MEDIA,No,diputados piden proteger a menores en orfandad por feminicidio la prensa noticias policiacas locales nacionales el sol de méxico,diputados piden proteger a menores en orfandad por feminicidio la prensa noticias policiacas locales nacionales el sol de méxico,5.0,0.47584710573952715,andrade ocurrido lomas natalia argentina,233.0,0.33036730475984966,False,-1,,
Feminicidio De Niñas Y Adolescentes En México (a Marzo De 2024) - Blog de datos e incidencia política de REDIM,Feminicidio De Niñas Y Adolescentes En México (a Marzo De 2024) Blog de datos e incidencia política de REDIM,https://news.google.com/rss/articles/CBMirwFBVV95cUxPV3gycDg0Y0Z2VVZGZktxekpEdHBtS19nVEhqdWNVR1Y4VWlaS0hidVZ6dWZmQ2M1ZXNOU2xlNk9xWUp4WWE3dTh0cTlyTWNWbGhqZ2V0dlRqa1J2aUs0eTRTSXdpX0huTEhOMGhjaUEwYktmSlg3akFEV1FtUWhKZGpFa3FFcUZVWVFmenlPWGVsT1I5cDN1VllTU3NxT1dfRXZ3aWlMUWVpc2ZOWWxB?oc=5,Google News,2024-04-19T07:00:00+00:00,12.0,,True,True,False,True,0.45,BAJA,Si,feminicidio de niñas y adolescentes en méxico a marzo de 2024 blog de datos e incidencia política de redim,feminicidio de niñas y adolescentes en méxico a marzo de 2024 blog de datos e incidencia política de redim,3.0,0.8375640340684732,feminicidio sol méxico sol méxico huérfanos,214.0,0.6456821573520387,False,-1,,
"Fortalece Gobierno de México atención a niñas, niños y adolescentes en condición de orfandad por feminicidio - Gob MX","Fortalece Gobierno de México atención a niñas, niños y adolescentes en condición de orfandad por feminicidio Gob MX",https://news.google.com/rss/articles/CBMi4gFBVV95cUxOem9VLWtiWW5qQVd6QzRSZHRLUFluUUNSemhfRUVYTFhUUEx0X245djZ5dVlmRTQ4MHdwcmZOR191OFRWekVLV1NHX1czWVU4UXRhR2cyVzlrLTZjdTNzVklYdTktdS1fOWpESXVLOG54YmwxUnhnRnE3Q25vOHBHbTlrTjI1cE1nWHhZcWRrSGdzVklLTUtITVBtZElDeTQxQVpwNWRNLTF6bE95NlVEQjhEcXEzbmN4UmJoak1YN3JXamNOSHlUU0paZndqWXRHc1AzRUtacXBiR2ZxR0JfalVB?oc=5,Google News,2021-08-09T07:00:00+00:00,0.0,,True,True,True,True,0.8,ALTA,Si,fortalece gobierno de méxico atención a niñas niños y adolescentes en condición de orfandad por feminicidio gob mx,fortalece gobierno de méxico atención a niñas niños y adolescentes en condición de orfandad por feminicidio gob mx,7.0,0.82076946480137,huérfanos feminicidio huérfanos feminicidio feminicidio méxico méxico infobae,172.0,0.11317095097336274,False,-1,,
Huérfanos por feminicidio en México: olvidados por el gobierno - Animal Politico,Huérfanos por feminicidio en México: olvidados por el gobierno Animal Politico,https://news.google.com/rss/articles/CBMimgFBVV95cUxQZUpENE1wYktyNlc4dWd3UFZlaGhmM192eTh0VlRJdkJOR0YzdDI2b2Y3cHhZOUNKQnpNcHZ0enZNU0hQWFREQkJmMXNpRG8wWnBiaDF6QXFseER2c1JmaWg1cGJsUHljWmY3eVFTQWMtTkhiX3VybHhVRDRzRHl3SEh2WnlsMzlTX0JmQWp2UTFLWUtfOEtnYjRB?oc=5,Google News,2024-04-30T07:00:00+00:00,0.0,,True,False,False,False,0.3,BAJA,No,huérfanos por feminicidio en méxico olvidados por el gobierno animal politico,huérfanos por feminicidio en méxico olvidados por el gobierno animal politico,7.0,0.7758755655124224,huérfanos feminicidio huérfanos feminicidio feminicidio méxico méxico infobae,219.0,0.38681299709678457,False,-1,,
Niñez en riesgo: feminicidio infantil - Ciencia UNAM,Niñez en riesgo: feminicidio infantil Ciencia UNAM,https://news.google.com/rss/articles/CBMiekFVX3lxTE1PV2pBTzY3QXEyVllhbFNObERyZ0FqX1p5ZEl6VEtVcm5leV9wVENJWXBydU56bUZWaGlXR1lCZ1lsUFFfZlo4THk2dklxNW5KYnRrdTF2d2x0TVlwRnR5SHRqeVlIQXJnclhHN0FidzYxUnZkWUhXSGlR?oc=5,Google News,2019-06-03T07:00:00+00:00,0.0,,True,False,False,False,0.35,BAJA,No,niñez en riesgo feminicidio infantil ciencia unam,niñez en riesgo feminicidio infantil ciencia unam,5.0,0.7669768132284679,andrade ocurrido lomas natalia argentina,237.0,0.5174096452046747,False,-1,,
"Garantizar seguridad social a hijos e hijas de madres víctimas de feminicidio, demandan en el Senado - senado.gob","Garantizar seguridad social a hijos e hijas de madres víctimas de feminicidio, demandan en el Senado senado.gob",https://news.google.com/rss/articles/CBMi_gFBVV95cUxQRUtpUjZZcHFzYWRLSFV3ODVvUFBTOUxLN1IwYTFJOWgtUnBUVGg1bGUyWExTOV9jaGpta2d1UEJzQm1IaEF5RVdjODgxMzVUMmxGd2tHRklrbXFWT0doVWtpSDBPd29SOE5MLXRSZjVBQUVDc2VQMHFiN3BzS0tYUUthZjFGZTdiQXYyX21WQTlOcG1iWUhpNVZabnRJTXlPdU1PTm5ZUkk2MkR6V3IyMXV6UjA4OTZPaW96UDRLd1BSV19XUkZENmRTUHNZREdSNS1tdU9fVzdlNGI5R0EtTjRNTmEzN1RQUWxfRWo2Tjhob1pidTgybWZLeHUyZw?oc=5,Google News,2024-04-14T07:00:00+00:00,0.0,,True,True,False,True,0.45,BAJA,Si,garantizar seguridad social a hijos e hijas de madres víctimas de feminicidio demandan en el senado senado gob,garantizar seguridad social a hijos e hijas de madres víctimas de feminicidio demandan en el senado senado gob,3.0,0.8013281006995461,feminicidio sol méxico sol méxico huérfanos,220.0,0.3634919519577502,False,-1,,
"Susana, madre de tres hijos: el más reciente feminicidio que conmociona a México - Telemundo","Susana, madre de tres hijos: el más reciente feminicidio que conmociona a México Telemundo",https://news.google.com/rss/articles/CBMi5wFBVV95cUxOR3FSNkdlOFJBSWxqNXMxNG12OFhiVWhhYkhwbGh6M3VvUTRJYjNWb19KWDhIYkhhS0E2ZzFDcUt2RmgxNDZGdzJoZy1rbHc5VXN1ODdhVURVcGtFa05NbWVQalQzSjNkMWZYcmpyNWNQb2N5THVWQXloX3ZZLWxNTERrWTJER0N2M2dad1VyNEU1LUR4bklQUUlxRW1Odk1LemJhZlVTMlBuU21ocXotVWg4alQyRFhHWXE1TGk2aWZCaTlDa0k5c1c0NGtTUU5tZ0xzWDI3YjV6YVZDT3dQbEI2NDlsV3fSAVxBVV95cUxNRFd6T1loM3ZSSHVZOGNxMHY3eEg2UHVoYXBoa2pNa0VBZFllcUJka2lPeTNIZXBJdWU1cGNhWF9WdU5SMlpOdkZHbTlkTE4yVTBWQkR1YkdrNTJ2Rg?oc=5,Google News,2022-03-31T07:00:00+00:00,0.0,,True,True,False,True,0.5,BAJA,Si,susana madre de tres hijos el más reciente feminicidio que conmociona a méxico telemundo,susana madre de tres hijos el más reciente feminicidio que conmociona a méxico telemundo,1.0,0.7733583806930501,madre asesinada méxico feminicidio tiros,223.0,0.32538362860798914,False,-1,,
"El asesinato de Abril Pérez, el feminicidio que indignó a México - BBC","El asesinato de Abril Pérez, el feminicidio que indignó a México BBC",https://news.google.com/rss/articles/CBMiakFVX3lxTE8zZ2swbTdOWHNnSTNXajFmWGRuNkwwZTJpNWxKNUVYUFdMcmtQcWJTMjBncllMN3dQN3hERmZLcEdYTGVXdVEwQ0FENFlZVWdJOTBXak1uYzAydjZiLVVIUkxDMXhEUl94LWfSAW9BVV95cUxQV0M1N2lDZVRTWlpsdDNuYWphQ0xTcm5IWlp1Qm9WUHczR1Qtc21MY3M5d053dHZFbjBRdTBzRXpwSDZFZ3c5VzRfN3pheW5pYnZUMkVmdjhkaHA4bjVvVTZfSlVmbUJFNGhzSzZXdlU?oc=5,Google News,2019-11-29T08:00:00+00:00,0.0,,True,False,False,False,0.3,BAJA,No,el asesinato de abril pérez el feminicidio que indignó a méxico bbc,el asesinato de abril pérez el feminicidio que indignó a méxico bbc,5.0,0.7358575573628722,andrade ocurrido lomas natalia argentina,173.0,0.5797985880376173,False,-1,,
"Feminicidio infantil, otro mal endémico en América Latina - DW","Feminicidio infantil, otro mal endémico en América Latina DW",https://news.google.com/rss/articles/CBMioAFBVV95cUxOa0puSzB1YTh4eHR5SnFwM1lmNW1KUF9FVVFGNDFGalk5X2xZTkVHSkJBYjNXSlR4cENJZ1c0c29aTWZzcXFIS3JLbXctLXkteEc3VjdOUHVSdzRtaURQcFM1RDFFY2hnOVZIRnVnSVRtU0NEVW1WTXItaTVJV1VQaWtXdWJHWGJhVEE3a3VYM0pNYkY3NHcwcFZjV2hWaXlG0gGgAUFVX3lxTE9lZ1Y2Mk5aZkh4MHZlTmZhTUxJcEwzaVhSdWNvUnNDVDNyclpHQmFVbXJWZFJ2eG8wWmdGU1FKTlBuTUxtQjNVR3E3UWRyNWRCWW1tVjR1N3c4SWRwekcyNGYwTG96TVRpMzBmMVhJQkl6dDdHVDBqODBqUlBQdGxPcnVxakpUUlBVU25oMkdrYzJuTnQtM0NTWnVIcXVmWmw?oc=5,Google News,2024-04-25T07:00:00+00:00,0.0,,True,False,False,False,0.35,BAJA,No,feminicidio infantil otro mal endémico en américa latina dw,feminicidio infantil otro mal endémico en américa latina dw,5.0,0.7234389295848966,andrade ocurrido lomas natalia argentina,152.0,0.3620842961477928,False,-1,,
"La historia de Marisela Escobedo, la mujer asesinada en México por indagar el feminicidio de su hija - BBC","La historia de Marisela Escobedo, la mujer asesinada en México por indagar el feminicidio de su hija BBC",https://news.google.com/rss/articles/CBMiakFVX3lxTFBaT3NrM2xISEluUm1FSk5TVDBiRHFUeVZ3YnROTWRmVHRzZGxVdWNZXy1SdXhtcEhLLV9MZjZjdTcwdlA3cGVSX1lCQUE2ZUZ1aENOOWZNYWJGMGdubjVua0liNlhXZ0IzcHfSAW9BVV95cUxOZWNFZzQyeWdVeERDak51SXYzZXFqLXFpSTJDYnFnN1RIdFotemh5M0Y0TDFCeWlzWmZEVW9PMmYtRTk0SF9QdEJlUmlNWUdJREpQTm42czVhY0M1cnI4Y3psWnJ0WHhxZWdKcXU1Mk0?oc=5,Google News,2020-10-15T07:00:00+00:00,0.0,,True,True,False,True,0.5,MEDIA,Si,la historia de marisela escobedo la mujer asesinada en méxico por indagar el feminicidio de su hija bbc,la historia de marisela escobedo la mujer asesinada en méxico por indagar el feminicidio de su hija bbc,1.0,0.7640872209588175,madre asesinada méxico feminicidio tiros,217.0,0.17181655146096192,False,-1,,
Huérfanos por feminicidio en abandono gubernamental - Proceso,Huérfanos por feminicidio en abandono gubernamental Proceso,https://news.google.com/rss/articles/CBMirgFBVV95cUxPYklyenN5LUUwWkZNZWFWYUNqV2dHZWs0d3MtRVdNNkFwN2JpUVZlMHdXSXJZUVlHVVJsWG9pNDI0Vjd4RzlnZ0pld3JQYXpCQ3V5R1p4QURtaDIxMGhwTXctQS1oUkt2eEowUWNlZ2FpdktmTHM2b0VjcXpfZUg4ZGQwb3YtQVpnTGh3QTNyNWZjcWdMMHRIWkIxN1Q1U0dLQ0loejNNMkllSFhwV1HSAa4BQVVfeXFMT2JJcnpzeS1FMFpGTWVhVmFDaldnR2VrNHdzLUVXTTZBcDdiaVFWZTB3V0lyWVFZR1VSbFhvaTQyNFY3eEc5Z2dKZXdyUGF6QkN1eUdaeEFEbWgyMTBocE13LUEtaFJLdnhKMFFjZWdhaXZLZkxzNm9FY3F6X2VIOGRkMG92LUFaZ0xod0EzcjVmY3FnTDB0SFpCMTdUNVNHS0NJaHozTTJJZUhYcFdR?oc=5,Google News,2024-04-30T07:00:00+00:00,0.0,,True,False,False,False,0.3,BAJA,No,huérfanos por feminicidio en abandono gubernamental proceso,huérfanos por feminicidio en abandono gubernamental proceso,7.0,0.7395147625578156,huérfanos feminicidio huérfanos feminicidio feminicidio méxico méxico infobae,200.0,0.7699417598212921,True,2,Huérfanos por feminicidio: México solo reconoce como víctimas a 238 niños y niñas - Animal Politico,Google News
México alcanza un récord histórico en feminicidio contra menores en 2018 - EL PAÍS,México alcanza un récord histórico en feminicidio contra menores en 2018 EL PAÍS,https://news.google.com/rss/articles/CBMifkFVX3lxTE9oVTNUZUJ1WWI0emRXN1JsUl80NGR3Vzlvbmpxdk5uaE1mdV83WFAtaUw2RENQSGlwUW5lOHkwWlhIU2cwSG45MHFlMFUtWHNjUHRrMEdjRjNIV2tLQ2lTbXFGbXl6TXB4TDBBRmxwTjZTbUtPSXNLTEQ2WENQUdIBkgFBVV95cUxPRE5pRUhVeER0dEpZOWZJYkVwUk5QZVVRUXg0dEVaUlB3dkNDVm9JV3dyNkRRVlpUb1FOMGxqXzZJT2lrS1NscGtzN1pNXzh6YVM4OEVtMl93T3BJRmk2V3lXa1VPLVctT0k0bFBSZDNGTFF3UVRBNWlrQUU2VmRDbGdlbW12Nzl0cXRGTmJnVzNVdw?oc=5,Google News,2019-03-08T08:00:00+00:00,-1.0,,True,False,False,False,0.3,BAJA,No,méxico alcanza un récord histórico en feminicidio contra menores en 2018 el país,méxico alcanza un récord histórico en feminicidio contra menores en 2018 el país,2.0,0.5201048692509731,mundial asalto rica costa costa rica,155.0,0.32725640616566265,False,-1,,
"Feminicidios en México: las profundas secuelas que sufren los niños, las víctimas olvidadas de esta tragedia - BBC","Feminicidios en México: las profundas secuelas que sufren los niños, las víctimas olvidadas de esta tragedia BBC",https://news.google.com/rss/articles/CBMiakFVX3lxTFBPUzFOam9kTUJPVDR6azJNU3NhT2lmdUItQ3lra2hwamVMUS1FTzRYTDBvNGJGMXVoZGYzcFpSdVU3Q1hxT05pYTZsYWNXRDlMM2tDNmJRN1ZHZ1ZwcGYyZERxOWprNlFlYlHSAW9BVV95cUxNYmpjTFoxLVozbDR5bFlNMWlNN0Rjb0VIYUJ0ZGJxSzhrUHBYMUF4MG5UMlctcWp3eGQ5X3JFcEwxd2R2dVZyaUVadmhBakJJZS1GT1M1dUgzYjFDNFNad1RaWEZfMXVreEtMTDVUd3M?oc=5,Google News,2020-02-27T08:00:00+00:00,0.0,,True,False,False,False,0.3,BAJA,No,feminicidios en méxico las profundas secuelas que sufren los niños las víctimas olvidadas de esta tragedia bbc,feminicidios en méxico las profundas secuelas que sufren los niños las víctimas olvidadas de esta tragedia bbc,1.0,0.7528264027177743,madre asesinada méxico feminicidio tiros,213.0,0.287578217413927,False,-1,,
Huérfanos por feminicidio: México solo reconoce como víctimas a 238 niños y niñas - Animal Politico,Huérfanos por feminicidio: México solo reconoce como víctimas a 238 niños y niñas Animal Politico,https://news.google.com/rss/articles/CBMingJBVV95cUxOSW5JVWxEbzFXUEJsZzhHMFZWd3FjZWJDRldtQkFLWVVxWGhGcHVwVS12MXo4akxfNTA1SzBKa1FWekVRQWlFTm4zY3pNNjdfMy03WDRwMjRrZVBCS0MtS3lEdjY1UG43clRxcDIzNEtUdlRURmlBUk5UOXlWNHRUN09nbEVHR3c3WEFNV0x4ZDdZbGx4QzI2aFJoRzlFdUluVHVDQ1kzUVFmZkwxMzlET09XUkx5UnZqM2MyYjRkMHhkeXdLX3JqSGJ6dllkR0p4UkxYU29GcVJTOWRfVDMwOTJlU0ljR09hR1BrR05MYWwyYWI2ZnFqREZyTDlWYzB1YlZGb3hrUGxxTXByaHBFWFpRNmZreXRTTS1CaVln?oc=5,Google News,2019-08-19T07:00:00+00:00,0.0,,True,False,False,False,0.3,BAJA,No,huérfanos por feminicidio méxico solo reconoce como víctimas a 238 niños y niñas animal politico,huérfanos por feminicidio méxico solo reconoce como víctimas a 238 niños y niñas animal politico,7.0,0.8289712212510622,huérfanos feminicidio huérfanos feminicidio feminicidio méxico méxico infobae,166.0,0.1879814440585278,False,-1,,
Teresita Fue Asesinada Frente a Sus Hijos: Su Familia Aún Espera Justicia por el Feminicidio - N+,Teresita Fue Asesinada Frente a Sus Hijos: Su Familia Aún Espera Justicia por el Feminicidio N+,https://news.google.com/rss/articles/CBMiwAFBVV95cUxNQkF3WDRqYXo4bGFBOUpuUzV2bllnbzdnVkUxZnVOeTlRa1hoUENpR3RKbWY1Qnl2bmJZMWN4NVZlU1FEQXFBS0FWdHZuS1dBTGl1MlBlSkk4d3djaW5ENEw3c3FuaDM1WFhTV0NRc0NXcWFmd0YxbzNZbzNCWlBWQjltbEpSOHhoRXVnTVA3bFY4d2VCWTZmeUNzcGtLTzdMbWJweUYzM2xMMmRwYjFiWUdYWHBlOTdBR3RWOUFOVU0?oc=5,Google News,2024-05-30T07:00:00+00:00,0.0,,True,True,False,True,0.45,BAJA,Si,teresita fue asesinada frente a sus hijos su familia aún espera justicia por el feminicidio n,teresita fue asesinada frente a sus hijos su familia aún espera justicia por el feminicidio n,1.0,0.7666926988926452,madre asesinada méxico feminicidio tiros,167.0,0.3590392170070579,False,-1,,
"Víctimas de feminicidio necesitan reparación integral, no sólo económica - cimacnoticias.com.mx","Víctimas de feminicidio necesitan reparación integral, no sólo económica cimacnoticias.com.mx",https://news.google.com/rss/articles/CBMisgFBVV95cUxQeWJhQjhpeWd5dGV5TW92UGFKb0kwVVhQbUFhQUdKMDBjWjJ5UDZrN0tYcm9GNnVlbkVqVERMWnlwQmhrUklXdmpkVFZud1Y3ZVpNeEV4SnJ4NVdockhCcmpuVS1zTlZ4eVloM0NTYm5lVXkwRnp3N3NpTTI2Y2F2WUw0dzhmVDFwUVRBWlFwdTNpSnc5ZmlnLVlXUGpkb1RKbXJ0N3RlSTlhZDA0aVU1OXpn?oc=5,Google News,2020-08-21T07:00:00+00:00,0.0,,True,False,False,False,0.3,BAJA,No,víctimas de feminicidio necesitan reparación integral no sólo económica cimacnoticias com mx,víctimas de feminicidio necesitan reparación integral no sólo económica cimacnoticias com mx,4.0,0.806886475585628,víctimas feminicidio víctimas feminicidio hijos marcha,154.0,0.8628502510717887,True,1,Promueve Nora Yessica Merino la “Ley Monzón” para proteger a hijos de mujeres víctimas de feminicidio - Cámara de Diputados,Google News
"Prevalecen violencias contra niñas en México: 745 feminicidios de menores y más de 5 mil desaparecidas, registra Save The Children - Animal Politico","Prevalecen violencias contra niñas en México: 745 feminicidios de menores y más de 5 mil desaparecidas, registra Save The Children Animal Politico",https://news.google.com/rss/articles/CBMipgFBVV95cUxNZm94ekI0UjVBTUljc1IyNkRFVlZfOV9ENUg2bTFFa0o0a3diVTAzb1ZzN29oOUVSVVlfZGVMRHZweFJjdmZLV2d0MzBMZ3Jib3psX2VQdFJwMXZDWDVqTnhJMjZxWnNXYkVCY0VzZ3NRc0ttQmRUb1dKT2hHRlUtTzFZSjNFLUxYTGpGU2RPcWhWS1RTdkhaazBDamlLdUthV1R3cmtn?oc=5,Google News,2024-10-04T07:00:00+00:00,0.0,,True,False,False,False,0.3,BAJA,No,prevalecen violencias contra niñas en méxico 745 feminicidios de menores y más de 5 mil desaparecidas registra save the children animal politico,prevalecen violencias contra niñas en méxico 745 feminicidios de menores y más de 5 mil desaparecidas registra save the children animal politico,1.0,0.8208009438279591,madre asesinada méxico feminicidio tiros,184.0,0.23713234579263973,False,-1,,
"En 2022, al menos 4,050 mujeres fueron víctimas de feminicidio en Latinoamérica - Forbes México","En 2022, al menos 4,050 mujeres fueron víctimas de feminicidio en Latinoamérica Forbes México",https://news.google.com/rss/articles/CBMiogFBVV95cUxOOGlFbzNWdkgzWl9zNUFEdWFweXVhWk56aG5HbnRTYWZMUzF1Rm1xYU5jRFZmcjdyWWtOQm5kckpaaS1tYWp4SEJwV2x4TkN1TDJvWk1MZk5COFdRM3p0ZTVIcVRDcVF5cGxiQjRFRnh6eUh4OTJwWXV3aktGZ05PQ1hjRGVNdldJVEY2R2hZc05LTXZVT0ZrbUN3aVJpTlQ3YlE?oc=5,Google News,2023-11-24T08:00:00+00:00,0.0,,True,False,False,False,0.3,BAJA,No,en 2022 al menos 4 050 mujeres fueron víctimas de feminicidio en latinoamérica forbes méxico,en 2022 al menos 4 050 mujeres fueron víctimas de feminicidio en latinoamérica forbes méxico,4.0,0.7809936987966165,víctimas feminicidio víctimas feminicidio hijos marcha,160.0,0.32856490563212415,False,-1,,
Orfandad por feminicidio - cimacnoticias.com.mx,Orfandad por feminicidio cimacnoticias.com.mx,https://news.google.com/rss/articles/CBMic0FVX3lxTE92Rm5sZTBDczduazhNWW10MllhYVRIYlI5VGQyOFVJb3h0S0dUUExheFN0c3RsVVc5YjlxZzJpNHg1dWNycXNJOWZZd1RjdnRwVnh0TDBPNlF3Tjk3dGgtRF9QLU9sYWVRS3J3cFJzMWtjcnc?oc=5,Google News,2020-08-13T07:00:00+00:00,0.0,,True,False,True,True,0.55,MEDIA,No,orfandad por feminicidio cimacnoticias com mx,orfandad por feminicidio cimacnoticias com mx,4.0,0.7778461426506266,víctimas feminicidio víctimas feminicidio hijos marcha,179.0,0.16492023554463683,False,-1,,
Mujer asesina a tiros a sus dos hijos en Oaxaca; juez la vincula a proceso por homicidio y feminicidio - Infobae,Mujer asesina a tiros a sus dos hijos en Oaxaca; juez la vincula a proceso por homicidio y feminicidio Infobae,https://news.google.com/rss/articles/CBMi3AFBVV95cUxNbkJnUXd1dHMyaElTODAxcEZhSWh0T1o0VEVwWXg4UHBRYkU5c3RUUmVEb0VIM3BuUlRJMk5yN2lFVjQxZzlRb1ZNT1hqbjR6d1Nadlh6SDFKX21vUEpzdHRhRVhnU09jYWZQMkF6ZWJhOGFBODFQd1VQb3hZT2RKZV9tZWFXclpneE9Ba1ozZnJ1RzRLbk5EOVFlMkVTNnpJbGlibHo0emg3NlRMOG1ESmlWNXlaaWdRaW9CTVBhVVJtZGRMRExJUjI5S0pDbXJndXdQUlBBR2NhMWVB0gH3AUFVX3lxTFBMVzNraTByU3liZjdfX0lnOXRzZ2M0cS0xNlAyczVBZ0xhQU9QTnJzY0hFUFgzRXJhVlVlTC1QZDJMZUxFNWZPUTh1RjlXMHl1Zl9YaDFFc3BrcmxPUGJlRk1pbXZURUN0N0VielVZNlM4VmlBdzE1YUNsa3V1TjBxVXdHRjZLTno3S0p5dkhPck81bUNEZXRZdGZEUWJQRl9hSEJocjFVTHFUTDB2N2hneHNIWmcwQk43WjBKMjZJZ1JOQktxZTI5X3JBSVplM1cydk9MbGtodDdDRV90N2p5MFhtejFMUUVwdXlaY3hLUUdKTWljWWs?oc=5,Google News,2024-04-28T07:00:00+00:00,0.0,,True,True,False,True,0.45,BAJA,Si,mujer asesina a tiros a sus dos hijos en oaxaca juez la vincula a proceso por homicidio y feminicidio infobae,mujer asesina a tiros a sus dos hijos en oaxaca juez la vincula a proceso por homicidio y feminicidio infobae,1.0,0.7770750507031513,madre asesinada méxico feminicidio tiros,209.0,0.26686225572426236,False,-1,,
"México, el país de los feminicidios disfrazados: 1 de cada 5 se oculta bajo una categoría delictiva distinta - Animal Politico","México, el país de los feminicidios disfrazados: 1 de cada 5 se oculta bajo una categoría delictiva distinta Animal Politico",https://news.google.com/rss/articles/CBMimgFBVV95cUxNWWRVc0cyRUNyMk5rY01MeGt6STI4T013NmNpZnR2am5XcnQ2dU02WndraUFzSTFkY0REb25hUmxNUkpfdnczR2pmZTMzMER5MzFYT243eTFDUlVyVUZpZEFKeWVrVTVZRGEtYlRZSlFWY2FGdG92cXNiSEFNVENRUGRRWXZ5T2dTX09Dckd1b3IwWUIxczNKY29n?oc=5,Google News,2024-05-15T07:00:00+00:00,0.0,,True,False,False,False,0.3,BAJA,No,méxico el país de los feminicidios disfrazados 1 de cada 5 se oculta bajo una categoría delictiva distinta animal politico,méxico el país de los feminicidios disfrazados 1 de cada 5 se oculta bajo una categoría delictiva distinta animal politico,1.0,0.8060778152522214,madre asesinada méxico feminicidio tiros,238.0,0.13653150622583915,False,-1,,
Estado mexicano omiso ante familias desplazadas por feminicidio. Caso Fátima y Daniel Quintana - cimacnoticias.com.mx,Estado mexicano omiso ante familias desplazadas por feminicidio. Caso Fátima y Daniel Quintana cimacnoticias.com.mx,https://news.google.com/rss/articles/CBMizwFBVV95cUxOZkQzbHBiWVdLVVB2b2pwLV9qU3hyTFlTX3BfajV1emJxbUwwUHdOenNNVFhZUndqV1dXcWFCX2RqLXJseGZlbER0X29OdG5SM2ptdndUaHFGSlB3dU0zbHNrZ1NISTA1OEpUcUdzRDgtMF9fdmNHOVdqTk1MQXQzbFZvb1Fqb1FNQmVUank2cnZqRGU2VmprZUQ3YmJVX2ltV3dITm9wcFpDNmgzT0I0UDdfeWludzItN2JyVWJaQ05tR25jSlRUc2NtYUhSTTg?oc=5,Google News,2023-09-14T07:00:00+00:00,0.0,,True,False,False,False,0.3,BAJA,No,estado mexicano omiso ante familias desplazadas por feminicidio caso fátima y daniel quintana cimacnoticias com mx,estado mexicano omiso ante familias desplazadas por feminicidio caso fátima y daniel quintana cimacnoticias com mx,1.0,0.8126853896826024,madre asesinada méxico feminicidio tiros,189.0,0.41007249925816674,False,-1,,
Hijos de mujeres víctimas de feminicidio tendrán acceso prioritario a programas sociales - El Sol de México,Hijos de mujeres víctimas de feminicidio tendrán acceso prioritario a programas sociales El Sol de México,https://news.google.com/rss/articles/CBMi1wFBVV95cUxQY25nZTlFb2YwcFI1MVVRWEUwNWRDQ0xlaGZpRGxPQXl1Z3RtVFlaYmdfc3prMnNjZFZlY2ItSko4QmpaVlNYRkJvdDNmNzM4a1RYalJQSUhKcVFPOFpPR2JyaHg0LWN4a1ByM3RudDV6cHA5bThLSndxWVlwTnd2WW55LUVwNE1nRVVuZUc4NFhJeVpWclAzWkw1MnFCSGFEU1VXZlMzNFZoZGZtU0laWUlhVGhFejNlLVUybk9MbGNUTThVVlRlQzFxb1V1b1JJb0Q2RlhpMA?oc=5,Google News,2024-03-26T07:00:00+00:00,0.0,,True,True,False,True,0.45,BAJA,Si,hijos de mujeres víctimas de feminicidio tendrán acceso prioritario a programas sociales el sol de méxico,hijos de mujeres víctimas de feminicidio tendrán acceso prioritario a programas sociales el sol de méxico,3.0,0.8106390609641358,feminicidio sol méxico sol méxico huérfanos,67.0,0.1515527896127082,False,-1,,
Fiscalía de CDMX busca acusar de tentativa de feminicidio a adolescente de 13 años que apuñaló a su exnovia - Infobae,Fiscalía de CDMX busca acusar de tentativa de feminicidio a adolescente de 13 años que apuñaló a su exnovia Infobae,https://news.google.com/rss/articles/CBMi5AFBVV95cUxNSTFiNDJubDBRZ2gwbW5iSTlUUS1xaWNhYS1hVkYxenBxbWU4a1BSUEtmcmRnb05rTUhSSl9KelczZmt2ZHNBeU5hSDhpb0xKb3VGSlBvMlNiNGplbV9mQXlrZ2JFVVd2UWt3TWFSNlNRcVg5WWtEc0RrekhGV2g0QVBXOThhY2t3SkpBSkxCNGt4OG56cXZuTndTRUgxc0FMdy12TGVsajE0UXNrZGRlcVZmRXpINXl2N1Focl9TUFVURWFubm5BS3IzMXNXdV96YWR0V0FvdFRJUk9RdlZFOW1WVjjSAf8BQVVfeXFMT2xJYjJIaDVrSDNXdkhuZ1NKLW1qMEctMkd4aHRIQXFfWEt1Z1RNZV9CSVBuSDdTbFlOZHlEVFhRRzdZdE5uemxxU2tHQ3NqZFMxVC1pTTZMUUx3b0JjaTYxOVhXazZNVmUwY2NuZURNcnpLVURETFdHbnJqTVpnX1NZSTd3dkpvcUI3Q2Z3VXRPWFNwYlgyczF0MlctNHIxZ0dEX3lYSkFuaWNzb1k2eW1qVDEyRGZZSXl5Yk9kTzJhLTJ2Z25wWU11bjhHTlhQYThXZXhHVHhpU0dOQnlkTlhjOS1ZeUdNZmIwT0tKUkhIQmEtTDcxMmpKTFZzdThF?oc=5,Google News,2024-04-23T07:00:00+00:00,0.0,,True,True,False,True,0.45,BAJA,Si,fiscalía de cdmx busca acusar de tentativa de feminicidio a adolescente de 13 años que apuñaló a su exnovia infobae,fiscalía de cdmx busca acusar de tentativa de feminicidio a adolescente de 13 años que apuñaló a su exnovia infobae,1.0,0.7935694157081492,madre asesinada méxico feminicidio tiros,259.0,0.17596048355721355,False,-1,,
#JusticiaParaAnaPaola: el asesinato de una niña de 13 años en su casa que demuestra que la violencia contra las mujeres en México no se detiene ni en cuarentena - BBC,#JusticiaParaAnaPaola: el asesinato de una niña de 13 años en su casa que demuestra que la violencia contra las mujeres en México no se detiene ni en cuarentena BBC,https://news.google.com/rss/articles/CBMiakFVX3lxTFBYb2JfRWhIcURNakIzLTZLcXlsQjNSQmhwaVNqcWRlUjZfYjNWYzlxeXA5c1pmRzVsSVJGbGN4Vi1MM0NZNVVJUFVHcjgzd0dEdHRsZmsyQUNkVGw0VVBxeUJxTXVpemZWbmfSAW9BVV95cUxQalpsUkNQcmNWdjRrbUJjSDhKNmZZSjZZRDh5Vl9DZEpldjFjSHhEbkZ2MW9MU1Fyem5HX3E3eVRRZUhPcUpDc3dfT1dvdVVVTFpLMldhdFFvYzhYZ1BuU1ptZmxpejJFMGJuVE0xV1E?oc=5,Google News,2020-04-07T07:00:00+00:00,0.0,,True,False,False,False,0.3,BAJA,No,justiciaparaanapaola el asesinato de una niña de 13 años en su casa que demuestra que la violencia contra las mujeres en méxico no se detiene ni en cuarentena bbc,justiciaparaanapaola el asesinato de una niña de 13 años en su casa que demuestra que la violencia contra las mujeres en méxico no se detiene ni en cuarentena bbc,1.0,0.825796809496313,madre asesinada méxico feminicidio tiros,240.0,0.274172092496047,False,-1,,
Congreso trabaja en iniciativa contra la orfandad por casos de feminicidio en la CDMX - Infobae,Congreso trabaja en iniciativa contra la orfandad por casos de feminicidio en la CDMX Infobae,https://news.google.com/rss/articles/CBMixwFBVV95cUxPaGZWbXE3QzVFeEg0Skc2dFJjaXJjV1QwaGNYa1VoVm9qSU8ycTg1ZFJsczBpSThQSzMxQ21DSEJCMkk4OXdJZEVFbFdvOU1CZkhSS094SWFRcDk1NEFRSFlYTTRfWUNScjRHVHpJRWVmcS1QS2ZJT3hhSFluYWVLemZYZWEtcG5PT3pwVlhZbnNhVmVNa3N3ajdFMi1aYTRIMV9iaG5WQXRaTC1meWlIWklhTktMREJFOTBCLXNwZWJxY1NUWS040gHiAUFVX3lxTE5iUXpBck5MQ0k4Q2ZvUF9GaVFUNTVYR01ZU3lnMUVtVlFLQzlndk9wV3NuV0FBY28tcVhYdnFDRk8yTlZPOW52VDZINlpqbURLTHNsWGdybHhyOWVsZzFMMGxDM1pLeHVieEl0cTFyVExyVGxZNlFWSHVWUjlNSmRfOW5zVl9kM0toVXVGakh3cWROTlpVQjRBbVZ6VjlmVnFodXRITjNjQUxRaXVCdGhiUGR5VWxXa2tRODdvMjFlWkR3d1N4M3R5TTktd1lkOVliS0NUZ1hXSnVNOExwaWhTV0E?oc=5,Google News,2023-11-01T07:00:00+00:00,0.0,,True,False,True,True,0.55,MEDIA,No,congreso trabaja en iniciativa contra la orfandad por casos de feminicidio en la cdmx infobae,congreso trabaja en iniciativa contra la orfandad por casos de feminicidio en la cdmx infobae,3.0,0.8116686231466987,feminicidio sol méxico sol méxico huérfanos,181.0,0.1641281585533186,False,-1,,
Camila Gómez: uno de los más de 340 feminicidios infantiles en la administración de AMLO - Infobae,Camila Gómez: uno de los más de 340 feminicidios infantiles en la administración de AMLO Infobae,https://news.google.com/rss/articles/CBMiygFBVV95cUxQNzNDemVvN2U4d0UtMndkYWxJZWVheFdXVTgzRUtLVFBjbVJNNXBtZ0swdjk2RzJmTVRVOHRoVHRIbXFfZmphM25DSEVWSTBFY1hESzhyX2g0emd5QTJTZmNsaExoNG15bXo3c3AzYktFNmRhWHBwZ1duWUVuSk54Nm5ncTFZazFnMFRiNWlKWWtIS201SmJFWkJvQ3U1UEl0cnY0Q2lLblMwSDQ4MDFZdmRVaXUzbllVZlJiamNoQ2lUT3NtWG5lRElB0gHkAUFVX3lxTE9KQ2FCa3AyU2M3OGowY29HSXRaV1VTenRtM1VQVFRhVm5XUjJiajhva2hVYW5FWmhBd1FGZXZmX193SzEzaFFUTUljRzZpazQzdzBPMEFwZHNBeXBWM09lX05oMHVxbFI5bVVaRmVMam8tR0sxWC1JVXUxMmxsUHJZeElZTjhwRkkyQWNqZjdpZFNDMnludVc3bW9ncHltMTBLZk1RQ0lKcWt4MWJiT2drUl9reEVVeDJ1QV96WVlBS1JEZENKZzdLOUduODI0NGlCQXhkN2luMFJMZ2Mxa1UtZk1aWA?oc=5,Google News,2024-03-28T07:00:00+00:00,0.0,,True,False,False,False,0.3,BAJA,No,camila gómez uno de los más de 340 feminicidios infantiles en la administración de amlo infobae,camila gómez uno de los más de 340 feminicidios infantiles en la administración de amlo infobae,6.0,0.7575308781713282,15 es negro senado menores edad,257.0,0.48366730881011205,False,-1,,
Madres de víctimas de feminicidio y niños huérfanos marcan el Día de las Madres en México - Hola News,Madres de víctimas de feminicidio y niños huérfanos marcan el Día de las Madres en México Hola News,https://news.google.com/rss/articles/CBMisAFBVV95cUxQdXk4MzZiekliSXJtcG1MZXpLNHZydlJyNl90eVJ2RGUxVmJjSWpWekdYaG0xRzJpc1dLZDFnRlpvdXJqUU9Pa2lZT3RWZUJFZjZ6clpXNU1HSVptMzNCLXUwWTJXS2haWDJUcVJjOEkxTWViYXFDaXgzNFhjVXF5b0V0b056V05TbkRDX3lYTEVaQUVJbm5YbEowOUhrSm1iSmZNYUZRLURiT2VfbFZhdQ?oc=5,Google News,2024-05-10T07:00:00+00:00,0.0,,True,False,False,False,0.3,BAJA,No,madres de víctimas de feminicidio y niños huérfanos marcan el día de las madres en méxico hola news,madres de víctimas de feminicidio y niños huérfanos marcan el día de las madres en méxico hola news,3.0,0.7507107090157739,feminicidio sol méxico sol méxico huérfanos,256.0,0.48366730881011205,False,-1,,
Edomex otorga apoyo económico a niños y adolescentes en orfandad por feminicidio y desaparición - Milenio,Edomex otorga apoyo económico a niños y adolescentes en orfandad por feminicidio y desaparición Milenio,https://news.google.com/rss/articles/CBMipwFBVV95cUxNNTBwMS1sc1l5RVlsb3lKVkFCdmpFS1NjSVh0RXdsaXlLTTlqMmZFdHRnQzd4NFFaY1FwLTVKV0xJckE5aUNDWUplekU2MU5uTGJUMzkySThsVEdXSnN6SUpFSlhTVmIyZy1zZEtkTVk1NXIydVg4UFhkTEdTTlhBd3N6cnJPZnpRTDhKTlJ2aGZBQVhPZGdpQjVIdXVKZ3UwNnNac01VNNIBpwFBVV95cUxQbVpualZrbmRxNXUxanpEWWR1UUNFaTVaXzluQmRKNEZxX2E5UXY4OWFXZHlGZ3hiRUJnTjJJaEFmbHpZdGQ0MUozVl9BVk43VDY0amFtQl9HUG4tcFVNQ3Q4allBS3JmVFZScGV6VzFUT0RlVktEREZGVG5LWUR0aThUZ0Y1dkFzUktYbF90bUQ4N2hpU1lKaWJrS0EtUTFDTDFxZzVDMA?oc=5,Google News,2024-06-16T07:00:00+00:00,0.0,,True,True,True,True,0.8,ALTA,Si,edomex otorga apoyo económico a niños y adolescentes en orfandad por feminicidio y desaparición milenio,edomex otorga apoyo económico a niños y adolescentes en orfandad por feminicidio y desaparición milenio,3.0,0.8128757789360435,feminicidio sol méxico sol méxico huérfanos,206.0,0.16077794362335962,False,-1,,
El país de los feminicidios disfrazados: sólo 0.6% de casos alcanzan la justicia en México - Animal Politico,El país de los feminicidios disfrazados: sólo 0.6% de casos alcanzan la justicia en México Animal Politico,https://news.google.com/rss/articles/CBMipgFBVV95cUxPb3RvUHRCcnFORlNRQ0VjQXJ5QUk5akM1cGYwV19hMndUaDlFRDNmTnAxVWtYZ3NpcUtiQ0VVb19GZUdXZUFkUmZ3Y1lFM2k0YWRialJuUEVHSjg5Tl95WlhHMTFqR0RZd0U4WWtUbmlySGl3a3p5UVZfYzBNRWxHVVRLb3M2dkhvYTEwdGxhWTYxVjAxRG42OE9LR1dGSHlKTFpVbzZB?oc=5,Google News,2024-05-16T07:00:00+00:00,0.0,,True,False,False,False,0.3,BAJA,No,el país de los feminicidios disfrazados sólo 0 6 de casos alcanzan la justicia en méxico animal politico,el país de los feminicidios disfrazados sólo 0 6 de casos alcanzan la justicia en méxico animal politico,1.0,0.8060843877254978,madre asesinada méxico feminicidio tiros,228.0,0.18503574968024772,False,-1,,
"“No murieron, las asesinaron”: niños y madres buscadoras exigen justicia en el Día de muertas por feminicidios - Infobae","“No murieron, las asesinaron”: niños y madres buscadoras exigen justicia en el Día de muertas por feminicidios Infobae",https://news.google.com/rss/articles/CBMi3wFBVV95cUxOSWNtdVJPNXRiUnloakZjSzhqRmViWW9xRDN5cnJiLWJBOGhiYldlelh2d2RMMVBiT3hNYW56Tk5zWGF2Ukx0NEdUU0gxckpjZjA4QmNPSmlTdzg0N1RxWC0yYUFDXzRmYnMwdGNja19qUWV2Q18wcTRlRjJBanR6NmNLSUdsdDVJWURZRDhOR1lieklDOXdmZGJLSWxEaHo2Y3czbUVYeXkzR1lIdkJkN1pWZDQzU0hJUVFfT1JONEdtTlMtWF9nR1lHYlh0bkZlYnRwWkdJTnFlUmVmVzlv0gH6AUFVX3lxTFBGTE96Vks5UUVneG8xdmJKb2pEQWpMM00zS2xmZ0VYM3FuelZxQXZCOENkb0d4ZXFRR19SakRmM2ZzZ2lZQk5xZTlubGZnZEV4T1VOVVpCd01WT2dQbHd6WEJ1cllVVnc0WnFxaXhGSVgydXRtdXdXejFKM0ZJUXBpZWtENkk3b0o0Z2Jtc0hPVjVvelJ2aXpMSVVCZG1zRTFpZ0FmUE5adkFrbUJ3bVpZTXhPMjRoTU1JVFdON1BuREtsZDRkTm9WV3hRNzlfWlVSTWVfdkVxVmppU1FCYVo4SU9PRFZuWTZiSVRaOVo1TDR2eUlaMXoyX1E?oc=5,Google News,2024-11-03T07:00:00+00:00,0.0,,True,False,False,False,0.3,BAJA,No,no murieron las asesinaron niños y madres buscadoras exigen justicia en el día de muertas por feminicidios infobae,no murieron las asesinaron niños y madres buscadoras exigen justicia en el día de muertas por feminicidios infobae,5.0,0.786856172008596,andrade ocurrido lomas natalia argentina,9.0,0.1907748224766368,False,-1,,
"Tras el feminicidio de Ángela Birckenbach, asesinada en Nayarit, su familia pelea por la custodia de sus hijos - Animal Politico","Tras el feminicidio de Ángela Birckenbach, asesinada en Nayarit, su familia pelea por la custodia de sus hijos Animal Politico",https://news.google.com/rss/articles/CBMiogFBVV95cUxNNGZKQzZBNTREVTdvWGtLM015SVQ4WE9ya25mTmgyNkQtNnNxTF83d3F4VTB4SUF1dVFWVm92TklqaFZpT0w5bElzQnBYaGZoVWl5LW5OOXNyUUc4NUI0Z2dYTG96WHVaenVURjVMYWxsVE9RVzRkMjVabjVTLVRKb2pFS0ZmQW1pWXVCX2l6aXkybWVhNkdCT05tZ1NuZ3pqdVE?oc=5,Google News,2024-11-07T08:00:00+00:00,0.0,,True,True,True,True,0.8,ALTA,Si,tras el feminicidio de ángela birckenbach asesinada en nayarit su familia pelea por la custodia de sus hijos animal politico,tras el feminicidio de ángela birckenbach asesinada en nayarit su familia pelea por la custodia de sus hijos animal politico,1.0,0.8003802493947023,madre asesinada méxico feminicidio tiros,,,False,-1,,
A mamá la mataron: quiénes son y dónde están los huérfanos del feminicidio en México - Infobae,A mamá la mataron: quiénes son y dónde están los huérfanos del feminicidio en México Infobae,https://news.google.com/rss/articles/CBMizwFBVV95cUxNQmU5YWM3d1RIRFJ6eXlPU0tzLWt1QWRWcmN5ekU3NkpEeFJiMTNPSEZ6T2RtS25LdHNxMUZCUDVhU0NiTmxOMGNoQlN3amZsZVpkcHpFUTBPM2ZnOXNrdjdHR3k4TWt5NU5ER0p5MjNjZGY5WG1JWDc0cU91ZGhjcUhEU2Z6LXVxS1g0STNnUXJqUnZVam96ZW1GYkZ3TEFMb2lYaVBfbFcxb2NVSDJHVkI1NGNRajhRQl9Pdnl1OTBSb3RCNzVsMTZpcVg4U0XSAeoBQVVfeXFMTlhEeGlCeDBTSGVXZmpVdjRQRnkzRnA3RmVMMkVGN2RWa2J6YTBWTGYtcFphU3VXdndoRmJOMGlSdkVHSUtkM2htbGtsSlRDZmlQcVFWTk0xeE8wby1XOFJYQWFSTHA3N0wxNUxwT3FRTVFxX0JmVmZDeFRqZ3I3Wk4tbVAtX1BoUmZFb1RPZlBRSlVRd1BMNlpHMjF2VmhWWDN6aGtCSGJnNDZNVTZLeWF0YWZ4ZWgtTmcyY1A5VDk3VVVwMDE3N1NKWXpUdVBGUU02RU5saHlCYWtmZGVRSVpLQ0puLUkwbDdR?oc=5,Google News,2018-04-29T07:00:00+00:00,0.0,,True,False,False,False,0.3,BAJA,No,a mamá la mataron quiénes son y dónde están los huérfanos del feminicidio en méxico infobae,a mamá la mataron quiénes son y dónde están los huérfanos del feminicidio en méxico infobae,7.0,0.7638578035695457,huérfanos feminicidio huérfanos feminicidio feminicidio méxico méxico infobae,,,False,-1,,
Huérfanos: las otras víctimas de los feminicidios en México • Actualidad - Forbes México,Huérfanos: las otras víctimas de los feminicidios en México • Actualidad Forbes México,https://news.google.com/rss/articles/CBMiiAFBVV95cUxPOGxSZ01FaTRFdUdJQVlwZlQ5SkwzMDhFLTAzbmNrTVNadk9xak9meXM5bWlRVzZzR05ONnUwMWgteGhKLUM0WWdmRTJhWkJSYXY1V0dJTnhldy1Oem1lRmFtZlR6bzlmcmNTNEpydzVCcTR0MjdYUlE5TXVzeEhnY0pfMUwwXzJO?oc=5,Google News,2019-11-22T08:00:00+00:00,0.0,,True,False,False,False,0.3,BAJA,No,huérfanos las otras víctimas de los feminicidios en méxico actualidad forbes méxico,huérfanos las otras víctimas de los feminicidios en méxico actualidad forbes méxico,4.0,0.778019080419854,víctimas feminicidio víctimas feminicidio hijos marcha,,,False,-1,,
"Trata, explotación sexual y feminicidios están relacionados con las desapariciones de mujeres en el Edomex - El Economista","Trata, explotación sexual y feminicidios están relacionados con las desapariciones de mujeres en el Edomex El Economista",https://news.google.com/rss/articles/CBMi-AFBVV95cUxPb3ZqTW9aeld3aURtajI1c3JQTkNhRkoyV3hhUVJ0OGJaYkJkZi1DWk9CZElxV3E3U2o5WHg3QlByQ1dBSDhTNktyXy0zaGdVa09ydjk2SjQ3UUZJVnZ6bnBEYzMzY0Z4LWh5OTB5amFvaDl4Zjh3bnRVdnVac0owdS1TdzJ5bEZUTnMyRExkLVZkRm41UklUSXF3WFlPLTNJX3ppNlNDZ1R3RFVQUTBTZldpaldEdDBsS1NFc1QtS0RPMEt1Z2lMejFHYVQxUmY1U3BlYnJfa2V3bGhBaV9ackprTGIxN01DZ01FVkhUZnlkc0pxdDZEONIB_gFBVV95cUxPYkpYMFF3MUdFZTdBQ0dvUnlIUFU4bGNHSGpIQnJweHVtNXN4T2U3Vi00VWtoLTdSbVlDeENDMTRqd1VYRkZNTW53TEZ1YlItOWswNld2TTd3SGZieWpCNmpVNkJqZ2t4RlFVcFpJcjdnQ3R2Rlhpb3A2eW9EaUVrU0F4d2haTU9wVFYwaEFSNXRvM3pnaFRCVE56V2RmRGVSdUU3aDZRV2dZRnJsRm5vbDllYWw0V2h0MFZUSURmQUczV2RiTHVST0dUVXA2MGt3VVVHa3JGWjFBbmFTSDJhRWxGUmNTTXhVX1p5LVFmVkE1ck1qRGxmMFVEWGdtUQ?oc=5,Google News,2022-01-19T08:00:00+00:00,0.0,,True,False,False,False,0.3,BAJA,No,trata explotación sexual y feminicidios están relacionados con las desapariciones de mujeres en el edomex el economista,trata explotación sexual y feminicidios están relacionados con las desapariciones de mujeres en el edomex el economista,0.0,0.7575593862872065,hernández colonia economista uso sexual,,,False,-1,,
El feminicidio infantil es una realidad que no se quiere ver: Frida Guerrera - El Economista,El feminicidio infantil es una realidad que no se quiere ver: Frida Guerrera El Economista,https://news.google.com/rss/articles/CBMi0AFBVV95cUxPSXNVSnc2YTBYVlBLLTZSN3l6RWRMQmZHSC1MME9oYURXM3ZQVmZRQVRsUzBmTGlRaGhYNTdJbEE2aWVfSC1jVmhtY3I5TFEtRWNsN29LU2JlUG1ZZTU2ajd3aDMwRVZ4NXA4TkJieDJMeDdfbnRoOHpjcFQtaVYtTmE5SnFFUi1JNDdZZEdGZmZfTlVmcXJZU0tyTnd5VHR1LXBETXpLYkUyWkZFYTdreUdmUW11ODZBWFpNSjh4VjZCUHVTalpfajktU252dWFV0gHWAUFVX3lxTE1KYWthX3JGd2c4cW1KbVNLZTJ1aS1PMmlEcGp5cXlycERaTmFtc0N4VGJ4MjRzTU4zUXV0b1Q5b3h4ZThlWkFRc0taQlRCQ2RmeHJuRGNIWmJ3TXVqa0tlLWZHY1MtbEJ3c0c0cW52TFlvX01fVzJuTGRHeExBQ1d2SDcya3IxYnhjMFdrRzd4LXpVWklnRUkxenkyNFU3MnV4UW9VMXU0NGlHMVVVQ09sTk5qVG5WeDN4Ul9XVG85bHhrNzlUS2hRSWNDZGFKWUtGNkRfV3c?oc=5,Google News,2022-06-19T07:00:00+00:00,0.0,,True,False,False,False,0.35,BAJA,No,el feminicidio infantil es una realidad que no se quiere ver frida guerrera el economista,el feminicidio infantil es una realidad que no se quiere ver frida guerrera el economista,5.0,0.7537465559965221,andrade ocurrido lomas natalia argentina,,,False,-1,,
Buscan que pena de cárcel aumente por el delito de feminicidio cuando las víctimas sean menores de edad - Infobae,Buscan que pena de cárcel aumente por el delito de feminicidio cuando las víctimas sean menores de edad Infobae,https://news.google.com/rss/articles/CBMi7gFBVV95cUxPZ051Mll6QVE1aUlFbE1lS1gzX0trdU1ZMDBOb3I2RTN6NW92MTdoQ3pDQ0hjeVhhR2dGSkgwZWdRMlBZekowS2ljZ2FPc3I4WXdyTnhiQjdPR3ZoazZidWx1VkcxRU5fRkZub3ZuVkFic3FOUUkwRWVLWjJXZnhUS0ZqZDRpeFNKUEw4OUFiQkt0dUpOWjkyVGpiWHVPNVM3UE94N1Myd19wVm40Zk95dTQyYnBhYW5VRkZJWllzdFpmV19DcFhNRHd5UXBOYkZqLUNfWXAtdUdrbFhZN3dRZzk2eUMyYmQ5VWVrRmZB0gGIAkFVX3lxTE1kQU1RU2UteUx4T01FRW5jZVJmRGZWT3BxVWhlc1lzV2JTbWRPRE44cFJaT3hMc3dLSW9Id2NjVmE5a1N6NUM0LUdDd004Vk9VUVZ4bkVCRnBuQjJJTGRHR0pSUG85dk9VSkFQTGdvaTB0NWxRdHoyNFRBMHBFMG55cmRVU2wxSWxWVEk4dXJRWlhfRjBreWNDUTJRUjE2cXIxSWdiOW0yWm9McU1IUWlWV29vY2xrQlNCOGlnd3ZHX0pQMkxzYk5uSV9nZUZlaC1DWHg2dGRxaXA3ZXI0RS1nTGw3MGZMaUhVRG8teFdnN3REMFhCVWNkNXJfdmR0dTNCN1Q0QTZKUg?oc=5,Google News,2022-12-13T08:00:00+00:00,8.0,,True,False,False,False,0.3,BAJA,No,buscan que pena de cárcel aumente por el delito de feminicidio cuando las víctimas sean menores de edad infobae,buscan que pena de cárcel aumente por el delito de feminicidio cuando las víctimas sean menores de edad infobae,7.0,0.8058984045682058,huérfanos feminicidio huérfanos feminicidio feminicidio méxico méxico infobae,,,False,-1,,
Feminicidio de Dulce Gabriela: Había denunciado violencia vicaria y el asesinato de uno de sus hijos - El Financiero,Feminicidio de Dulce Gabriela: Había denunciado violencia vicaria y el asesinato de uno de sus hijos El Financiero,https://news.google.com/rss/articles/CBMi5gFBVV95cUxNUE1ORDJqR0k1bmc0WUxycEdPWVEzb1JkaV9NZlYtTHBwZFhVTTdzX1N3TUNKSFdjaDhoTG80SEV3LWUyU1Nzal9RN29KaVZVeHJTeVVsX0V3a0Qzd2M4TjcwUW1YYl96UTJzNi1kNDNhLUd0bUhuaU1wMnhHc2dzMm52SFVta0lsUHBVMUxRbGVod1VOaWs3SE15Rjk0MDBubkU3dVpONWlhS1N3QWFpQW9DdFU0VTF2ek9QT1MwOGJ2d3ZWR1h0VndMajFDaVhTeHgwQzBHbjFzaG5EdUl5MXowTmY0QQ?oc=5,Google News,2023-07-27T07:00:00+00:00,0.0,,True,True,False,True,0.45,BAJA,Si,feminicidio de dulce gabriela había denunciado violencia vicaria y el asesinato de uno de sus hijos el financiero,feminicidio de dulce gabriela había denunciado violencia vicaria y el asesinato de uno de sus hijos el financiero,1.0,0.7394599149794137,madre asesinada méxico feminicidio tiros,,,False,-1,,
Primer feminicidio en México cumplirá 18 años en la impunidad - El Sol de México,Primer feminicidio en México cumplirá 18 años en la impunidad El Sol de México,https://news.google.com/rss/articles/CBMirwFBVV95cUxNdVd5Y3Ruc0dzNUU2bXdvN1BGVXowRXQ0Z2Y4V3pWcHJOaEdCM0Z4Yzk2N3A3dExERUpzOWIyZGJJSWl4cEVIVEhobVZ1WnJKbXpaYloyYUNFRWM2YkE1aExFVHhvVVdzcld4b3FWMHdVTkdUZlRWX0gteTdXejAwazBtbEZxWG1aT2p5SHRqVzdNWjNiRllxaWxMZm0weU1ZYkZqRXRsTG1kVzNNWllV?oc=5,Google News,2021-10-27T07:00:00+00:00,0.0,,True,False,False,False,0.3,BAJA,No,primer feminicidio en méxico cumplirá 18 años en la impunidad el sol de méxico,primer feminicidio en méxico cumplirá 18 años en la impunidad el sol de méxico,1.0,0.7761896409952563,madre asesinada méxico feminicidio tiros,,,False,-1,,
"No es sólo Giselle, son muchas más: el feminicidio de menores de 0 a 17 años crece 32% - Telemundo","No es sólo Giselle, son muchas más: el feminicidio de menores de 0 a 17 años crece 32% Telemundo",https://news.google.com/rss/articles/CBMi5gFBVV95cUxNdlFCVXdyd0NsdU9fUkpmaU1ndTB1M0tWME01TlBGX01uV285ZUVqMTZhazczcE5UOGdlNmFsUkNBbXk0SzBzU1VaYlo5bTg0Qy03LV9Dd2ZIckdtaEZLaUhGNlJrNEhoZENMUHc5ZnBfZ0ZMMWRfb1VQZWV5enoxcTNtZ1hsck92RllTYmZLQXhrLXl0YjctMGVuMWg1SW1hRXlTRW13THF1aERxSUx5b01EZ09SNzF2TDVxa2xWdkFTdFZackdNMUFEMjl1dE9wWlptWW5Cb1ZmOWlPU1dlUG1ZUEZrdw?oc=5,Google News,2019-01-30T08:00:00+00:00,-1.0,,True,False,False,False,0.3,BAJA,No,no es sólo giselle son muchas más el feminicidio de menores de 0 a 17 años crece 32 telemundo,no es sólo giselle son muchas más el feminicidio de menores de 0 a 17 años crece 32 telemundo,3.0,0.784181052733874,feminicidio sol méxico sol méxico huérfanos,,,False,-1,,
CDMX: Cae Implicada en Feminicidio de Paola Michelle; Localizan a sus Hijos - N+,CDMX: Cae Implicada en Feminicidio de Paola Michelle; Localizan a sus Hijos N+,https://news.google.com/rss/articles/CBMiswFBVV95cUxQZUpCbVFsR3JWdGNFSkJINldtUmJXdzdzaFU1MjhYaUI3MVRvMklxYzJhSm1NQm40LWhkaFhvNjV4S005TlNyNkxEVE1IQzlyaTZLaFRoeUFHVWx2WklUaFNObmtRSUl3bUxDRmlQeWU3ZXI0VGtyS3JZTVQxcTZwZ0VyRjU4Mk1BWUZURHk5dFR0TWR4YnlaNXE3Wk55TjlFZjBWRVNVcTBzcW1fR3JDR2dqYw?oc=5,Google News,2023-07-11T07:00:00+00:00,-1.0,,True,True,False,True,0.45,BAJA,Si,cdmx cae implicada en feminicidio de paola michelle localizan a sus hijos n,cdmx cae implicada en feminicidio de paola michelle localizan a sus hijos n,4.0,0.7527603736127375,víctimas feminicidio víctimas feminicidio hijos marcha,,,False,-1,,
"Mónica Delgado, maquillista y madre de dos hijos fue víctima de feminicidio; su pareja es el principal sospechoso - El Imparcial","Mónica Delgado, maquillista y madre de dos hijos fue víctima de feminicidio; su pareja es el principal sospechoso El Imparcial",https://news.google.com/rss/articles/CBMi7wFBVV95cUxOY0JGNlZHS1ZSa1piYkhaLUhmN0U0eTZhUTVmN1I0SXRKVXNNWG92LVdUNWZnb3RlSG5WUDNzT21ETi1BSTczMVVneG5BUVppWFJtTTlpMGtFRmNsa2Y3M1RHZlpFeWJ1TE1ZVlJNT3ZPZjJFZ1NlbklBNk85VV9JRlZGOGl5Sk90Yjd3bEtwNDhfcU5SMDFBTTI1bFVSZFpRVlZXZWJIZkRmTmJaX3NabTZIRk5rUDlxN1RySGFqZy0xaFB2UlpuZGV2MURfbXBxUHkzUF9QX3hIdWIxdWVIWjFkdDBHczJRa3JzMl9Hc9IBigJBVV95cUxNQkNQOExvY3VSY0VReUJiWEVmUV9PMWloa3lTWTM3UlJvRTVtOER2VzNuWnRZWGdwR1k4V0ozQXRMaTBNb2poQzlBWTU0TE12Ym1tdF9KOGpJUkwtRWNxYkVGbE1OMEZibTZOWTRWeUFKRThpeHhCTmctbFJjT0tNUkFtSDFQOU5JeEh4Y1A0OVBuY2tpczBKZG1USFNGZ0poSHkwNmoxVjlMMmEzc0N3eVAybDhOc2J0ZTRMWllwbS1LTExyR2o2UUpVU0pFOGYySGJRbkZzR0NocElsbnBhczFxUWxkczlGbjNQR3dTeVE3eVdocDhra2NPRUhGQy0zRE9DMFBXNmJBZw?oc=5,Google News,2024-11-19T08:00:00+00:00,0.0,,True,True,False,True,0.5,BAJA,Si,mónica delgado maquillista y madre de dos hijos fue víctima de feminicidio su pareja es el principal sospechoso el imparcial,mónica delgado maquillista y madre de dos hijos fue víctima de feminicidio su pareja es el principal sospechoso el imparcial,1.0,0.7761459552125628,madre asesinada méxico feminicidio tiros,,,False,-1,,
Magda busca justicia por el feminicidio de su hija y el asesinato de sus dos hijos - Expansión Política,Magda busca justicia por el feminicidio de su hija y el asesinato de sus dos hijos Expansión Política,https://news.google.com/rss/articles/CBMilgFBVV95cUxQT251cGRtSnNxdkNxZ2tzLWV1OHl2UWtkVjFyY3h1NkVnTXFDbm0xcng2NWp4ZXl2Z1dtb3Q1WW9NM295TlJWMDNzY2hfVjlRTjBEcUlUOEk2S2FnakdKcUp4NDhjVHRxQWU1M1VIeGNLMTlScnN3Z21HVGJOVjdDbG50TGk1RjlkQlpWRWxmMEJ3cjJTWEHSAaMBQVVfeXFMUDFpSDN6eUtLMXYzWnFldEhyazBpTkdYWWxLQnlWMjBieFdHM2Q1dFBJbmhVSWNqWl9LYUJ6RmRmRUljcGt2SUZQMHVPdm9tUHpLU3BENTBVRkJfTTJwY1hwY2FUX2o5VXVvRVlsT3RaOERqOVhDUkhFLVhaQUdTVVo0VURnM0haclZsWmJyTVNwVlQ1Y0tlRk1uWkFma2ZVRENVSQ?oc=5,Google News,2022-07-01T07:00:00+00:00,0.0,,True,True,False,True,0.45,BAJA,Si,magda busca justicia por el feminicidio de su hija y el asesinato de sus dos hijos expansión política,magda busca justicia por el feminicidio de su hija y el asesinato de sus dos hijos expansión política,1.0,0.806043761288421,madre asesinada méxico feminicidio tiros,,,False,-1,,
El indignante caso de Taxco; el feminicidio que conmocionó a México - Infobae,El indignante caso de Taxco; el feminicidio que conmocionó a México Infobae,https://news.google.com/rss/articles/CBMivgFBVV95cUxNRHFyaUctcWNiZnhvb3FQMVpjbVJzYnBVenVBdk1kVE1XYTJCcGpXS0ljb0pYUnZKOW12c3ZRdGFOd01wR2tITkl5bTRzbVE0R05XaV9DMndNMHR2SzFMY1BnOTEwVllEcVUtSEJrOV9WNWJYcW9xcFZpRTU1RGV2akdPNEhRbDFYTVVDOFN6Z2NlUGcwVWFtbXUtOWNheWpNMWk4R2pKNWRVX1BudVl4VllSdk1BQlFFWHB2eXlB0gHYAUFVX3lxTFBjTi1HV3MzV0g0dHJ2YzBtT1lUQV8xWDFuTnI4ZmpUR2RGMGpfRVBzTWNjTkFPclhQVURUY25UQl9BTGNKaXM1UF92V1NLWnFkTHJRQVEzYzJNQXVYa3dSSTVlSi1CcF9tYTg4OXRwQWpQVVlnZWMtWEJRQ1hYbUZGc3AzRW5FYnRGdjlkQUYtTGZjYkhmTGVHcUpsdkJ1RVNsLWpoSkRIZzczM3pibWM3RUR4cG0taU8yVTVFb0IzajhmcjRRTy1ieHlORTkxSnJaTFRsRk1CYw?oc=5,Google News,2023-06-05T07:00:00+00:00,0.0,,True,False,False,False,0.3,BAJA,No,el indignante caso de taxco el feminicidio que conmocionó a méxico infobae,el indignante caso de taxco el feminicidio que conmocionó a méxico infobae,7.0,0.7615329269969163,huérfanos feminicidio huérfanos feminicidio feminicidio méxico méxico infobae,,,False,-1,,
DIF Estatal atiende a 4 huérfanos de madres víctimas de feminicidio - El Sol de México,DIF Estatal atiende a 4 huérfanos de madres víctimas de feminicidio El Sol de México,https://news.google.com/rss/articles/CBMitwFBVV95cUxNSk13U0hxNXQ4a2d3Q3pIMnJzTDhjQ2dyNWtvZmZRdzFRWDZJWFphWkJsaUNDLXJwcnBWcDVDZXNEQ3VaWjlxNEJxVnpRdG1HOHdlbjlqSTJ0d1pQemhrZkV6WHk3cFFDYzhSMHpqaVEwOVR2RUk5TDFMMjJIN2t5eXFfYmJqc1F2S1daV2oxWm5RZm5JTmlZUVdpUnVIaWMtQ3p3Wkx1Qjc4bnZtZ1RCTTBhcHVfbnc?oc=5,Google News,2024-09-18T07:00:00+00:00,0.0,,True,False,False,False,0.3,BAJA,No,dif estatal atiende a 4 huérfanos de madres víctimas de feminicidio el sol de méxico,dif estatal atiende a 4 huérfanos de madres víctimas de feminicidio el sol de méxico,3.0,0.7915543398061493,feminicidio sol méxico sol méxico huérfanos,,,False,-1,,
El feminicidio de Margarita Ceceña: 24 días de agonía tras ser quemada con gasolina - EL PAÍS,El feminicidio de Margarita Ceceña: 24 días de agonía tras ser quemada con gasolina EL PAÍS,https://news.google.com/rss/articles/CBMiwgFBVV95cUxPZy02aUg3aG1FQzdYVE1NZF9peV9HblBmY1MzdElnUFNQS2NEU0ZwcFgxMlVIaERndFk4WXBsaUpfQTNmbWowdUdGek1aTXBiWG85NVRIM1ZzMWNWN3BLVTVsUEhnOGJmeG1UUnBSS3hjNkM3QUtpWVJFNzNOYkxFNmlyczlHd0FzTDBtMUpJejlpMGszcDVRc3A1UWhTZ2tsRE9oQlZoaWFaVVV2VWJUSWdnRUItUk9WVldjN2JLazJPd9IB1gFBVV95cUxPVjRiWHY1TnNqNFBzMkJjWXplTGwtaGU2b0VQRkhhNERCSjRIaF9FZzUzdWFfMHJtZEFNS2lnTnMxRGU5UHVDNmZsQXJpeVFFdkFiakR4ZS1QaVNjbFZ6YmxueTZ6NHNVS193Vi1CbjdiZmtKOTJlNHZ5bGtRanA3Y1B0SzZud0FVdWdidktocUxoRVVWZS01R0g2bGRISlE3MUhnQy1pZjVXVFJmaFJzV1U0Rlk1djJPVGpXWUlpdEFSTExqam1vdFV3NVNxWXByam9yVDJR?oc=5,Google News,2022-07-26T07:00:00+00:00,-1.0,,True,False,False,False,0.3,BAJA,No,el feminicidio de margarita ceceña 24 días de agonía tras ser quemada con gasolina el país,el feminicidio de margarita ceceña 24 días de agonía tras ser quemada con gasolina el país,4.0,0.7530135726388141,víctimas feminicidio víctimas feminicidio hijos marcha,,,False,-1,,
Doce feminicidios de menores que estremecieron a México - Infobae,Doce feminicidios de menores que estremecieron a México Infobae,https://news.google.com/rss/articles/CBMiqgFBVV95cUxNRHRGMkdfbHVVczV3VEFnOTNVRkVqZjRyVHQwc3ZJeUZFaHVKNXdXUmFidlctMHlLTXBSZmhrblZOdzdFREdYWWllekhycVZva1hrcUtJY0xRand1RTZoVWpPSHFoak84dE9hT2FPeDQ3NDVPWEdYM0kxa1ZiNG5xQkVwblRZMm9mZmpRMl9aYzBQV0c3UFlXZ05maGxFcnlwYVlfTXRVZlhPd9IBxAFBVV95cUxPc3lvWFBXNjU0TVc2RXdBMlpWYThXNThIbWlwRV9zM3JSYmJpX0dXUXh2d1VvSnZDOE0tN2RIdVlJcWtKYUhhNHpQT0JNUGtfa2hac3lVT2tSRi1QRXhuT2NsYmhTSzZ1b25wM3FnSk84OHhMNm1VbTQwbzcySWd5MTdneHIwZWNmalJwYS1FT2oxRW5yUEF3X0F5clljaWdFRkVhZkJCeXliWWRkRnJSc1dhamFsTXg2ZnE1RjJTTjRWejJZ?oc=5,Google News,2020-02-19T08:00:00+00:00,0.0,,True,False,False,False,0.3,BAJA,No,doce feminicidios de menores que estremecieron a méxico infobae,doce feminicidios de menores que estremecieron a méxico infobae,7.0,0.7393981172247266,huérfanos feminicidio huérfanos feminicidio feminicidio méxico méxico infobae,,,False,-1,,
Por feminicidios quedan en la orfandad más de 500 menores en el Edomex - El Sol de México,Por feminicidios quedan en la orfandad más de 500 menores en el Edomex El Sol de México,https://news.google.com/rss/articles/CBMiugFBVV95cUxQa0xYbHZNS1JQNWVERmlUSGVsZ0paSlZzVDNETzNWZVRRbzZuVG9HNWVWSGozNlBwaklWeW9CZ0JSUDlETmxwNncybEFYZmd5WUtrZzR3b3hQdW5KRDdTek50MWFiTWxOanBad3h5ZTFGZnpjbTdIc1hkU1hDSjF5VzEtRWVqeFU2M2VVUVZ4dFpGMEdEbWxvSUd0SS0tb3p1MXZMMllqVEJFYkFjLTBiVWt4Vkp4alc1TWc?oc=5,Google News,2022-05-30T07:00:00+00:00,0.0,,True,False,True,True,0.55,MEDIA,No,por feminicidios quedan en la orfandad más de 500 menores en el edomex el sol de méxico,por feminicidios quedan en la orfandad más de 500 menores en el edomex el sol de méxico,3.0,0.7856029758321936,feminicidio sol méxico sol méxico huérfanos,,,False,-1,,
"Las otras víctimas del feminicidio en México: 3,000 huérfanos - Expansión Política","Las otras víctimas del feminicidio en México: 3,000 huérfanos Expansión Política",https://news.google.com/rss/articles/CBMirwFBVV95cUxNWkhhNm5pZFNRWHJzQmtFN3BWTlJaUjJJYkgxRE5ncmlhUUhZZ0lFRWpKVFc3TmlXa1pONk9vaG1lUm1RRVlCbnlEdGZfbmJmd3NpelVYZGNVRU81SnNIRVBBX3hDZHBMOWFMbVY4U2xpTGIzLVIyRGhzdjBnUEdkdmhobmlELW92TkVWNVRSbnhUUW5nZjlBUVZseUtNT0QtV3pvdV9GbUdrdWx1dVpn0gG8AUFVX3lxTFBLNXZJMUF1TUtFaU9jQWNuWWFfZ0RwaXFfdVVlZWN4Z19sazhkLTVDYjVjTnc5Z3dQbGNnb2dOaDFSS3RnQl9HZndWQWdBdkM5bWswcFB5TlZFR01weGVEQ2tON2ZxMEdRU295aHVncTBQb0tZTmxrY3ZtS1d4T2RONWpFSGM0VS11UHFSU3Y2TTk5aHc3OEZTNjltREwxTzJOQnplMUp1emZaOW5QZTFfSGxtTnJJdjFlaVlU?oc=5,Google News,2019-12-06T08:00:00+00:00,0.0,,True,False,False,False,0.3,BAJA,No,las otras víctimas del feminicidio en méxico 3 000 huérfanos expansión política,las otras víctimas del feminicidio en méxico 3 000 huérfanos expansión política,4.0,0.8033336005490753,víctimas feminicidio víctimas feminicidio hijos marcha,,,False,-1,,
"Conmoción en Edomex por feminicidio múltiple: asesinaron a cinco mujeres, tres de ellas, menores de edad - Infobae","Conmoción en Edomex por feminicidio múltiple: asesinaron a cinco mujeres, tres de ellas, menores de edad Infobae",https://news.google.com/rss/articles/CBMizAFBVV95cUxPMGNVMWZuQmFsYTVSaUk4WjB4Nzc1SDFpU1o4VVhkckdUYTZOa0JobmtuSU1LeXRpLVhUTGJxVS1zWW5HS05TQ2VNTGlVTEVDZG81aURBa19oNUJtUW5SY3Jqempla3lGTENncVFsTXIzLU9fM2ZXUEdTUWpPLUpoU0tJclpFR1l0d1ZIRjJYRDdia1ZNa1d2VjlNanRtR1FWLVk4MXJlYkdiS2tMMmhmN1ZvTDZncHFUQXZVRXhFWGMwT3NEV1ZsV05rYmfSAecBQVVfeXFMUHFKTjNvYzdkeXVXTHlEZ25XbXpUbmQxM3lEejc3VzRhdFBMX3M1T3A1NjdPaGJaRTJ4dDZJMGRzeHhKSE9fZHQ3eW5KTFlxX0hFWElCek9HeGFzakdBLW5ub2FsRWlSM21LekFTOUh5alJLOWZzN3VZcUVZd2JfUW83bFRsOFRmTHhBYmpfZzc2Q1lydmhkVHh0Vl9ncDRDMk5SM0RSN2FNR0pUbVd0Ny04WjhwOXktSFZYRElqR1Z2d2xVWTJWcmpvdlFZLUZobFpEblFXY2tPdV80MXV1Vmg5S2VmbEcw?oc=5,Google News,2020-07-09T07:00:00+00:00,8.0,,True,False,False,False,0.3,BAJA,No,conmoción en edomex por feminicidio múltiple asesinaron a cinco mujeres tres de ellas menores de edad infobae,conmoción en edomex por feminicidio múltiple asesinaron a cinco mujeres tres de ellas menores de edad infobae,6.0,0.8204887047087301,15 es negro senado menores edad,,,False,-1,,
"Huérfanos por feminicidio, invisibles para el Edomex - El Sol de México","Huérfanos por feminicidio, invisibles para el Edomex El Sol de México",https://news.google.com/rss/articles/CBMipgFBVV95cUxNYkk0SnJ5b1ByLWVZRnRhaDRTOEtIYTZ6NzdpNWhkSlRWYlB0TUFuTTlsdUVUMUtVdUFla25SRlFZUlRXUXhxN2VPUTNpZWNweEFvbjVaaWt3R2Z4QVg0MV9ZNEJXeGhjNUpQTzRPaS11OGkyNHRUaGVpYkI1M2k0Sjh5VVR5MHBncy1RUjVfbkMxSndOLXpjRzVUaXM5ZVFQTjYzdmxR?oc=5,Google News,2019-09-01T07:00:00+00:00,0.0,,True,False,False,False,0.3,BAJA,No,huérfanos por feminicidio invisibles para el edomex el sol de méxico,huérfanos por feminicidio invisibles para el edomex el sol de méxico,3.0,0.7742002573102506,feminicidio sol méxico sol méxico huérfanos,,,False,-1,,
"Investigan feminicidio de Montserrat en Los Reyes de Juárez, Puebla; sus hijos presenciaron el crimen",Una mujer identificada como Monserrat N. fue hallada sin vida en su domicilio en el municipio de Los Reyes de Juárez tras una pelea con su pareja.,https://www.telediario.mx/policia/feminicidio-puebla-asesinan-montserrat-frente-sus-hijos&ved=2ahUKEwid2brmyv2QAxWklmoFHUxgJwcQxfQBegQIARAC&usg=AOvVaw0HbhI3akqIM9n-zlg9gAQt,Google News (Histórico),2025-11-19T00:27:40.454106,0.0,,True,True,False,True,0.5,MEDIA,Si,investigan feminicidio de montserrat en los reyes de juárez puebla sus hijos presenciaron el crimen,una mujer identificada como monserrat n fue hallada sin vida en su domicilio en el municipio de los reyes de juárez tras una pelea con su pareja,4.0,0.6225660037543758,víctimas feminicidio víctimas feminicidio hijos marcha,,,False,-1,,
Marchan en CDMX hijos y madres de víctimas de feminicidio para exigir justicia,El colectivo Voces de la Ausencia nombró al 3 de noviembre como Día de las Muertas para honrar a las que ya no están.,https://www.reporteindigo.com/nacional/marchan-en-cdmx-hijos-y-madres-de-victimas-de-feminicidio-para-exigir-justicia-20251104-0002.html&ved=2ahUKEwid2brmyv2QAxWklmoFHUxgJwcQxfQBegQICBAC&usg=AOvVaw11BQs6JZoE4RtasY-jXR1n,Google News (Histórico),2025-11-19T00:27:40.454106,-1.0,,True,True,False,True,0.45,BAJA,Si,marchan en cdmx hijos y madres de víctimas de feminicidio para exigir justicia,el colectivo voces de la ausencia nombró al 3 de noviembre como día de las muertas para honrar a las que ya no están,4.0,0.7263230423098042,víctimas feminicidio víctimas feminicidio hijos marcha,,,False,-1,,
Huérfanos por feminicidio: México solo reconoce como víctimas a 238 niños y niñas,Huérfanos por feminicidio: México solo reconoce como víctimas a 238 niños y niñas. Los menores que quedan huérfanos a causa de feminicidios ven truncado su...,https://animalpolitico.com/sociedad/huerfanos-feminicidio-victimas-estado-ayuda%3Ffbclid%3DIwZXh0bgNhZW0CMTEAAR7lX3DMGgeEQE9tzQCwG45pudlsStMYIIsk5FD0e1m3mUYrY0GQS290NJe68Q_aem_25q5292BOBZs_Q4DSetWPQ&ved=2ahUKEwid2brmyv2QAxWklmoFHUxgJwcQxfQBegQIChAC&usg=AOvVaw3OTRJlfZZNB6UZ0ZOZDFOg,Google News (Histórico),2025-11-19T00:27:40.454106,0.0,,True,False,False,False,0.3,BAJA,No,huérfanos por feminicidio méxico solo reconoce como víctimas a 238 niños y niñas,huérfanos por feminicidio méxico solo reconoce como víctimas a 238 niños y niñas los menores que quedan huérfanos a causa de feminicidios ven truncado su,7.0,0.8353090433507926,huérfanos feminicidio huérfanos feminicidio feminicidio méxico méxico infobae,,,False,-1,,
"Jueza impide contacto de abuela con hijos de Ángela Birkenbach, víctima de feminicidio","Ciudad de México. Tras la orden de un juez federal de suspender el régimen de visitas de los hijos de Ángela Birkenbach con su padre, presunto feminicida...",https://cimacnoticias.com.mx/2025/10/23/jueza-impide-contacto-de-abuela-con-hijos-de-angela-birkenbach-victima-de-feminicidio/&ved=2ahUKEwid2brmyv2QAxWklmoFHUxgJwcQxfQBegQIBxAC&usg=AOvVaw0zqr-CcCUbL6y8g4AzFSI3,Google News (Histórico),2025-11-19T00:27:40.454106,0.0,,True,True,False,True,0.45,BAJA,Si,jueza impide contacto de abuela con hijos de ángela birkenbach víctima de feminicidio,ciudad de méxico tras la orden de un juez federal de suspender el régimen de visitas de los hijos de ángela birkenbach con su padre presunto feminicida,1.0,0.8168879181655383,madre asesinada méxico feminicidio tiros,,,False,-1,,
"Niños que matan, la nueva sombra del feminicidio en México","Feminicidios infantiles: la violencia que llega a los menores en Puebla. El cuerpo apareció envuelto en una cobija, tirado entre la maleza a un costado de la...",https://lasillarota.com/estados/2025/10/18/ninos-que-matan-la-nueva-sombra-del-feminicidio-en-mexico-562332.html&ved=2ahUKEwid2brmyv2QAxWklmoFHUxgJwcQxfQBegQIAxAC&usg=AOvVaw2_v3yX3XLENwLpghCJr-H5,Google News (Histórico),2025-11-19T00:27:40.454106,0.0,,True,False,False,False,0.3,BAJA,No,niños que matan la nueva sombra del feminicidio en méxico,feminicidios infantiles la violencia que llega a los menores en puebla el cuerpo apareció envuelto en una cobija tirado entre la maleza a un costado de la,4.0,0.8078555555591336,víctimas feminicidio víctimas feminicidio hijos marcha,,,False,-1,,
Imponen 630 años de prisión a madre e hijos por feminicidio y homicidio en Oaxaca,"El Tribunal de Enjuiciamiento impuso 210 años de prisión a cada sentenciado, además de multas y reparación del daño.",https://www.infobae.com/mexico/2025/10/07/imponen-630-anos-de-prision-a-madre-e-hijos-por-feminicidio-y-homicidio-en-oaxaca/&ved=2ahUKEwid2brmyv2QAxWklmoFHUxgJwcQxfQBegQIBhAC&usg=AOvVaw2oc7tiT9r52Lws8zWmj0T1,Google News (Histórico),2025-11-19T00:27:40.454106,-1.0,,True,True,False,True,0.45,BAJA,Si,imponen 630 años de prisión a madre e hijos por feminicidio y homicidio en oaxaca,el tribunal de enjuiciamiento impuso 210 años de prisión a cada sentenciado además de multas y reparación del daño,7.0,0.7289554330883782,huérfanos feminicidio huérfanos feminicidio feminicidio méxico méxico infobae,,,False,-1,,
Nayarit inicia juicio por feminicidio de canadiense Ángela Birkenbach. Su familia pide recuperar a sus hijos,"Ciudad de México.- El recurso de apelación presentado por el abogado de Sergio “N.”, acusado del feminicidio de la mujer de origen canadiense Ángela...",https://cimacnoticias.com.mx/2025/09/30/nayarit-inicia-juicio-por-feminicidio-de-canadiense-angela-birkenbach-su-familia-pide-recuperar-a-sus-hijos/&ved=2ahUKEwid2brmyv2QAxWklmoFHUxgJwcQxfQBegQIBRAC&usg=AOvVaw0gMYMBKUiOuwt2-p-o0MQ7,Google News (Histórico),2025-11-19T00:27:40.454106,0.0,,True,True,False,True,0.45,BAJA,Si,nayarit inicia juicio por feminicidio de canadiense ángela birkenbach su familia pide recuperar a sus hijos,ciudad de méxico el recurso de apelación presentado por el abogado de sergio n acusado del feminicidio de la mujer de origen canadiense ángela,1.0,0.7735035880138373,madre asesinada méxico feminicidio tiros,,,False,-1,,
Promueve Nora Yessica Merino la “Ley Monzón” para proteger a hijos de mujeres víctimas de feminicidio,Nota No. 2476. Promueve Nora Yessica Merino la “Ley Monzón” para proteger a hijos de mujeres víctimas de feminicidio. • La diputada del PT señala que su...,https://comunicacionsocial.diputados.gob.mx/index.php/notilegis/promueve-nora-yessica-merino-la-ley-monzon-para-proteger-a-hijos-de-mujeres-victimas-de-feminicidio&ved=2ahUKEwid2brmyv2QAxWklmoFHUxgJwcQxfQBegQICRAC&usg=AOvVaw1oO9oHIvrW-Qqv6C-UUas4,Google News (Histórico),2025-11-19T00:27:40.454106,0.0,,True,True,False,True,0.45,BAJA,Si,promueve nora yessica merino la ley monzón para proteger a hijos de mujeres víctimas de feminicidio,nota no 2476 promueve nora yessica merino la ley monzón para proteger a hijos de mujeres víctimas de feminicidio la diputada del pt señala que su,4.0,0.8494191429871035,víctimas feminicidio víctimas feminicidio hijos marcha,,,False,-1,,
Víctimas infantiles del feminicidio: dolor sinfín y justicia que no llega,Los feminicidios detonan un sinfín de tragedias. Los hijos de las víctimas no son contemplados por legislación alguna o política pública que proteja su...,https://www.jornada.com.mx/2025/07/28/politica/010n1pol&ved=2ahUKEwid2brmyv2QAxWklmoFHUxgJwcQxfQBegQIBBAC&usg=AOvVaw1tKrIlMZq6PyAnGwYoUwfO,Google News (Histórico),2025-11-19T00:27:40.454106,0.0,,True,True,False,True,0.45,BAJA,Si,víctimas infantiles del feminicidio dolor sinfín y justicia que no llega,los feminicidios detonan un sinfín de tragedias los hijos de las víctimas no son contemplados por legislación alguna o política pública que proteja su,4.0,0.7939869760682242,víctimas feminicidio víctimas feminicidio hijos marcha,,,False,-1,,
Edomex amplía apoyo a huérfanos por feminicidio: ahora podrán recibir ayuda hasta los 25 años,Rubén Pérez. Diputados del Estado de México modificaron la edad límite para que los huérfanos por feminicidio o desaparición de mujeres puedan recibir apoyo...,https://oem.com.mx/la-prensa/metropoli/edomex-amplia-apoyo-a-huerfanos-por-feminicidio-ahora-podran-recibir-ayuda-hasta-los-25-anos-26434571&ved=2ahUKEwia25Xwyv2QAxUzmWoFHRaEEQcQxfQBegQIAxAC&usg=AOvVaw3LYSdqNNlhGdUfi419xpIb,Google News (Histórico),2025-11-19T00:27:40.454106,0.0,,True,False,False,False,0.3,BAJA,No,edomex amplía apoyo a huérfanos por feminicidio ahora podrán recibir ayuda hasta los 25 años,rubén pérez diputados del estado de méxico modificaron la edad límite para que los huérfanos por feminicidio o desaparición de mujeres puedan recibir apoyo,7.0,0.8159092782093186,huérfanos feminicidio huérfanos feminicidio feminicidio méxico méxico infobae,,,False,-1,,
Proponen en Edomex beca para huérfanos por feminicidio y desaparición,"TOLUCA, Edomex., 22 de octubre del 2025.- Desde el Congreso mexiquense, la bancada morenista alzó la voz por aquellos niños en orfandad por culpa de la...",https://edomex.quadratin.com.mx/proponen-en-edomex-beca-para-huerfanos-por-feminicidio-y-desaparicion/&ved=2ahUKEwia25Xwyv2QAxUzmWoFHRaEEQcQxfQBegQIChAC&usg=AOvVaw26VYY6ov2hfDNmKaYMZuvo,Google News (Histórico),2025-11-19T00:27:40.454106,-1.0,,True,False,True,True,0.55,MEDIA,No,proponen en edomex beca para huérfanos por feminicidio y desaparición,toluca edomex 22 de octubre del 2025 desde el congreso mexiquense la bancada morenista alzó la voz por aquellos niños en orfandad por culpa de la,2.0,0.8186779115643125,mundial asalto rica costa costa rica,,,False,-1,,
Infancias quedan a la deriva tras un feminicidio,"A pesar de la existencia de un protocolo creado para los hijos de mujeres víctimas de ese delito, éste sólo se ha cumplido a cabalidad en 41 de 1053 casos,...",https://www.excelsior.com.mx/nacional/infancias-quedan-a-la-deriva-tras-un-feminicidio/1735001&ved=2ahUKEwia25Xwyv2QAxUzmWoFHRaEEQcQxfQBegQICBAC&usg=AOvVaw1aJQMJd_oFkfoXUzlevDbP,Google News (Histórico),2025-11-19T00:27:40.454106,0.0,,True,True,False,True,0.45,BAJA,Si,infancias quedan a la deriva tras un feminicidio,a pesar de la existencia de un protocolo creado para los hijos de mujeres víctimas de ese delito éste sólo se ha cumplido a cabalidad en 41 de 1053 casos,4.0,0.8228045048813456,víctimas feminicidio víctimas feminicidio hijos marcha,,,False,-1,,
"Huérfanos por feminicidios, a la deriva; no se sabe ni cuántos son",Luisa Fernanda Rivera fue hallada sin vida en junio de 2024. Peritos del Semefo confirmaron que fue estrangulada. La hija de la víctima –de nueve años–...,https://www.jornada.com.mx/noticia/2025/07/29/sociedad/huerfanos-por-feminicidios-a-la-deriva-no-se-sabe-ni-cuantos-son&ved=2ahUKEwia25Xwyv2QAxUzmWoFHRaEEQcQxfQBegQIBxAC&usg=AOvVaw0edAErD5jOZNlMkO81lwip,Google News (Histórico),2025-11-19T00:27:40.454106,-1.0,,True,True,False,True,0.45,BAJA,Si,huérfanos por feminicidios a la deriva no se sabe ni cuántos son,luisa fernanda rivera fue hallada sin vida en junio de 2024 peritos del semefo confirmaron que fue estrangulada la hija de la víctima de nueve años,2.0,0.7801288403407631,mundial asalto rica costa costa rica,,,False,-1,,
"Guanajuato registra más de 130 niñas, niños y adolescentes huérfanos por feminicidios","En Guanajuato hay al menos 135 niñas, niños y adolescentes que quedaron en orfandad debido a que su madre fue víctima de feminicidio .",https://www.milenio.com/politica/comunidad/guanajuato-registra-menores-en-orfandad-por-feminicidios&ved=2ahUKEwia25Xwyv2QAxUzmWoFHRaEEQcQxfQBegQIBRAC&usg=AOvVaw0Dszn-VKQd4d6sVuibZX0R,Google News (Histórico),2025-11-19T00:27:40.454106,0.0,,True,True,True,True,0.8,ALTA,Si,guanajuato registra más de 130 niñas niños y adolescentes huérfanos por feminicidios,en guanajuato hay al menos 135 niñas niños y adolescentes que quedaron en orfandad debido a que su madre fue víctima de feminicidio,7.0,0.8123198857233462,huérfanos feminicidio huérfanos feminicidio feminicidio méxico méxico infobae,,,False,-1,,
Libia García anuncia fondo para apoyar a menores huérfanos por feminicidio o desaparición en Guanajuato,Libia Dennise anunció que se ha creado un fondo de 5 millones de pesos el cual será complementario al que ya ejerce la Comisión Estatal de Atención a...,https://www.telediario.mx/comunidad/guanajuato-anuncia-fondo-para-apoyar-ninos-huerfanos-por-feminicidio&ved=2ahUKEwia25Xwyv2QAxUzmWoFHRaEEQcQxfQBegQICRAC&usg=AOvVaw1WnLYJ-KuDssi-3Y-_cuqU,Google News (Histórico),2025-11-19T00:27:40.454106,-1.0,,True,False,False,False,0.3,BAJA,No,libia garcía anuncia fondo para apoyar a menores huérfanos por feminicidio o desaparición en guanajuato,libia dennise anunció que se ha creado un fondo de 5 millones de pesos el cual será complementario al que ya ejerce la comisión estatal de atención a,2.0,0.8195568824889314,mundial asalto rica costa costa rica,,,False,-1,,
A dos años del feminicidio de la payasita Fanny en Altamira: ¿qué pasa con los niños huérfanos por violencia?,Fanny fue asesinada presuntamente por su pareja sentimental y dejó en orfandad a una pequeña que ahora tiene nueve años.,https://oem.com.mx/elsoldetampico/local/a-dos-anos-del-feminicidio-de-la-payasita-fanny-en-altamira-que-pasa-con-los-ninos-huerfanos-por-violencia-23448416&ved=2ahUKEwia25Xwyv2QAxUzmWoFHRaEEQcQxfQBegQIBBAC&usg=AOvVaw3OusdMMxl_5BPOfC_rKQdA,Google News (Histórico),2025-11-19T00:27:40.454106,-1.0,,True,False,True,True,0.55,MEDIA,No,a dos años del feminicidio de la payasita fanny en altamira qué pasa con los niños huérfanos por violencia,fanny fue asesinada presuntamente por su pareja sentimental y dejó en orfandad a una pequeña que ahora tiene nueve años,1.0,0.7705463133981749,madre asesinada méxico feminicidio tiros,,,False,-1,,
"La orfandad invisible, menores afectados por el feminicidio en México","La información disponible es dispersa y desactualizada. Según el Instituto Nacional de las Mujeres, en 2019 había 796 niños y niñas huérfanos por feminicidio, y...",https://elvalle.com.mx/2025/05/11/la-orfandad-invisible-menores-afectados-por-el-feminicidio-en-mexico/&ved=2ahUKEwia25Xwyv2QAxUzmWoFHRaEEQcQxfQBegQIARAC&usg=AOvVaw1vA6Mz_U0PfAlF3azTt24-,Google News (Histórico),2025-11-19T00:27:40.454106,0.0,,True,False,True,True,0.6,MEDIA,No,la orfandad invisible menores afectados por el feminicidio en méxico,la información disponible es dispersa y desactualizada según el instituto nacional de las mujeres en 2019 había 796 niños y niñas huérfanos por feminicidio y,7.0,0.8213506241483173,huérfanos feminicidio huérfanos feminicidio feminicidio méxico méxico infobae,,,False,-1,,
México carece de registro homologado de huérfanos por feminicidios,Los estados cuyas fiscalías tienen registro de huérfanos por feminicidio suman dos mil 625 menores en esta condición de 2021 a 2024. Sólo las fiscalías de...,https://oem.com.mx/elsoldemexico/mexico/mexico-carece-de-registro-homologado-de-huerfanos-por-feminicidios-23217937&ved=2ahUKEwia25Xwyv2QAxUzmWoFHRaEEQcQxfQBegQIAhAC&usg=AOvVaw3VptiTTfsYEE4U0wcxLHlu,Google News (Histórico),2025-11-19T00:27:40.454106,-1.0,,True,False,False,False,0.3,BAJA,No,méxico carece de registro homologado de huérfanos por feminicidios,los estados cuyas fiscalías tienen registro de huérfanos por feminicidio suman dos mil 625 menores en esta condición de 2021 a 2024 sólo las fiscalías de,3.0,0.8185503564416778,feminicidio sol méxico sol méxico huérfanos,,,False,-1,,
Niño de 12 años mató a su vecina argentina en Puebla México por reto de compañeros de escuela,"El feminicidio de Natalia Sonia Andrade, una mujer argentina de 37 años, ocurrido el pasado 7 de marzo en el fraccionamiento Clúster Querétaro de Lomas de...",https://www.infobae.com/mexico/2025/06/21/nino-de-12-anos-es-vinculado-a-proceso-por-feminicidio-en-puebla-sufria-bullying-en-su-escuela/&ved=2ahUKEwjGi-j5yv2QAxXgmGoFHWV7OeYQxfQBegQIAxAC&usg=AOvVaw2nwqLeV1NLRNAdxeHRAPy_,Google News (Histórico),2025-11-19T00:27:40.454106,13.0,,True,False,False,False,0.3,BAJA,No,niño de 12 años mató a su vecina argentina en puebla méxico por reto de compañeros de escuela,el feminicidio de natalia sonia andrade una mujer argentina de 37 años ocurrido el pasado 7 de marzo en el fraccionamiento clúster querétaro de lomas de,5.0,0.8069784413621319,andrade ocurrido lomas natalia argentina,,,False,-1,,
Niño de 12 años va a juicio por el asesinato de una mujer argentina; cumplió un reto de TikTok,"El asesinato de Natalia Andrade, ciudadana argentina ocurrido a principios de marzo en Lomas de Angelópolis, presuntamente fue perpetrado por un menor de 12...",https://www.youtube.com/watch%3Fv%3DNVfVZa1vMPc&ved=2ahUKEwjGi-j5yv2QAxXgmGoFHWV7OeYQxfQBegQIBxAC&usg=AOvVaw2jVLOUCe9afsxG_mDzhb8y,Google News (Histórico),2025-11-19T00:27:40.454106,13.0,,True,True,False,True,0.45,BAJA,Si,niño de 12 años va a juicio por el asesinato de una mujer argentina cumplió un reto de tiktok,el asesinato de natalia andrade ciudadana argentina ocurrido a principios de marzo en lomas de angelópolis presuntamente fue perpetrado por un menor de 12,5.0,0.8092804115071858,andrade ocurrido lomas natalia argentina,,,False,-1,,
"Neria había acudido a una audiencia en defensa de su hijo, quien sufrió abuso sexual, cuando fue asesinada","El feminicidio de Neria Pamela López Solís, madre de 29 años asesinada a tiros la noche del pasado 18 de julio en la alcaldía Iztapalapa, Ciudad de México,...",https://www.infobae.com/mexico/2025/07/20/neria-habia-acudido-a-una-audiencia-en-defensa-de-su-hijo-quien-sufrio-abuso-sexual-cuando-fue-asesinada/&ved=2ahUKEwiPosKAy_2QAxWlmmoFHfu5O6IQxfQBegQIChAC&usg=AOvVaw08UnijVWSb097GLkhOZCA0,Google News (Histórico),2025-11-19T00:27:40.454106,-1.0,,True,True,False,True,0.45,BAJA,Si,neria había acudido a una audiencia en defensa de su hijo quien sufrió abuso sexual cuando fue asesinada,el feminicidio de neria pamela lópez solís madre de 29 años asesinada a tiros la noche del pasado 18 de julio en la alcaldía iztapalapa ciudad de méxico,1.0,0.8106483207386518,madre asesinada méxico feminicidio tiros,,,False,-1,,
El asesinato de una mujer y sus tres hijas de nueve y 11 años eleva las alertas sobre la violencia infantil y de género en Sonora,Hermosillo ha vivido un fin de semana de horror con el caso de una familia entera asesinada a manos de la presunta pareja de la madre. La Fiscalía de Sonora...,https://elpais.com/mexico/2025-07-07/el-asesinato-de-una-mujer-y-sus-tres-hijas-de-nueve-y-11-anos-eleva-las-alertas-sobre-la-violencia-infantil-y-de-genero-en-sonora.html&ved=2ahUKEwiPosKAy_2QAxWlmmoFHfu5O6IQxfQBegQIBRAC&usg=AOvVaw0ib0ES5NvTY0bqeeY3Hht6,Google News (Histórico),2025-11-19T00:27:40.454106,-1.0,,True,True,False,True,0.45,BAJA,Si,el asesinato de una mujer y sus tres hijas de nueve y 11 años eleva las alertas sobre la violencia infantil y de género en sonora,hermosillo ha vivido un fin de semana de horror con el caso de una familia entera asesinada a manos de la presunta pareja de la madre la fiscalía de sonora,1.0,0.8149506118452785,madre asesinada méxico feminicidio tiros,,,False,-1,,
Hallan muertas a tres hermanas menores en Sonora: estaban abrazadas. Su madre también fue asesinada,"La presidenta de México, Claudia Sheinbaum, condenó este lunes los asesinatos. “Siempre vamos a condenar cualquier feminicidio y obviamente violencia contra...",https://www.univision.com/noticias/america-latina/hombre-asesino-pareja-tres-hijas-en-mexico&ved=2ahUKEwiPosKAy_2QAxWlmmoFHfu5O6IQxfQBegQICRAC&usg=AOvVaw2vE3UrkexrGsjW8ZXNau44,Google News (Histórico),2025-11-19T00:27:40.454106,-1.0,,True,False,False,False,0.3,BAJA,No,hallan muertas a tres hermanas menores en sonora estaban abrazadas su madre también fue asesinada,la presidenta de méxico claudia sheinbaum condenó este lunes los asesinatos siempre vamos a condenar cualquier feminicidio y obviamente violencia contra,1.0,0.8200566554292374,madre asesinada méxico feminicidio tiros,,,False,-1,,
,,,,,,,,,,,,,,,,,,,8.0,0.31010133654343186,False,-1,,
,,,,,,,,,,,,,,,,,,,145.0,0.22709552744415049,False,-1,,
,,,,,,,,,,,,,,,,,,,142.0,0.13696554559929294,False,-1,,
,,,,,,,,,,,,,,,,,,,145.0,0.27912821627827444,False,-1,,
,,,,,,,,,,,,,,,,,,,71.0,0.17729229678946762,False,-1,,
,,,,,,,,,,,,,,,,,,,69.0,0.2733492974926513,False,-1,,
,,,,,,,,,,,,,,,,,,,145.0,0.2613095909684493,False,-1,,
,,,,,,,,,,,,,,,,,,,40.0,0.06861670006000567,False,-1,,
,,,,,,,,,,,,,,,,,,,173.0,0.06169164455196753,False,-1,,
,,,,,,,,,,,,,,,,,,,5.0,0.36997188306003964,False,-1,,
,,,,,,,,,,,,,,,,,,,120.0,0.20341168567366322,False,-1,,
,,,,,,,,,,,,,,,,,,,236.0,0.24229779756191752,False,-1,,
,,,,,,,,,,,,,,,,,,,43.0,0.17878734992654027,False,-1,,
,,,,,,,,,,,,,,,,,,,93.0,0.3081408238252002,False,-1,,
,,,,,,,,,,,,,,,,,,,92.0,0.3081408238252002,False,-1,,
,,,,,,,,,,,,,,,,,,,77.0,0.3162727817440041,False,-1,,
,,,,,,,,,,,,,,,,,,,39.0,0.12071518808053347,False,-1,,
,,,,,,,,,,,,,,,,,,,103.0,0.1119071133005079,False,-1,,
,,,,,,,,,,,,,,,,,,,91.0,0.2207905163999482,False,-1,,
,,,,,,,,,,,,,,,,,,,33.0,0.18342604883158553,False,-1,,
,,,,,,,,,,,,,,,,,,,99.0,0.1517762939108755,False,-1,,
,,,,,,,,,,,,,,,,,,,92.0,0.15041665288670825,False,-1,,
,,,,,,,,,,,,,,,,,,,29.0,0.0646959600110394,False,-1,,
,,,,,,,,,,,,,,,,,,,194.0,0.1411357545169762,False,-1,,
,,,,,,,,,,,,,,,,,,,87.0,0.20341168567366322,False,-1,,
,,,,,,,,,,,,,,,,,,,90.0,0.07622562965215064,False,-1,,
,,,,,,,,,,,,,,,,,,,150.0,0.2602557556306186,False,-1,,
,,,,,,,,,,,,,,,,,,,171.0,0.21265222097904887,False,-1,,
,,,,,,,,,,,,,,,,,,,135.0,0.2584262733065143,False,-1,,
,,,,,,,,,,,,,,,,,,,81.0,0.09670255660876631,False,-1,,
,,,,,,,,,,,,,,,,,,,27.0,0.10028923903043724,False,-1,,
,,,,,,,,,,,,,,,,,,,132.0,0.11660187072803528,False,-1,,
,,,,,,,,,,,,,,,,,,,24.0,0.12323152218265239,False,-1,,
,,,,,,,,,,,,,,,,,,,123.0,0.2381063839621128,False,-1,,
,,,,,,,,,,,,,,,,,,,176.0,0.27904286537789835,False,-1,,
,,,,,,,,,,,,,,,,,,,238.0,0.3620842961477928,False,-1,,
,,,,,,,,,,,,,,,,,,,165.0,0.8897931657800078,False,0,Feminicidio De Niñas Y Adolescentes En México (a Febrero De 2025) - Blog de datos e incidencia política de REDIM,Google News
,,,,,,,,,,,,,,,,,,,245.0,0.8628502510717887,False,1,Promueve Nora Yessica Merino la “Ley Monzón” para proteger a hijos de mujeres víctimas de feminicidio - Cámara de Diputados,Google News
,,,,,,,,,,,,,,,,,,,214.0,0.5427731022356329,False,-1,,
,,,,,,,,,,,,,,,,,,,224.0,0.21183867441924747,False,-1,,
,,,,,,,,,,,,,,,,,,,242.0,0.22287420447049805,False,-1,,
,,,,,,,,,,,,,,,,,,,237.0,0.5025009587137574,False,-1,,
,,,,,,,,,,,,,,,,,,,161.0,0.26899299415998734,False,-1,,
