titulo,contenido,enlace,fuente,fecha,score_feminicidio,score_nna,score_compuesto,clasificacion,menores_identificados,cluster,titulo_limpio,contenido_limpio,texto_combinado,topic_id,topic_probability,topic_description,most_similar_doc_idx,max_similarity,tfidf_relevance,relevancia_final,clasificacion_final
Resaltan GEM reducción de feminicidio y figura de Juzgado LIBRE rumbo al 8M - La Jornada Estado de México,Resaltan GEM reducción de feminicidio y figura de Juzgado LIBRE rumbo al 8M La Jornada Estado de México,https://news.google.com/rss/articles/CBMihwFBVV95cUxPNWY2dlpDWTJWZktQeEJPNS1uRDFKM0FWdUhTOGY3WDQ3SjVIcmt3VUltZTNESzUyUkZtWmJYTTU3ajVBbTlHLUptUnc0bGlSWS1WaWJOUnNMdHBMUmU2YUZHOGQ5anlTdFdZZWdYVnM2aWktd1lVNW9tZzd1MU1FNXJUMkRMbVE?oc=5,https://news.google.com/rss/search?q=feminicidio+M%C3%A9xico&hl=es-419&gl=MX&ceid=MX:es-419,2026-02-20T19:15:19+00:00,0.5,0.0,0.3025,Media,No,1,resaltan gem reduccio n de feminicidio y figura de juzgado libre rumbo al 8m la jornada estado de me xico,resaltan gem reduccio n de feminicidio y figura de juzgado libre rumbo al 8m la jornada estado de me xico,resaltan gem reduccio n de feminicidio y figura de juzgado libre rumbo al 8m la jornada estado de me xico resaltan gem reduccio n de feminicidio y figura de juzgado libre rumbo al 8m la jornada estado de me xico resaltan gem reduccio n de feminicidio y figura de juzgado libre rumbo al 8m la jornada estado de me xico,1,0.8688277588942505,feminicidio ctimas vi ctimas vi rfanos,323,0.034868914567111484,0.0017758368333885104,0.1822,Baja
Balcázar enfrenta primera polémica como presidente de Perú: Critican comentarios sobre matrimonio infantil,"Organizaciones defensoras de los derechos humanos criticaron el jueves al nuevo presidente interino José María Balcázar por declaraciones que realizó en el Congreso en 2023 sobre la prohibición del matrimonio infantil en Perú. Los legisladores eligieron a Balcázar el miércoles como nuevo presidente interino en reemplazo de José Jerí (2025-2026), quien fue removido tras verse envuelto en un escándalo de corrupción debido a varias entrevistas que sostuvo con empresarios chinos, las cuales no dio a conocer. El 2 de noviembre de 2023, el Congreso aprobó una ley que prohibió de forma absoluta el matrimonio de menores de 18 años. Antes, los de 14 a 17 años podían casarse si contaban con la aprobación de sus padres o la autorización de un juez. También se permitió la posibilidad de anular un matrimonio contraído por un menor de edad. “En las ciudades grandes, las uniones de hecho son tempranas, las relaciones sexuales son tempranas, y la medicina legal sabe perfectamente que, mientras no haya violencia, las relaciones sexuales tempranas más bien ayudan al futuro psicológico de la mujer ”, declaró Balcázar durante el debate legislativo. Finalmente se abstuvo de votar junto a otros siete legisladores cuando la ley fue aprobada por 93 sufragios a favor y 0 en contra. En un comunicado, el grupo feminista Flora Tristán dijo que las frases de Balcázar atentan “contra estándares fundamentales como es el interés superior del niño y de la niña”. Y añadió que, quien minimiza la violencia contra mujeres y niñas, “no expresa una opinión aislada; evidencia una actitud complaciente con el abuso ”. Por su parte, la Coordinadora Nacional de Derechos Humanos indicó que el nombramiento de un funcionario que ha efectuado declaraciones que justifican “la violencia sexual contra niñas y adolescentes, genera una legítima alarma ciudadana y afecta gravemente la confianza en las instituciones ”. Horas antes, el presidente Balcázar, que podría restaurar relaciones con México , se defendió en la radio Exitosa, diciendo que sus declaraciones fueron descontextualizadas. Los críticos mencionaron “que yo había dicho que los menores de edad podían casarse, de 10 años, 11 años. Entonces, esas personas perversas que sacaron eso no han podido jamás demostrar lo contrario ”, señaló. Según expertos, las causas del matrimonio infantil en Perú están relacionadas con la falta de educación sexual integral, la pobreza extrema y la violencia familiar. Naciones Unidas dice que, en el mundo, las niñas de hogares pobres tienen tres veces más probabilidades de contraer matrimonio pronto, en comparación con otras de hogares más prósperos. Balcázar gobernará por cinco meses , y el 28 de julio entregará el poder a quien gane las elecciones generales de abril, cuando los peruanos elegirán un presidente , 130 diputados y 60 senadores.",https://www.elfinanciero.com.mx/mundo/2026/02/20/jose-maria-balcazar-presidente-de-peru-es-criticado-por-comentarios-sobre-el-matrimonio-infantil/,https://www.elfinanciero.com.mx/rss/,2026-02-20T09:54:56+00:00,0.1337,0.4448,0.3695,Media,Si,2,balca zar enfrenta primera pole mica como presidente de peru critican comentarios sobre matrimonio infantil,organizaciones defensoras de los derechos humanos criticaron el jueves al nuevo presidente interino jose mari a balca zar por declaraciones que realizo en el congreso en 2023 sobre la prohibicio n del matrimonio infantil en peru los legisladores eligieron a balca zar el mie rcoles como nuevo presidente interino en reemplazo de jose jeri 2025 2026 quien fue removido tras verse envuelto en un esca ndalo de corrupcio n debido a varias entrevistas que sostuvo con empresarios chinos las cuales no dio a conocer el 2 de noviembre de 2023 el congreso aprobo una ley que prohibio de forma absoluta el matrimonio de menores de 18 an os antes los de 14 a 17 an os podi an casarse si contaban con la aprobacio n de sus padres o la autorizacio n de un juez tambie n se permitio la posibilidad de anular un matrimonio contrai do por un menor de edad en las ciudades grandes las uniones de hecho son tempranas las relaciones sexuales son tempranas y la medicina legal sabe perfectamente que mientras no haya violencia las relaciones sexuales tempranas ma s bien ayudan al futuro psicolo gico de la mujer declaro balca zar durante el debate legislativo finalmente se abstuvo de votar junto a otros siete legisladores cuando la ley fue aprobada por 93 sufragios a favor y 0 en contra en un comunicado el grupo feminista flora trista n dijo que las frases de balca zar atentan contra esta ndares fundamentales como es el intere s superior del nin o y de la nin a y an adio que quien minimiza la violencia contra mujeres y nin as no expresa una opinio n aislada evidencia una actitud complaciente con el abuso por su parte la coordinadora nacional de derechos humanos indico que el nombramiento de un funcionario que ha efectuado declaraciones que justifican la violencia sexual contra nin as y adolescentes genera una legi tima alarma ciudadana y afecta gravemente la confianza en las instituciones horas antes el presidente balca zar que podri a restaurar relaciones con me xico se defendio en la radio exitosa diciendo que sus declaraciones fueron descontextualizadas los cri ticos mencionaron que yo habi a dicho que los menores de edad podi an casarse de 10 an os 11 an os entonces esas personas perversas que sacaron eso no han podido jama s demostrar lo contrario sen alo segu n expertos las causas del matrimonio infantil en peru esta n relacionadas con la falta de educacio n sexual integral la pobreza extrema y la violencia familiar naciones unidas dice que en el mundo las nin as de hogares pobres tienen tres veces ma s probabilidades de contraer matrimonio pronto en comparacio n con otras de hogares ma s pro speros balca zar gobernara por cinco meses y el 28 de julio entregara el poder a quien gane las elecciones generales de abril cuando los peruanos elegira n un presidente 130 diputados y 60 senadores,balca zar enfrenta primera pole mica como presidente de peru critican comentarios sobre matrimonio infantil balca zar enfrenta primera pole mica como presidente de peru critican comentarios sobre matrimonio infantil organizaciones defensoras de los derechos humanos criticaron el jueves al nuevo presidente interino jose mari a balca zar por declaraciones que realizo en el congreso en 2023 sobre la prohibicio n del matrimonio infantil en peru los legisladores eligieron a balca zar el mie rcoles como nuevo presidente interino en reemplazo de jose jeri 2025 2026 quien fue removido tras verse envuelto en un esca ndalo de corrupcio n debido a varias entrevistas que sostuvo con empresarios chinos las cuales no dio a conocer el 2 de noviembre de 2023 el congreso aprobo una ley que prohibio de forma absoluta el matrimonio de menores de 18 an os antes los de 14 a 17 an os podi an casarse si contaban con la aprobacio n de sus padres o la autorizacio n de un juez tambie n se permitio la posibilidad de anular un matrimonio contrai do por un menor de edad en las ciudades grandes las uniones de hecho son tempranas las relaciones sexuales son tempranas y la medicina legal sabe perfectamente que mientras no haya violencia las relaciones sexuales tempranas ma s bien ayudan al futuro psicolo gico de la mujer declaro balca zar durante el debate legislativo finalmente se abstuvo de votar junto a otros siete legisladores cuando la ley fue aprobada por 93 sufragios a favor y 0 en contra en un comunicado el grupo feminista flora trista n dijo que las frases de balca zar atentan contra esta ndares fundamentales como es el intere s superior del nin o y de la nin a y an adio que quien minimiza la violencia contra mujeres y nin as no expresa una opinio n aislada evidencia una actitud complaciente con el abuso por su parte la coordinadora nacional de derechos humanos indico que el nombramiento de un funcionario que ha efectuado declaraciones que justifican la violencia sexual contra nin as y adolescentes genera una legi tima alarma ciudadana y afecta gravemente la confianza en las instituciones horas antes el presidente balca zar que podri a restaurar relaciones con me xico se defendio en la radio exitosa diciendo que sus declaraciones fueron descontextualizadas los cri ticos mencionaron que yo habi a dicho que los menores de edad podi an casarse de 10 an os 11 an os entonces esas personas perversas que sacaron eso no han podido jama s demostrar lo contrario sen alo segu n expertos las causas del matrimonio infantil en peru esta n relacionadas con la falta de educacio n sexual integral la pobreza extrema y la violencia familiar naciones unidas dice que en el mundo las nin as de hogares pobres tienen tres veces ma s probabilidades de contraer matrimonio pronto en comparacio n con otras de hogares ma s pro speros balca zar gobernara por cinco meses y el 28 de julio entregara el poder a quien gane las elecciones generales de abril cuando los peruanos elegira n un presidente 130 diputados y 60 senadores,3,0.9176492543163999,feminicidio vi nin vi ctimas ctimas,160,0.14085033773043082,0.0485456802268245,0.2411,Media
CNDH emite recomendación a Pemex por obstruir investigación de feminicidio - La Jornada,CNDH emite recomendación a Pemex por obstruir investigación de feminicidio La Jornada,https://news.google.com/rss/articles/CBMiyAFBVV95cUxPNGV5WlFLcXp6RnFzdm1FMWVIc3hPSDZ3R0haUnVZaW5obF8yTWdNRXo0aUhETUhDdjdDQTNhS0xzZEg3SXAwRnVhMkxMYURMa3FXcVdYMm9TRFhqeEN6R2NrQmNxTWR2a0lCZVdxLV9UTjNoeXNHblNqZ19Ga2ZiM1o4M1ZaWE9NQzc1eEd5dHNVd0dPeXdwWkd3MVBwT3MwOERVenVSTWgtWi13UVNVcGw0RlJ3OWp0UVJWT05tUEhhVC1idE1MZA?oc=5,https://news.google.com/rss/search?q=feminicidio+M%C3%A9xico&hl=es-419&gl=MX&ceid=MX:es-419,2026-02-19T20:41:00+00:00,0.5,0.0,0.3025,Media,No,1,cndh emite recomendacio n a pemex por obstruir investigacio n de feminicidio la jornada,cndh emite recomendacio n a pemex por obstruir investigacio n de feminicidio la jornada,cndh emite recomendacio n a pemex por obstruir investigacio n de feminicidio la jornada cndh emite recomendacio n a pemex por obstruir investigacio n de feminicidio la jornada cndh emite recomendacio n a pemex por obstruir investigacio n de feminicidio la jornada,2,0.8250599653469496,feminicidio hue rfanos rfanos hue rfanos feminicidio,346,0.08991559429946407,0.0025692835150199047,0.1825,Baja
Fiscalía obtiene vinculación a proceso contra Agustín 'N' por feminicidio agravado - Diario de México,Fiscalía obtiene vinculación a proceso contra Agustín 'N' por feminicidio agravado Diario de México,https://news.google.com/rss/articles/CBMiuwFBVV95cUxQZVJsTzZuaVVDQ3h0amxfNVBySFFyQk85NXBMeW5URzVyUW5EaENibjQxeGlHS3BodUZZTk9Hekt4MlhnQmVUaEozSnFFS2JVVUgxU1E4NXItckIzZ3dYZ0FQZUp4eTFsYmdWQVJaZy00MGdFYllFNG93dVczcDB4OTUwVEJkV3hnc3N0eTR5ZDFrQ2FqakVEZHM1cmlNdW9UVDNZX0hNemJsVWpVTFZ2NmpMQ3RmYVd1Qzdv0gHAAUFVX3lxTE1TMzJkV1ZDenNuVzlKLXA4MnBtVG1YZmtnTWFyOGw5Y2x4b2s2aEZYOHVkYUcxOGFfWGx3ZXJ3YVhDdkZ2UG9LaHAtbjFsR0ExY3Y1b3FRMDFmMV9pdFM3Z0NLbzM2d1IzeG53MXp3eGtZY1o4bGdhVXgtbzFvX09ENkZtS1pPUXJtRUp6bmRtUUhWaktFX3prdDRJRzM5TlA3bjdkVmZzOGxObHV2anJFRUNSRWNNVnRTc0VNeUJOTQ?oc=5,https://news.google.com/rss/search?q=feminicidio+M%C3%A9xico&hl=es-419&gl=MX&ceid=MX:es-419,2026-02-19T20:00:16+00:00,0.5,0.0,0.3025,Media,No,1,fiscali a obtiene vinculacio n a proceso contra agusti n n por feminicidio agravado diario de me xico,fiscali a obtiene vinculacio n a proceso contra agusti n n por feminicidio agravado diario de me xico,fiscali a obtiene vinculacio n a proceso contra agusti n n por feminicidio agravado diario de me xico fiscali a obtiene vinculacio n a proceso contra agusti n n por feminicidio agravado diario de me xico fiscali a obtiene vinculacio n a proceso contra agusti n n por feminicidio agravado diario de me xico,2,0.8437321583452663,feminicidio hue rfanos rfanos hue rfanos feminicidio,5,0.0896527890322862,0.0025009205724411234,0.1825,Baja
Cae presunto líder de la Familia Michoacana por feminicidio en Morelos - Infobae,Cae presunto líder de la Familia Michoacana por feminicidio en Morelos Infobae,https://news.google.com/rss/articles/CBMiswFBVV95cUxOU2FpLXRUOEh1V1ZJc1FEbTNOMkh5dmtVbklySlhldWVLZFc2T1hIT1d2SHNsOEp3VUVnUmE1OXgxY04zUVVSTVVZQnE2TjFfLTFCemppTTdnXzZpcUYzdHlNXzhxR3cxdWZXT09nNkxQMzNfRFp5QzdKQ2dueTZRZzFCaDNCbzBXN3hKTy1YVm9Scm80THFHek4zNXYzdVpJQTNmSG8xWThhM3l5UEhYekZ6c9IBzgFBVV95cUxQLWR3R0UtTTl0MWpidFJTZUpxWDlRYldsTHoyTlNJOW1lUHRTcHg1bmt0U3p6RlA1NEc5anhPbnRtMnB5REYxVHpXWU5sQzJxSzN3MXVCZWE3LXN0ak9ObFhNaU11N2NrMkFzam5iTnRpaXRhQm1XV2stdFVpdUUtV1pvaF9wY0x4NF9TSmJvSmN1bHEtZVNqWkRzRmVyM3FaTkNxZEdqNm9UbjRwR3AxSS1fVGYxYi1lS0hZd2paYmpqWFhGa2lpQ2RQLWVhdw?oc=5,https://news.google.com/rss/search?q=feminicidio+M%C3%A9xico&hl=es-419&gl=MX&ceid=MX:es-419,2026-02-18T22:23:00+00:00,0.5,0.0,0.3025,Media,No,1,cae presunto li der de la familia michoacana por feminicidio en morelos infobae,cae presunto li der de la familia michoacana por feminicidio en morelos infobae,cae presunto li der de la familia michoacana por feminicidio en morelos infobae cae presunto li der de la familia michoacana por feminicidio en morelos infobae cae presunto li der de la familia michoacana por feminicidio en morelos infobae,5,0.8444527131747573,feminicidio mx com orfandad cimacnoticias,177,0.12952454597493396,0.002147986537736822,0.1824,Baja
Indagan como feminicidio la muerte de una niña de dos años en Magdalena Contreras - Diario de México,Indagan como feminicidio la muerte de una niña de dos años en Magdalena Contreras Diario de México,https://news.google.com/rss/articles/CBMivwFBVV95cUxNeUJQcVpUdi1YdWZYRlZNNW5mY010Z1N5c3VhYVlpQTM5bnB0NnVTQlFTXzBuUm8xOVp6bVJCaUdISk9NVlVna1pWcHpoUk5xX25NVk9BQkpqajVUeEYwRGlONGlLeXdMd1UySUxxRGVxMXNuX2FUSFlfanlMdndQQWRHRUgteUdlOFdpcFFuNUUybmpNLUxFZWRaVXVwWkdBbC1UQ0RQUm52SkZVbjVsdEV5NU1FWlhtSWFkZVQ2Y9IBxAFBVV95cUxPd210VmVqX2RxU3ZwR1Q1bjZBMTdTbFVWVDBLZmdOVmVKOVk4YWVyNUlLbXZyclZDMmM1TUpiOHJnWER5Sk16TVdwT0NwaFJCbXQyTnlXZEZIYXZtOERnckxrZ1NSVmVWelAteklqeTZuQ1Nmd21Od0kzLUJHRjgwcnRKUXNiY1VwUzMtYVZqT0Y2NmlVUDRIQUI2ZWkxdHVJbWJkM2JJRlppcW9iYUlEc3hCcVB5eTBLRzIybUQ1dnlsSlRS?oc=5,https://news.google.com/rss/search?q=feminicidio+M%C3%A9xico&hl=es-419&gl=MX&ceid=MX:es-419,2026-02-18T22:07:33+00:00,0.5,0.0,0.3025,Media,No,1,indagan como feminicidio la muerte de una nin a de dos an os en magdalena contreras diario de me xico,indagan como feminicidio la muerte de una nin a de dos an os en magdalena contreras diario de me xico,indagan como feminicidio la muerte de una nin a de dos an os en magdalena contreras diario de me xico indagan como feminicidio la muerte de una nin a de dos an os en magdalena contreras diario de me xico indagan como feminicidio la muerte de una nin a de dos an os en magdalena contreras diario de me xico,3,0.8553599769202429,feminicidio vi nin vi ctimas ctimas,172,0.14386150279260332,0.0024313898742888483,0.1825,Baja
Yasmín Esquivel exige garantías legales y reparación integral para menores huérfanos por feminicidio - MILENIO,Yasmín Esquivel exige garantías legales y reparación integral para menores huérfanos por feminicidio MILENIO,https://news.google.com/rss/articles/CBMipgFBVV95cUxQeUFxWEV5MjN4SGhzMEQwMnFvNlZzczZ2SmY0ZGtLNWN6UGxpU2NOeVlsMHg4cktiYTNYMzdQR3VaNzRMRU41ZzRsVlZ6Q2VkZVQ1X05OMjBNS3dOV09hTFZjSHdhc3FOUmY4VVp0QnotSkEydTJPV2tPZHNLNzJXa0J1S01RWDM3a1ItVml5TTNxSXB6aGJLc0k4Ul9TaWlSWjREOU9B0gGmAUFVX3lxTE1PdVlBZURWZ2RpdjVOVWNUZC1rUGY5UTFwaXNlOXVtOEhKMG9KSnR1dXdZUmp4R1pGNnRJNlVIc0ZjXzR4b1hVWUx1aVI4MjN4VzZDZGt4bWNIWlJUOTVkaWNjSEpIMkRLcEdGQ1FrcHctdXJ0MWtGUFVWRDN1OFlKWnRsalVJMU5TQlhWQ1RPYWU4QjdRU0JOM3lHS0llUXVicF9nbHc?oc=5,https://news.google.com/rss/search?q=feminicidio+menores+hu%C3%A9rfanos&hl=es-419&gl=MX&ceid=MX:es-419,2026-02-14T21:48:17+00:00,0.5,0.3548,0.8085,Alta,Si,3,yasmi n esquivel exige garanti as legales y reparacio n integral para menores hue rfanos por feminicidio milenio,yasmi n esquivel exige garanti as legales y reparacio n integral para menores hue rfanos por feminicidio milenio,yasmi n esquivel exige garanti as legales y reparacio n integral para menores hue rfanos por feminicidio milenio yasmi n esquivel exige garanti as legales y reparacio n integral para menores hue rfanos por feminicidio milenio yasmi n esquivel exige garanti as legales y reparacio n integral para menores hue rfanos por feminicidio milenio,1,0.866496366628778,feminicidio ctimas vi ctimas vi rfanos,46,0.1909742255617522,0.017261302122595593,0.492,Alta
Trágico final: Presunto feminicidio deja a un menor en la orfandad - jornada.com.pe,Trágico final: Presunto feminicidio deja a un menor en la orfandad jornada.com.pe,https://news.google.com/rss/articles/CBMikwFBVV95cUxNRUVOS1hqdlFGVVh2bC1IemlLcTg0aGQwNWlYUEg5RWdIMnZ0bEdYbXd1M1M3blJucnZHczBrWWJSZGtRaE9pY3Nma2pFeFNuOHJ5cGhxTkJqR2dEYVkxZFhqS1NjME85UVNjYUVqV05mX3d1TDRrVnBjQVVJckpQVkFFLThxUWoxVDJkNTZnazZBYTQ?oc=5,https://news.google.com/rss/search?q=orfandad+feminicidio+menores&hl=es-419&gl=MX&ceid=MX:es-419,2026-02-13T21:08:31+00:00,0.5,0.6078,1.0,Alta,Si,1,tra gico final presunto feminicidio deja a un menor en la orfandad jornada com pe,tra gico final presunto feminicidio deja a un menor en la orfandad jornada com pe,tra gico final presunto feminicidio deja a un menor en la orfandad jornada com pe tra gico final presunto feminicidio deja a un menor en la orfandad jornada com pe tra gico final presunto feminicidio deja a un menor en la orfandad jornada com pe,3,0.8624200072822309,feminicidio vi nin vi ctimas ctimas,32,0.24057078577003474,0.012242984779407239,0.6049,Alta
Urgen a diputados tratar Ley Integral para 1.600 huérfanos de feminicidio - lapatria.bo,Urgen a diputados tratar Ley Integral para 1.600 huérfanos de feminicidio lapatria.bo,https://news.google.com/rss/articles/CBMisAFBVV95cUxPLVZDZ1gtWm1zZkpLU1JOZG85cktndms2SFJYazRfajNNbU1rMkxXbXlPQm40ckZzNm9vbGYwdmtLMUFRR09FY2doU0hvdS1CLThjOHNKN2tacDNsSmE2NUNON253M1N0OWM2NEE1bllUenNMY1NvTk0zOGNteV9xNlRuVmpXN2RNRy12TFQtcTZvb0pxY0N5SGQ3VDdqeEhNckNvWnU2X0xNQm12bWdtZg?oc=5,https://news.google.com/rss/search?q=feminicidio+menores+hu%C3%A9rfanos&hl=es-419&gl=MX&ceid=MX:es-419,2026-02-13T20:49:03+00:00,0.5,0.0,0.3025,Media,No,3,urgen a diputados tratar ley integral para 1 600 hue rfanos de feminicidio lapatria bo,urgen a diputados tratar ley integral para 1 600 hue rfanos de feminicidio lapatria bo,urgen a diputados tratar ley integral para 1 600 hue rfanos de feminicidio lapatria bo urgen a diputados tratar ley integral para 1 600 hue rfanos de feminicidio lapatria bo urgen a diputados tratar ley integral para 1 600 hue rfanos de feminicidio lapatria bo,1,0.8612627636612394,feminicidio ctimas vi ctimas vi rfanos,125,0.1106297351727462,0.0021107425562399075,0.1823,Baja
"👨🏻‍⚖️ Vinculado por feminicidio en Tlajomulco 👨🏻‍⚖️ 🔎 El propietario de un domicilio ubicado en un fraccionamiento advirtió que la puerta del inmueble se encontraba forzada y que de una de las habitaciones emanaban olores fétidos. Al ingresar, fue locali - facebook.com","👨🏻‍⚖️ Vinculado por feminicidio en Tlajomulco 👨🏻‍⚖️ 🔎 El propietario de un domicilio ubicado en un fraccionamiento advirtió que la puerta del inmueble se encontraba forzada y que de una de las habitaciones emanaban olores fétidos. Al ingresar, fue locali facebook.com",https://news.google.com/rss/articles/CBMi7gFBVV95cUxNMnA0NWxLaWl1RjhwVW4tZW5BazlweXFNVmVJWnJYVm9IM2JPWE9HUVNuZUNjMks0djQ5aGNuM2xoRUF2ZGI4blgwTU1aSHg3ekJJUk9YVnZpMDE1elVDWlE5UXZaTF9qYkdManBqdlltZTI3Z3pWNUxqNnh1ek9QaHlacHRKODdVeDJ6RWZnbXZxSk1UcTJIdUZ4V0Z1bkpiNURZbjQ1a2RYUTI4SFRKNl80aG0zV1lkLWtxZWduOTlmb3NNUWEtbkdkTDVINXJVcDc5RHBMT2pyTWVDYk5JV20yYkxTd3NGNFg1dkpB?oc=5,https://news.google.com/rss/search?q=feminicidio+ni%C3%B1os+ni%C3%B1as&hl=es-419&gl=MX&ceid=MX:es-419,2026-02-12T22:37:36+00:00,0.5,0.0,0.3025,Media,No,1,vinculado por feminicidio en tlajomulco el propietario de un domicilio ubicado en un fraccionamiento advirtio que la puerta del inmueble se encontraba forzada y que de una de las habitaciones emanaban olores fe tidos al ingresar fue locali facebook com,vinculado por feminicidio en tlajomulco el propietario de un domicilio ubicado en un fraccionamiento advirtio que la puerta del inmueble se encontraba forzada y que de una de las habitaciones emanaban olores fe tidos al ingresar fue locali facebook com,vinculado por feminicidio en tlajomulco el propietario de un domicilio ubicado en un fraccionamiento advirtio que la puerta del inmueble se encontraba forzada y que de una de las habitaciones emanaban olores fe tidos al ingresar fue locali facebook com vinculado por feminicidio en tlajomulco el propietario de un domicilio ubicado en un fraccionamiento advirtio que la puerta del inmueble se encontraba forzada y que de una de las habitaciones emanaban olores fe tidos al ingresar fue locali facebook com vinculado por feminicidio en tlajomulco el propietario de un domicilio ubicado en un fraccionamiento advirtio que la puerta del inmueble se encontraba forzada y que de una de las habitaciones emanaban olores fe tidos al ingresar fue locali facebook com,0,0.8870652259180406,feminicidio ctimas feminicidio vi ctimas feminicidio hijos orfandad,341,0.06900926270479477,0.001320481865011826,0.182,Baja
Ley para cuidar a huérfanos por feminicidio sigue sin reglamento - El País Tarija,Ley para cuidar a huérfanos por feminicidio sigue sin reglamento El País Tarija,https://news.google.com/rss/articles/CBMiqgFBVV95cUxPeDhFaHFuLWFySkFHQVkwalhfdW5zS2V5VUtNZjV4a2NITVJ1SjN0d3dVTDlRUHBDMGFNUjhVaEZINUViemZQZGtZa2EtMEpNWk15NV81N0taNWxQSURIZFE3c2hFaE5KTW50NHVOM0QwSkUxdEx2RE5xTGRpS0VlQlYyMnFXdEFOMVV4LWUtOXNqLTZFbWc4ZzN1Q1pHQndJcFJ6WWsxWEdZZw?oc=5,https://news.google.com/rss/search?q=feminicidio+hijos+hu%C3%A9rfanos&hl=es-419&gl=MX&ceid=MX:es-419,2026-02-09T08:00:00+00:00,0.5,0.0,0.3025,Media,No,3,ley para cuidar a hue rfanos por feminicidio sigue sin reglamento el pai s tarija,ley para cuidar a hue rfanos por feminicidio sigue sin reglamento el pai s tarija,ley para cuidar a hue rfanos por feminicidio sigue sin reglamento el pai s tarija ley para cuidar a hue rfanos por feminicidio sigue sin reglamento el pai s tarija ley para cuidar a hue rfanos por feminicidio sigue sin reglamento el pai s tarija,4,0.8452766661440277,hue hue rfanos rfanos feminicidio rfanos feminicidio,18,0.3014468271993212,0.0022483226185384866,0.1824,Baja
Seis niños quedan en la orfandad tras los primeros feminicidios de 2026 - El Potosí,Seis niños quedan en la orfandad tras los primeros feminicidios de 2026 El Potosí,https://news.google.com/rss/articles/CBMitgFBVV95cUxPbTRRajJxSkR2NEYxSHIxVTI3Zm90QUlHd2dCdHp5Ulh1WThWYzhiS0FZRjBVUEd4dlN2Y3RPZ0VRSjBCLVF5QWsxb0lsUl9CbkI0a3c2aUprdEtTOGhXbEIzMUhqRkxsVlZUekxDRkZFQmVBdXFYZDcyZHpycVlMZXJ2em9LOThnYUZmTHNVNUlOdDR2bE1PQ1FLZ09jaTdIYVVGOHREY3JiMUhmTDJpQ0hWeHdQUQ?oc=5,https://news.google.com/rss/search?q=orfandad+feminicidio+menores&hl=es-419&gl=MX&ceid=MX:es-419,2026-02-06T03:06:28+00:00,0.0,0.5,0.27,Baja,Si,1,seis nin os quedan en la orfandad tras los primeros feminicidios de 2026 el potosi,seis nin os quedan en la orfandad tras los primeros feminicidios de 2026 el potosi,seis nin os quedan en la orfandad tras los primeros feminicidios de 2026 el potosi seis nin os quedan en la orfandad tras los primeros feminicidios de 2026 el potosi seis nin os quedan en la orfandad tras los primeros feminicidios de 2026 el potosi,4,0.8523210787033515,hue hue rfanos rfanos feminicidio rfanos feminicidio,68,0.20557944320824256,0.011329766778099212,0.1665,Baja
Infancias en orfandad por feminicidio olvidadas. Urge registro nacional: OCNF - cimacnoticias.com.mx,Infancias en orfandad por feminicidio olvidadas. Urge registro nacional: OCNF cimacnoticias.com.mx,https://news.google.com/rss/articles/CBMitwFBVV95cUxNcEdWRElRZjNuZDZSN1RYeDBDbmQ5bmljV3oxZjVJQkd3UjNYSjh1MUpkeGlpUHcwYV9KdEQ3c2FTaUdPV2NpSFBUNnlBc2ZBVkl5Y2p6X2p4SzBaanNuY2pneVFBZTNzYkxaRFRBaTNGTlNaeUl3azZDNTRVeXUwQ2laeHdnanpzR2lGT2NHRDRwenVPYmFOSjdRS21KODZkOF9yNFF3NUdnaGFtQ0kwaHFLTjlYcnc?oc=5,https://news.google.com/rss/search?q=feminicidio+ni%C3%B1os+ni%C3%B1as&hl=es-419&gl=MX&ceid=MX:es-419,2026-01-30T08:00:00+00:00,0.5,0.5,0.93,Alta,Si,1,infancias en orfandad por feminicidio olvidadas urge registro nacional ocnf cimacnoticias com mx,infancias en orfandad por feminicidio olvidadas urge registro nacional ocnf cimacnoticias com mx,infancias en orfandad por feminicidio olvidadas urge registro nacional ocnf cimacnoticias com mx infancias en orfandad por feminicidio olvidadas urge registro nacional ocnf cimacnoticias com mx infancias en orfandad por feminicidio olvidadas urge registro nacional ocnf cimacnoticias com mx,3,0.8619890849420281,feminicidio vi nin vi ctimas ctimas,13,0.2775682956815458,0.015327902097742551,0.5641,Alta
México deberá atender infancias en orfandad por feminicidio tras sentencia CoIDH - cimacnoticias.com.mx,México deberá atender infancias en orfandad por feminicidio tras sentencia CoIDH cimacnoticias.com.mx,https://news.google.com/rss/articles/CBMivgFBVV95cUxQUEx5VUN5cHFkZUJXcnBrNnZ5ZUtkRlhMRUhDTk5uV2IyUGoxenEybURjVnk1NkVmQWprdkMtR3M2RzNEZEtjZ3c5NXZST3d5Q042U2tTRVJiYmp2ejk2LWwxdHB5TWdIalBJRHpISXBOVFh5ZEZSeHljRzlWSktNSzlFNDI1SDF4eHhOc0wwTUJPc0ZlY3VCeHVzb2NZSU1yX296Nk9jalZXandqbjh1Qk1NYjk0b09zRHNiRUZ3?oc=5,https://news.google.com/rss/search?q=feminicidio+ni%C3%B1os+ni%C3%B1as&hl=es-419&gl=MX&ceid=MX:es-419,2026-01-28T20:17:16+00:00,0.5,0.5,0.93,Alta,Si,1,me xico debera atender infancias en orfandad por feminicidio tras sentencia coidh cimacnoticias com mx,me xico debera atender infancias en orfandad por feminicidio tras sentencia coidh cimacnoticias com mx,me xico debera atender infancias en orfandad por feminicidio tras sentencia coidh cimacnoticias com mx me xico debera atender infancias en orfandad por feminicidio tras sentencia coidh cimacnoticias com mx me xico debera atender infancias en orfandad por feminicidio tras sentencia coidh cimacnoticias com mx,1,0.8529175453071319,feminicidio ctimas vi ctimas vi rfanos,44,0.2854935964302309,0.011989219859489959,0.5628,Alta
"Familia de Ángela Birkenbach, víctima de feminicidio, denuncian impunidad y dilación - Zona Docs","Familia de Ángela Birkenbach, víctima de feminicidio, denuncian impunidad y dilación Zona Docs",https://news.google.com/rss/articles/CBMiugFBVV95cUxPdnN3R1ZyeHZDamhPeHI5bFozX3ZsVFc5RVJpcm82ZXRuZEdRcWR2N216cGNZOVNuYTZYZ19RcUJZekJNMEgtY3hfa2ZROU1RM0RwZkU0aVl1Mm55aTNoVWNSNFA0QU15aWhqS19scUh5R3FINTk3bTUxc2pFcUhuTG45SXd4Qk9hMHlJY09GNDBtZ3J4TUFlci1kMm5TMFhsZTRXS1l0ODNhbXJwbjJMQnF3Z2l1MFM3Wnc?oc=5,https://news.google.com/rss/search?q=feminicidio+hijos+menores+M%C3%A9xico&hl=es-419&gl=MX&ceid=MX:es-419,2026-01-28T02:48:04+00:00,0.5,0.0,0.3025,Media,No,0,familia de a ngela birkenbach vi ctima de feminicidio denuncian impunidad y dilacio n zona docs,familia de a ngela birkenbach vi ctima de feminicidio denuncian impunidad y dilacio n zona docs,familia de a ngela birkenbach vi ctima de feminicidio denuncian impunidad y dilacio n zona docs familia de a ngela birkenbach vi ctima de feminicidio denuncian impunidad y dilacio n zona docs familia de a ngela birkenbach vi ctima de feminicidio denuncian impunidad y dilacio n zona docs,2,0.8521723440590279,feminicidio hue rfanos rfanos hue rfanos feminicidio,161,0.16325158975198925,0.0018536712354860923,0.1822,Baja
563 niños y niñas huérfanos por culpa del feminicidio en los últimos 8 años en Paraguay - efeminista,563 niños y niñas huérfanos por culpa del feminicidio en los últimos 8 años en Paraguay efeminista,https://news.google.com/rss/articles/CBMiakFVX3lxTE9GdmxsV00xQk12OHNDNHg1SHdUY3A2aGVkV1h4UktpaW9wVGNiUkZPMHlUQ0J6QmxHVzBTTXp2d283bkw4bnFCUERGUnB6QjBfbnBaOWMyZ3MzX0JWWVc0UnRuWDVpQXJIbnc?oc=5,https://news.google.com/rss/search?q=feminicidio+ni%C3%B1os+ni%C3%B1as&hl=es-419&gl=MX&ceid=MX:es-419,2026-01-27T08:00:00+00:00,0.5,0.0,0.3025,Media,No,2,563 nin os y nin as hue rfanos por culpa del feminicidio en los u ltimos 8 an os en paraguay efeminista,563 nin os y nin as hue rfanos por culpa del feminicidio en los u ltimos 8 an os en paraguay efeminista,563 nin os y nin as hue rfanos por culpa del feminicidio en los u ltimos 8 an os en paraguay efeminista 563 nin os y nin as hue rfanos por culpa del feminicidio en los u ltimos 8 an os en paraguay efeminista 563 nin os y nin as hue rfanos por culpa del feminicidio en los u ltimos 8 an os en paraguay efeminista,5,0.8739141882377932,feminicidio mx com orfandad cimacnoticias,286,0.18962979989523418,0.0018287243493662517,0.1822,Baja
Feminicidio de Jessica González: Confirman sentencia de 50 años de prisión contra Diego Urik - El Financiero,Feminicidio de Jessica González: Confirman sentencia de 50 años de prisión contra Diego Urik El Financiero,https://news.google.com/rss/articles/CBMi2wFBVV95cUxNZGQ2Z1o3VnNSS3NEUTZQaGRZUHVGY1g5aXc3b1ZfdlVEZTljSXd6S0doZEVvSy1EV0ZCZXU0SnhVS2N2TTVnSzg0TGhQZ3JQOUFpZF9YVVVrSHRvX0p6ckpzUXhGbkRtU2lCVTZpVzhmX0d1dXdfcUNpMHo3dHhxWWhDR3dRLVFseFBSSzRPemZ5T1dpYy1oTjEyUUY2X0tZZ3ZXNEQxOVE2ZF9ENG8xak5qN29ReXZMRWJtWV9NaW9YTndiUUpzWjFmRkRiYllMNS1lOU5CZEJhQ1E?oc=5,https://news.google.com/rss/search?q=feminicidio+M%C3%A9xico&hl=es-419&gl=MX&ceid=MX:es-419,2026-01-27T08:00:00+00:00,0.5,0.0,0.3025,Media,No,1,feminicidio de jessica gonza lez confirman sentencia de 50 an os de prisio n contra diego urik el financiero,feminicidio de jessica gonza lez confirman sentencia de 50 an os de prisio n contra diego urik el financiero,feminicidio de jessica gonza lez confirman sentencia de 50 an os de prisio n contra diego urik el financiero feminicidio de jessica gonza lez confirman sentencia de 50 an os de prisio n contra diego urik el financiero feminicidio de jessica gonza lez confirman sentencia de 50 an os de prisio n contra diego urik el financiero,5,0.8720135433034151,feminicidio mx com orfandad cimacnoticias,251,0.09789050027844262,0.001699603546576064,0.1822,Baja
Investigan feminicidio en fraccionamiento Enfermeras de Victoria; esposo bajo sospecha - expreso.press,Investigan feminicidio en fraccionamiento Enfermeras de Victoria; esposo bajo sospecha expreso.press,https://news.google.com/rss/articles/CBMiuwFBVV95cUxOU2RqZUlYNkljeEpBYlhseDROci1Wc0FYR1NHbnJfY2pCVDhXOXFtTXR4cTM4X1FkS2lXT0lUV3Y3MUNtZzcwSWlnZVpNWm5QdG9SRUhqbkc4NlphT043aHhYeGlLRHZIakNPRGJoOU1sS2tkY090X291dGVzcENsMEtNekpKdS1NYnQwYlFXNmhxaXpNdXFmRzZUbExaWGluRFdOWk9EampXaThzbzJjbTRkT01FTXhNSThB?oc=5,https://news.google.com/rss/search?q=DIF+custodia+feminicidio+hijos&hl=es-419&gl=MX&ceid=MX:es-419,2026-01-23T08:00:00+00:00,0.5,0.0,0.3025,Media,No,1,investigan feminicidio en fraccionamiento enfermeras de victoria esposo bajo sospecha expreso press,investigan feminicidio en fraccionamiento enfermeras de victoria esposo bajo sospecha expreso press,investigan feminicidio en fraccionamiento enfermeras de victoria esposo bajo sospecha expreso press investigan feminicidio en fraccionamiento enfermeras de victoria esposo bajo sospecha expreso press investigan feminicidio en fraccionamiento enfermeras de victoria esposo bajo sospecha expreso press,3,0.8089930030960691,feminicidio vi nin vi ctimas ctimas,115,0.12602621657333984,0.001726422075599989,0.1822,Baja
El reglamento de la Ley para huérfanos de feminicidio avanzó 30% - El País Tarija,El reglamento de la Ley para huérfanos de feminicidio avanzó 30% El País Tarija,https://news.google.com/rss/articles/CBMipwFBVV95cUxOQTNKSWNXN0JSemxjUHFqNno5dDlEMV9zdFV2T1J6REtCQnJjZ0lPRmlmQ3Z6NGVyamFGMlc0eFc0cDY2YzJ5SG1tNnlTbDExRnRMQUN0WHktcl9mU2dFbnNkeVFJbHhkMGRoTldaekUwcFg2ZTdWZ1dpeG1oRUpDY2V0T25XaS1va0J5czhEanVnUDFNd3gybFhVWWt2aE9qMUlkOHdWcw?oc=5,https://news.google.com/rss/search?q=feminicidio+hijos+hu%C3%A9rfanos&hl=es-419&gl=MX&ceid=MX:es-419,2026-01-23T08:00:00+00:00,0.5,0.0,0.3025,Media,No,3,el reglamento de la ley para hue rfanos de feminicidio avanzo 30 el pai s tarija,el reglamento de la ley para hue rfanos de feminicidio avanzo 30 el pai s tarija,el reglamento de la ley para hue rfanos de feminicidio avanzo 30 el pai s tarija el reglamento de la ley para hue rfanos de feminicidio avanzo 30 el pai s tarija el reglamento de la ley para hue rfanos de feminicidio avanzo 30 el pai s tarija,4,0.8344400557242195,hue hue rfanos rfanos feminicidio rfanos feminicidio,20,0.33715002741401734,0.002457833321272604,0.1825,Baja
DEFENSORÍA DEL PUEBLO PROMUEVE LA REGLAMENTACIÓN DE LA LEY DE PROTECCIÓN A HIJAS E HIJOS HUÉRFANOS DE FEMINICIDIO MEDIANTE MESAS TÉCNICAS - defensoria.gob.bo,DEFENSORÍA DEL PUEBLO PROMUEVE LA REGLAMENTACIÓN DE LA LEY DE PROTECCIÓN A HIJAS E HIJOS HUÉRFANOS DE FEMINICIDIO MEDIANTE MESAS TÉCNICAS defensoria.gob.bo,https://news.google.com/rss/articles/CBMihwJBVV95cUxPbTZraUo4WDI4VkxqamQ0VWpWWWJoV1Q5NGlieXdlSWNQZ0o1ZFdjVVZERDQ2S0tLWVBMNnVQSTdGakd5cTM3VmpybjI3WWdnOHRKdU9lQkFXRWVwaUN4NzZ0WkVXRWJxYnY3OENlbmhBN1VOeXJtN0RsQUZ2STlMd2YzS0N6NGdfeG9qLVJoN0J6aVFPSGJSdDY1VWJib2hEWG9TbDc5TE9kY0NGQUtXSkxhOUFqbTV1UU1kSEdrZVFYQ1pYOThnclZTV2J0VG1wcWRMbUhzUUpjNnFzVEZBaFRhVk0zNlVjTVNoRlJ4TXNtUVY4Z18xRWRVdVQ2dTBYOEZjc3hQMA?oc=5,https://news.google.com/rss/search?q=feminicidio+hijos+hu%C3%A9rfanos&hl=es-419&gl=MX&ceid=MX:es-419,2026-01-22T08:00:00+00:00,0.5,0.5455,0.968,Alta,Si,3,defensori a del pueblo promueve la reglamentacio n de la ley de proteccio n a hijas e hijos hue rfanos de feminicidio mediante mesas te cnicas defensoria gob bo,defensori a del pueblo promueve la reglamentacio n de la ley de proteccio n a hijas e hijos hue rfanos de feminicidio mediante mesas te cnicas defensoria gob bo,defensori a del pueblo promueve la reglamentacio n de la ley de proteccio n a hijas e hijos hue rfanos de feminicidio mediante mesas te cnicas defensoria gob bo defensori a del pueblo promueve la reglamentacio n de la ley de proteccio n a hijas e hijos hue rfanos de feminicidio mediante mesas te cnicas defensoria gob bo defensori a del pueblo promueve la reglamentacio n de la ley de proteccio n a hijas e hijos hue rfanos de feminicidio mediante mesas te cnicas defensoria gob bo,1,0.886886356081576,feminicidio ctimas vi ctimas vi rfanos,91,0.3674203981656247,0.03066094515904192,0.5931,Alta
Reglamento de la ley para huérfanos de feminicidio alcanza el 30%; costos representan solo el 3% del Bono Juancito Pinto - Erbol |,Reglamento de la ley para huérfanos de feminicidio alcanza el 30%; costos representan solo el 3% del Bono Juancito Pinto Erbol |,https://news.google.com/rss/articles/CBMixAFBVV95cUxNdTh0M1I0MG4ta2pGWEg1M19rQ0R2c0laT0M0VkZ2Wlk1VUJoMDlkMlJObUgxaklqSTdFdWJyREd2WV9PdXhlaHBvMUpKVUI4UTJEckNCQTdGZF8tOFE2R3pMWEpGR2dZcU8zR2J4YlhjVU5XRl9fTU9zVEVoSGpkZWF5dy1kV25vbWdlWTM1VmE5MFdKRFR1RFFhYXlVYWs2NmY4T2N4QUFnWmlOMUhxSFVMaENGc19vdGdnSW5pTTR1M0M4?oc=5,https://news.google.com/rss/search?q=feminicidio+menores+hu%C3%A9rfanos&hl=es-419&gl=MX&ceid=MX:es-419,2026-01-21T08:00:00+00:00,0.5,0.0,0.3025,Media,No,3,reglamento de la ley para hue rfanos de feminicidio alcanza el 30 costos representan solo el 3 del bono juancito pinto erbol,reglamento de la ley para hue rfanos de feminicidio alcanza el 30 costos representan solo el 3 del bono juancito pinto erbol,reglamento de la ley para hue rfanos de feminicidio alcanza el 30 costos representan solo el 3 del bono juancito pinto erbol reglamento de la ley para hue rfanos de feminicidio alcanza el 30 costos representan solo el 3 del bono juancito pinto erbol reglamento de la ley para hue rfanos de feminicidio alcanza el 30 costos representan solo el 3 del bono juancito pinto erbol,2,0.8694975199579907,feminicidio hue rfanos rfanos hue rfanos feminicidio,18,0.33715002741401734,0.001885255838357964,0.1823,Baja
“Mi papá es malo”: revelan testimonio de niño que presenció feminicidio de su mamá y abuela en Cuautitlán - Infobae,“Mi papá es malo”: revelan testimonio de niño que presenció feminicidio de su mamá y abuela en Cuautitlán Infobae,https://news.google.com/rss/articles/CBMi3gFBVV95cUxPbjJ1VkZ6VUc4SW04Mzl1YlB4RGQ0YjNXQVZlRTZqaEpLWHBVS294TDdLT2NiS2tiZnRRM1Y5LVpONkRVbHRxNFFLZWRmdDdHU0VzSkVCNGhZcjZKZTJMMHZWUHRNQnJzQUd1WFc3S0ZpRG1NNnhTWnRaQllNRkV4LWJ4NWpzaWVXVlBka1BYS2xQVUtockMxTm51TE5uTXhPXzA5RmxvQVlYbVQ3WE4wSzJYcTRiekFWT2tobVI1ampNY3hqYTBUY3M5d05NODRqa0NrWjhIX0N1WXlscWfSAfgBQVVfeXFMT2QwdlRvZV9vNEhENDhXUW5UbWpHMVJhamVIdmdvZWVXbnZzZW5ERnRvUlJZdVNuWXhGaXQ2SGhyVlAyQWk5R1V1bzg1UGpXdHdqV1RBTDFLaGtJMmJmZ2c3bW50Zng0bS16ZGcxUWpWWTBHRVlIM19BaVV6RjdUN0ZRbnZHaVpYMVpFN1AzVHQ2LVFNaFh3STA4NW5HZVd4VDE5ekpmV3cxSzNTUWtXczR6eVNQMzNtUy1xRWNYTEN1Z2V2SGJEQk9xWUlDZmEwXzBTdjJOZERLVURqQjA5M1FDOHpvYk02YUFoNFV5LTZHeDJzTndUVHY?oc=5,https://news.google.com/rss/search?q=feminicidio+ni%C3%B1os+ni%C3%B1as&hl=es-419&gl=MX&ceid=MX:es-419,2026-01-20T08:00:00+00:00,0.5,0.0,0.3025,Media,No,1,mi papa es malo revelan testimonio de nin o que presencio feminicidio de su mama y abuela en cuautitla n infobae,mi papa es malo revelan testimonio de nin o que presencio feminicidio de su mama y abuela en cuautitla n infobae,mi papa es malo revelan testimonio de nin o que presencio feminicidio de su mama y abuela en cuautitla n infobae mi papa es malo revelan testimonio de nin o que presencio feminicidio de su mama y abuela en cuautitla n infobae mi papa es malo revelan testimonio de nin o que presencio feminicidio de su mama y abuela en cuautitla n infobae,2,0.8580594846405971,feminicidio hue rfanos rfanos hue rfanos feminicidio,31,0.2057192929346462,0.00209578289529498,0.1823,Baja
La otra cara del feminicidio: 563 hijos quedaron huérfanos en 10 años - ultimahora.com,La otra cara del feminicidio: 563 hijos quedaron huérfanos en 10 años ultimahora.com,https://news.google.com/rss/articles/CBMimwFBVV95cUxOSXBrQ0dfcl9jb3pWYkxpeUxpUHBoZUVKeWpiYmZjU1BGazdQd3RNM1JkTTBnX3hneEVDQmduNDhZNVI4TEVfSmQwNDlZXzFSV090LUhUR2lPdG1SMEt2RmFfMUhvcmhySFdhNjFvRHdOVThhV0FpYnZKQU1PRUU4N3lQeGFvdXdaMTJTODhtbHhsTmpHdDFSWTRPY9IBqAFBVV95cUxQUF94bmlsVVZhOUJFR3RWY3c5SEY3ZV9zWkg5Q09na2dYMGQ4bVdPd21ETVptU2tsRGt0b09STjAyNWpxcFBCQS1PMDVDOElWdFdNM0s5UkdZRHlaQlRxbl92alFiOXQ4NFRrd3Bna1EtUmZfb09KR01UTFFpWDRNWTczdUtTQXdYQUw2N3ZYNkQzYkQyYzNxdjhIMUM3UkduVDh5YllPTlE?oc=5,https://news.google.com/rss/search?q=feminicidio+hijos+hu%C3%A9rfanos&hl=es-419&gl=MX&ceid=MX:es-419,2026-01-19T08:00:00+00:00,0.5,0.6078,1.0,Alta,Si,3,la otra cara del feminicidio 563 hijos quedaron hue rfanos en 10 an os ultimahora com,la otra cara del feminicidio 563 hijos quedaron hue rfanos en 10 an os ultimahora com,la otra cara del feminicidio 563 hijos quedaron hue rfanos en 10 an os ultimahora com la otra cara del feminicidio 563 hijos quedaron hue rfanos en 10 an os ultimahora com la otra cara del feminicidio 563 hijos quedaron hue rfanos en 10 an os ultimahora com,5,0.8653186323199099,feminicidio mx com orfandad cimacnoticias,25,0.3176498407964084,0.014879930705386539,0.606,Alta
Víctimas de feminicidio en Paraguay dejaron 563 hijos huérfanos entre 2017 y 2025 - El Nuevo Diario (República Dominicana),Víctimas de feminicidio en Paraguay dejaron 563 hijos huérfanos entre 2017 y 2025 El Nuevo Diario (República Dominicana),https://news.google.com/rss/articles/CBMisAFBVV95cUxNMkY1eDJmSmV4eC1UbFVWeE1xWWFZQ3l4ZDN4a2ZiY2o4NWRwQnFGeWVSOWhNNngyaVRHcXRCdFdvUTdzQlNmMURTVGZDUl83NnVWbzFoNmtzVXZxazNsZ1BJbnVZUDhtMmcwblpsaC1CQTJCbnQ0bkNKUkxXcnFzRVlmcWlqUXF5R0wxLVotcXViZTlTM2dVMHJwTkdtcEhiNGpNQXMwT2ttblRCS2xMRg?oc=5,https://news.google.com/rss/search?q=feminicidio+hijos+hu%C3%A9rfanos&hl=es-419&gl=MX&ceid=MX:es-419,2026-01-19T08:00:00+00:00,0.5,0.375,0.8254,Alta,Si,0,vi ctimas de feminicidio en paraguay dejaron 563 hijos hue rfanos entre 2017 y 2025 el nuevo diario repu blica dominicana,vi ctimas de feminicidio en paraguay dejaron 563 hijos hue rfanos entre 2017 y 2025 el nuevo diario repu blica dominicana,vi ctimas de feminicidio en paraguay dejaron 563 hijos hue rfanos entre 2017 y 2025 el nuevo diario repu blica dominicana vi ctimas de feminicidio en paraguay dejaron 563 hijos hue rfanos entre 2017 y 2025 el nuevo diario repu blica dominicana vi ctimas de feminicidio en paraguay dejaron 563 hijos hue rfanos entre 2017 y 2025 el nuevo diario repu blica dominicana,1,0.88276167859043,feminicidio ctimas vi ctimas vi rfanos,87,0.32733262502494986,0.012675221362491933,0.5003,Alta
Huérfanos de la violencia: el costo invisible del feminicidio - ABC Color,Huérfanos de la violencia: el costo invisible del feminicidio ABC Color,https://news.google.com/rss/articles/CBMiqgFBVV95cUxQSmVJQmd1T25GMHQ0T2p4MGtfcmdmT0lESzVCWE92NmNWV1FaZk5aeDVtZHJPS1RNZVhzMVQtcmxOMkVTXzJKdlZyamVpdi10djNydzlSejhVVTg2WHlqaXk0WHo0bF8xN1BoTDZqRjc1Mm5KN3UwWnJFRVoxcnV2cmpnZ29hSmZpZFZkODJOeXVLZHZ6bWtVNWIxWE9uNEFSRWFJN0ZhZUVwQdIBvgFBVV95cUxPQWhUclQzN3RZVHBWMUFRZXpBN2VFNXZkS0lydUFXenRMMG9QdXlRRXpGeXczUnUxTWRDUlFnajlOaFpYcWFEeW0wa1p6RmNqcDN3TVZVWUdhSHN0bGFVd19GZ2c4Y3p0N2Nfb3NCdWh5WS1ZcGFpV05GV0tlVG5HY2oycGdveno1Q3kxeF9WLUV4TmNEVVZFeE9fQWg3VWhVblk4TzFZUlFZQW9jUGIwQ1k3OTd4REFrRDctZzVB?oc=5,https://news.google.com/rss/search?q=feminicidio+hijos+hu%C3%A9rfanos&hl=es-419&gl=MX&ceid=MX:es-419,2026-01-18T08:00:00+00:00,0.5,0.0,0.3025,Media,No,3,hue rfanos de la violencia el costo invisible del feminicidio abc color,hue rfanos de la violencia el costo invisible del feminicidio abc color,hue rfanos de la violencia el costo invisible del feminicidio abc color hue rfanos de la violencia el costo invisible del feminicidio abc color hue rfanos de la violencia el costo invisible del feminicidio abc color,4,0.8331536602260743,hue hue rfanos rfanos feminicidio rfanos feminicidio,27,0.1842594611158718,0.03133187708952085,0.194,Baja
"En casi 10 años, más de 500 hijos quedaron huérfanos por culpa de feminicidios - Prensa Mercosur","En casi 10 años, más de 500 hijos quedaron huérfanos por culpa de feminicidios Prensa Mercosur",https://news.google.com/rss/articles/CBMitwFBVV95cUxQMTIyZzN0bm9nanY2MVR6eklXX2p5cG9YTGpTOUxBN2VWX1RybGdIa21uMDExUk91VVczVlVTQmhELTVNWVZuVDFTbk9wU0xtRHFtMkR4N1lCMGZfdWpzekpPOWd4RERNRjMyTDlqRmptMnNmSXpVS0oxSTFGMHdhaDFaSDVuOERTcVlsUUhBTjdSTGR3aUpINTZwVTFCZzJ5U3R3VW14bkVOWFRjSFljU0JXLTB2TE0?oc=5,https://news.google.com/rss/search?q=feminicidio+hijos+hu%C3%A9rfanos&hl=es-419&gl=MX&ceid=MX:es-419,2026-01-18T08:00:00+00:00,0.0,0.6078,0.3282,Media,Si,3,en casi 10 an os ma s de 500 hijos quedaron hue rfanos por culpa de feminicidios prensa mercosur,en casi 10 an os ma s de 500 hijos quedaron hue rfanos por culpa de feminicidios prensa mercosur,en casi 10 an os ma s de 500 hijos quedaron hue rfanos por culpa de feminicidios prensa mercosur en casi 10 an os ma s de 500 hijos quedaron hue rfanos por culpa de feminicidios prensa mercosur en casi 10 an os ma s de 500 hijos quedaron hue rfanos por culpa de feminicidios prensa mercosur,5,0.8786678523490484,feminicidio mx com orfandad cimacnoticias,23,0.3176498407964084,0.0116156720662398,0.2016,Baja
FGJT procesa a presunta responsable de feminicidio infantil en Tamaulipas - El Sol de México,FGJT procesa a presunta responsable de feminicidio infantil en Tamaulipas El Sol de México,https://news.google.com/rss/articles/CBMixAFBVV95cUxOZGxEZFNFSm9Qbkg1WDQ2TlJkQktWTkxfZV9Ld3laYXZHT0J2Vno0NlR0eFZiR2VJMGVSeVpESWM2cXdyNnY5MnlDTm4xQjJsdktWdTBwak1rVTFFa0VSbmlqLW94OGc1Zmp1RldZMWpXeS05S2U0dEpNTnI4b2RBeTlPMi1uRUxLQ2NkaGNhNGl4V0VtZnAxRlJhWUdzcHhWOHNmdGNkUzlOeVZySzMyQWJsV01UQkZqMUM3YndGVnlveDAz?oc=5,https://news.google.com/rss/search?q=feminicidio+ni%C3%B1os+ni%C3%B1as&hl=es-419&gl=MX&ceid=MX:es-419,2026-01-17T08:00:00+00:00,0.5,0.3103,0.707,Alta,Si,1,fgjt procesa a presunta responsable de feminicidio infantil en tamaulipas el sol de me xico,fgjt procesa a presunta responsable de feminicidio infantil en tamaulipas el sol de me xico,fgjt procesa a presunta responsable de feminicidio infantil en tamaulipas el sol de me xico fgjt procesa a presunta responsable de feminicidio infantil en tamaulipas el sol de me xico fgjt procesa a presunta responsable de feminicidio infantil en tamaulipas el sol de me xico,4,0.8456147848756768,hue hue rfanos rfanos feminicidio rfanos feminicidio,215,0.12604301019469386,0.0020629449445955135,0.425,Alta
"Prevención, la mayor deuda con huérfanos por feminicidio, reconoce defensor de la niñez - ABC Color","Prevención, la mayor deuda con huérfanos por feminicidio, reconoce defensor de la niñez ABC Color",https://news.google.com/rss/articles/CBMiywFBVV95cUxQbWJXTlN0WE1id3VjNjlkZ0FfWktmbTFxaTlid0I4QlgteXd2bXdDY3BHVmwtbm02WFdvTE5QbDJyenBxelBhRllQTzBfSTFOUERJVWt3WmVvTUZtN205S1pUSDR4aGpSeW5FVmdheDZHOWJlNFVUSFlxNjJ1aUh0TjJuZXB2Y0NsUkFxakFZbGE0OEtvVExpeWxMQksyd2pUNlZQc2N6dXF4a3ZCUnNoODRIZFlkSkpsRVRjaGJHWkNVWkoxS2p1ZkNTUdIB3wFBVV95cUxQcEVDbUtKTWR3TkFvNEotVVllTFZKR3RaU3RnWmxFSlM2RWRMaF8wRzV2aUFQakEyaXJsRllhVGFqaUx6aGJWZmpGX2JaOTlxbmd0U3dmYTJ1bGNFQUY5YTN4R3daWWNFQk1WejgzaHNhUmV2QUJsOG9POXRMVFFDd1pxRkVOOS1xVWlJVVVuVGU2LTdrbEdOZmVpZWlRYkFuYjlWUnhKYWJSM2wzM3EweGRmb2oyZEZjSVFXTFpfQ3VFejhtcG5Uam5NMU5PQ3RkbmptekZ0SkViZlN2TUs4?oc=5,https://news.google.com/rss/search?q=feminicidio+hijos+hu%C3%A9rfanos&hl=es-419&gl=MX&ceid=MX:es-419,2026-01-17T08:00:00+00:00,0.5,0.0,0.3025,Media,No,3,prevencio n la mayor deuda con hue rfanos por feminicidio reconoce defensor de la nin ez abc color,prevencio n la mayor deuda con hue rfanos por feminicidio reconoce defensor de la nin ez abc color,prevencio n la mayor deuda con hue rfanos por feminicidio reconoce defensor de la nin ez abc color prevencio n la mayor deuda con hue rfanos por feminicidio reconoce defensor de la nin ez abc color prevencio n la mayor deuda con hue rfanos por feminicidio reconoce defensor de la nin ez abc color,5,0.8629853444148878,feminicidio mx com orfandad cimacnoticias,24,0.1842594611158718,0.0018301745606894352,0.1822,Baja
"""Familia de alto riesgo"": los antecedentes judiciales de los hijos de Julia Chuñil y el historial de violencia intrafamiliar - Teletrece","""Familia de alto riesgo"": los antecedentes judiciales de los hijos de Julia Chuñil y el historial de violencia intrafamiliar Teletrece",https://news.google.com/rss/articles/CBMitwFBVV95cUxONkpGMEl4NUxIcE5DSmd3Qnh6QWc3bHdGSHdyUHEtYU5zNTkzbnNhX2hCZ29rdHhkVl9yM2FUa0luWDNWcElTNHhIR3RmOVJGTUNfVTVJWTBMS0tUa3ZNam1vTkI2MUtIWkREUThwd0Y1MGZYSkh5UWhMTHE2a21SZU5JdDdDMHpZcTN2bmFiUWdIQXRQRWZ5TnFPTmhWbFRBYWY2ckgzVFh4U3EzZW4xb0NLYUZneHc?oc=5,https://news.google.com/rss/search?q=asesinato+mujer+hijos+quedaron&hl=es-419&gl=MX&ceid=MX:es-419,2026-01-16T08:00:00+00:00,0.3333,0.375,0.5457,Alta,Si,1,familia de alto riesgo los antecedentes judiciales de los hijos de julia chun il y el historial de violencia intrafamiliar teletrece,familia de alto riesgo los antecedentes judiciales de los hijos de julia chun il y el historial de violencia intrafamiliar teletrece,familia de alto riesgo los antecedentes judiciales de los hijos de julia chun il y el historial de violencia intrafamiliar teletrece familia de alto riesgo los antecedentes judiciales de los hijos de julia chun il y el historial de violencia intrafamiliar teletrece familia de alto riesgo los antecedentes judiciales de los hijos de julia chun il y el historial de violencia intrafamiliar teletrece,2,0.86807597604242,feminicidio hue rfanos rfanos hue rfanos feminicidio,38,0.0777642506923808,0.11751540898545393,0.3744,Media
Feminicidio de Cindy en Cuautitlán: lo que se sabe del doble asesinato que dejó a dos menores en orfandad - Serendipia - Periodismo de Datos,Feminicidio de Cindy en Cuautitlán: lo que se sabe del doble asesinato que dejó a dos menores en orfandad Serendipia - Periodismo de Datos,https://news.google.com/rss/articles/CBMiggFBVV95cUxPdEZpbzlzUmxwVnkzMlo4R0JDSmZnQkRGekpsWFVDTmlXdW1UYW5zalNJLU9BR2NtTzNVakgtUVM4VnlzbjdXTm55T3NmR0tKa3Q5aDlDYjhMN3JuSExqWDFmZkdRNVZvQ2pRc19Obk9tdmR3LWFGb255REkzQTRpREF3?oc=5,https://news.google.com/rss/search?q=orfandad+feminicidio+menores&hl=es-419&gl=MX&ceid=MX:es-419,2026-01-15T08:00:00+00:00,0.5,0.6078,1.0,Alta,Si,1,feminicidio de cindy en cuautitla n lo que se sabe del doble asesinato que dejo a dos menores en orfandad serendipia periodismo de datos,feminicidio de cindy en cuautitla n lo que se sabe del doble asesinato que dejo a dos menores en orfandad serendipia periodismo de datos,feminicidio de cindy en cuautitla n lo que se sabe del doble asesinato que dejo a dos menores en orfandad serendipia periodismo de datos feminicidio de cindy en cuautitla n lo que se sabe del doble asesinato que dejo a dos menores en orfandad serendipia periodismo de datos feminicidio de cindy en cuautitla n lo que se sabe del doble asesinato que dejo a dos menores en orfandad serendipia periodismo de datos,5,0.8601617690160293,feminicidio mx com orfandad cimacnoticias,263,0.07333646337030661,0.0513041760105774,0.6205,Alta
DIF de Tultepec mantiene en resguardo a Erika luego del feminicidio de su madre y abuela - PostaMx,DIF de Tultepec mantiene en resguardo a Erika luego del feminicidio de su madre y abuela PostaMx,https://news.google.com/rss/articles/CBMivAFBVV95cUxPeF9JVUxKRHZ0MHNBODQxVDF0Z1ZpU0UwczV3TnhVU3MzMXdtUHNwdFdxcFItaloyLTdOODFVaUllMGlONnZRRmZjWjFhZ0ZCLTQ1S01RallJTlNaSmZpa0ZCSmNlemhoVnRPOGlfUFNkWVZWeE1BcWlZM2VWQ3hOU0xtdDRyUGN5dE1TRmVxWkJfdEU1OWx0TlU4a2lkQkFycTNvOVBRNUZjd1BtUWtFcF9XdndVVllzX1dGUdIBwgFBVV95cUxNazQ4VGk3ODRheWVjcTVRcG41eERrTDRqVk9wWUZBdGNZbDJaNHdiMnhsR0RTdjdYaURmUUlxTjFUajgySllxa2pmR2ZhYkJ6N0p1emhXanVJQlFKUkdSRWJ3UXRoZVFuRHVnTi1wN0VSMmZVNlFPZnJhZ2tPZjhDQ0NSYjJDTzFNWFVUbTR1OFZCanBIaUhNWS1kbVY3M0tYenQtV1N4SmF4bXNPblRLekVpNlBDSE4xUVBfNk1QZnhDZw?oc=5,https://news.google.com/rss/search?q=DIF+custodia+feminicidio+hijos&hl=es-419&gl=MX&ceid=MX:es-419,2026-01-15T08:00:00+00:00,0.5,0.2857,0.6437,Alta,Si,1,dif de tultepec mantiene en resguardo a erika luego del feminicidio de su madre y abuela postamx,dif de tultepec mantiene en resguardo a erika luego del feminicidio de su madre y abuela postamx,dif de tultepec mantiene en resguardo a erika luego del feminicidio de su madre y abuela postamx dif de tultepec mantiene en resguardo a erika luego del feminicidio de su madre y abuela postamx dif de tultepec mantiene en resguardo a erika luego del feminicidio de su madre y abuela postamx,5,0.8591477435345592,feminicidio mx com orfandad cimacnoticias,31,0.1959915810494771,0.037688780154256626,0.4013,Alta
¿Dónde está Erika Camila? Niña de 3 años es raptada tras el doble feminicidio de su madre y abuela en Cuautitlán - Infobae,¿Dónde está Erika Camila? Niña de 3 años es raptada tras el doble feminicidio de su madre y abuela en Cuautitlán Infobae,https://news.google.com/rss/articles/CBMi8wFBVV95cUxPZkVCNGpxUzM4NkhOVllwRnA5UDA0QVJXMnJ4WGZETWJEZlExUE93RHl5cWM4SkUxQ21vVVByZlUzQ0kzbXAzbS0wT05GVDYzVXNSV091OV96dThQb2I5cmItQWs0Ukl4emZrZVBhYnVodFUyOWNTaVhZVFZVY2pxLVRUWUVyM05pWUFWemxXLVlPMEFEWC0xR3JOa1ZvaGczbDdOVHFVNHl5aS1OR092bjdCS0Raa2h3QzhPTTlpRExoc09fZzMwaWk5UlFPQzJLcGstamZXbUptcjNzdHhsdWFYZGdjZkFWZ0tMTTFiVkZwTm_SAY4CQVVfeXFMUGdpRmRFZTV1Rkt5dzhQWmhXX05sMzFPdmQ0NEJCc1VBaTlPTXFmYXNKRVFpd1NtTHhlcHlnRXEtS2lhSVJqbU5oVS1Pbkg2ZDdnQnRCOGd3ckNmT2pKZWJ0TWMtbTgxYjBZTlBaTWVqUXltUVlNVG4zaXhobWQ4d2R4QUtaeWlmN1NMLWpsWWRGZVkxM1ZMTWlJNjN5TXpwb0lUZEVnVkFZZW1paEJ4SmNfTWFWZ2VDcDhhaG1sN3hfOWZ6R0cyNGhER0N4b3BpcFlqTkEzVHQzMmlTcnBSTVNyd2hOQ3VvdHRldkZiX1BnbkFQMFJKYmpxaS1zNGIySUdOSFMySV9hNmdVREN3?oc=5,https://news.google.com/rss/search?q=feminicidio+ni%C3%B1os+ni%C3%B1as&hl=es-419&gl=MX&ceid=MX:es-419,2026-01-13T08:00:00+00:00,0.5,0.0,0.3025,Media,No,1,do nde esta erika camila nin a de 3 an os es raptada tras el doble feminicidio de su madre y abuela en cuautitla n infobae,do nde esta erika camila nin a de 3 an os es raptada tras el doble feminicidio de su madre y abuela en cuautitla n infobae,do nde esta erika camila nin a de 3 an os es raptada tras el doble feminicidio de su madre y abuela en cuautitla n infobae do nde esta erika camila nin a de 3 an os es raptada tras el doble feminicidio de su madre y abuela en cuautitla n infobae do nde esta erika camila nin a de 3 an os es raptada tras el doble feminicidio de su madre y abuela en cuautitla n infobae,5,0.8747956269676381,feminicidio mx com orfandad cimacnoticias,21,0.2057192929346462,0.0017010597503380007,0.1822,Baja
Feminicidio y suicidio en Sonora; tragedia familiar deja a un menor en orfandad - El Universal,Feminicidio y suicidio en Sonora; tragedia familiar deja a un menor en orfandad El Universal,https://news.google.com/rss/articles/CBMiugFBVV95cUxNekVQNWh1SnJQR0lmanhLNTZ4aTJlcmpqd2xadkhQWURLbFRTNkpMLTc2TGw5Zmxtd1JLTUEyS21XbGRGSHhLTEV0ZVJJWGhUZFJXcUtlalBxSlJmTWxXZjZKdEx3RVFVMVdKTkhiemdVMVRDemdfbmpEUlFJMjhmaGVJNk1ZN2pWYjRWT2NUSTR5Vk5LQ3owMDhwZURvUWtmaEU3SjREYW91UnVhSVhKTW5fQmtNYmoydHfSAc4BQVVfeXFMTjVLNXl5Mmk2aER4MjZxRTF2M2FvQmY3Y010VFctWXdyTjBJTFdRYWxWcjFTYTJGcGg0NUpEZEpQSEpYWEZsclpsUFlMRHc0SkJVd2IwYzFWV1Z1ZWoxRVQ0ZE9LZE5BOTdiZy1jQ2FPdVF3dEhrU2FrM1ZucGt2TTh4dXE5Zk9mLWVOcjJWY2lYdUlJMHRFZEJZX2tuMGI3djJEZmsxdFUtSHB0OXlLQVlrdW1UbWZVNVRUNzluVVFKdklDVThpZnhTMERHekE?oc=5,https://news.google.com/rss/search?q=orfandad+feminicidio+menores&hl=es-419&gl=MX&ceid=MX:es-419,2026-01-12T08:00:00+00:00,0.5,0.6078,1.0,Alta,Si,1,feminicidio y suicidio en sonora tragedia familiar deja a un menor en orfandad el universal,feminicidio y suicidio en sonora tragedia familiar deja a un menor en orfandad el universal,feminicidio y suicidio en sonora tragedia familiar deja a un menor en orfandad el universal feminicidio y suicidio en sonora tragedia familiar deja a un menor en orfandad el universal feminicidio y suicidio en sonora tragedia familiar deja a un menor en orfandad el universal,4,0.8364495900503676,hue hue rfanos rfanos feminicidio rfanos feminicidio,7,0.24057078577003474,0.012642358543497158,0.6051,Alta
Fundación Vida Sin Violencia alerta 59 feminicidios en 2025 dejaron a 93 niños en la orfandad - Diario Libre,Fundación Vida Sin Violencia alerta 59 feminicidios en 2025 dejaron a 93 niños en la orfandad Diario Libre,https://news.google.com/rss/articles/CBMizwFBVV95cUxNTmRzX19QMjRKZnhURWlvOFZ1SmdkVHRIdzBfWEJVQ3JaTjZCNDZ5LUZsMGRIb2FuaVJudzg3RVhrbDZuY3c0elVodTh0TGN0NzVWUnhlZDd5NnZ6anZfS250bVJPeVc2X29vMmxjRzdMSVN6U2hnX0Zuck5WTThreHE5bldvS01oekJUOVZ4OEkyajNnTkpWVF9hbVpiWHRQX2tld1QwQi12bmxaQ0V6NmhBYklzRS1qWTZNLVpzQ3pPcy11RnFLMGhNSElfclnSAdQBQVVfeXFMUDlLVHBUZk9MNWNib3RWRlBFOTk1SHhEajNJdmZVWjA5NzVDT0dxdFMxWDNicFJJRGRRQWM2bFg2UFJFS1haT1FxNC1UV1lublNtMkozblBScS01RjhIN1N5RGdfaHNjd0VVMEdrdzlRVUFhaFhqRThfNEprOEw1ZlNfaWdhbEpLbWRKSlhWMlkwQU84QWNLUEp2emNBN19wQk9RYXVOMzNoeWZPZEZwUXlrSG5YNGtBVThwMVJCRjM1TGxRdG0zeGhiVWN3M05FN2FJRGU?oc=5,https://news.google.com/rss/search?q=orfandad+feminicidio+menores&hl=es-419&gl=MX&ceid=MX:es-419,2026-01-07T08:00:00+00:00,0.0,0.5,0.27,Baja,Si,1,fundacio n vida sin violencia alerta 59 feminicidios en 2025 dejaron a 93 nin os en la orfandad diario libre,fundacio n vida sin violencia alerta 59 feminicidios en 2025 dejaron a 93 nin os en la orfandad diario libre,fundacio n vida sin violencia alerta 59 feminicidios en 2025 dejaron a 93 nin os en la orfandad diario libre fundacio n vida sin violencia alerta 59 feminicidios en 2025 dejaron a 93 nin os en la orfandad diario libre fundacio n vida sin violencia alerta 59 feminicidios en 2025 dejaron a 93 nin os en la orfandad diario libre,3,0.876571512890806,feminicidio vi nin vi ctimas ctimas,330,0.11807601634593008,0.059269059913342234,0.1857,Baja
Feminicidio infantil en México: 884 niñas asesinadas en una década - La Cadera de Eva,Feminicidio infantil en México: 884 niñas asesinadas en una década La Cadera de Eva,https://news.google.com/rss/articles/CBMirwFBVV95cUxNMGozNklIUkMtbUxtaTZwWkY1MDJoT3dUNVp5ckJUa3MzY2diRmdaNDNMX0gyNlhtZlMzRnJGV0ZmeWxfa3MzOTRxSlBXMDBuRDRQdE15SW5ra2NTVnV1aTRvOUNMbEJuVHAwTGFGUUhidWx0clI2R2RJT1hhdFB3UGxDTmxST09meHFvcGNTcElsRHlIclNjZndiV2VJZ2NZaURvalVleXhHVVd5SURB?oc=5,https://news.google.com/rss/search?q=feminicidio+ni%C3%B1os+ni%C3%B1as&hl=es-419&gl=MX&ceid=MX:es-419,2026-01-06T08:00:00+00:00,0.5,0.3103,0.707,Alta,Si,2,feminicidio infantil en me xico 884 nin as asesinadas en una de cada la cadera de eva,feminicidio infantil en me xico 884 nin as asesinadas en una de cada la cadera de eva,feminicidio infantil en me xico 884 nin as asesinadas en una de cada la cadera de eva feminicidio infantil en me xico 884 nin as asesinadas en una de cada la cadera de eva feminicidio infantil en me xico 884 nin as asesinadas en una de cada la cadera de eva,5,0.8447832439746605,feminicidio mx com orfandad cimacnoticias,234,0.13756206205393598,0.0019994980161746998,0.425,Alta
"Ofrecen descuentos en el predial a madres solteras, personas viudas o divorciadas y familias víctimas indirectas de feminicidio - El Sol de México","Ofrecen descuentos en el predial a madres solteras, personas viudas o divorciadas y familias víctimas indirectas de feminicidio El Sol de México",https://news.google.com/rss/articles/CBMizAFBVV95cUxQRDQxTGlheExWeU1qM1YzVnRKT08zWjBpb2RReDFHbmd3N1BmSVdTQmF0MnpzdThVWUhtWlJQR1ZXSzQyTkxJNWtDc3hUZFd5QkFhNHNzWWQ4SG9PamJvWW52MWhfWWpieUFEVHBFS3RES1NTTVlnNXpNY0xhS2JTRWNlRjIxbHhYRWFKTXk0YmM3bnJLckR3cmdiLTZ5NG1leVVTV19xY0xrcVpGLVRPdUZNZTVXU3MxY2t2MDY1YWJJV0J4X0I1czczT2g?oc=5,https://news.google.com/rss/search?q=%22v%C3%ADctimas+indirectas%22+feminicidio&hl=es-419&gl=MX&ceid=MX:es-419,2026-01-06T08:00:00+00:00,0.5,0.0,0.3025,Media,No,0,ofrecen descuentos en el predial a madres solteras personas viudas o divorciadas y familias vi ctimas indirectas de feminicidio el sol de me xico,ofrecen descuentos en el predial a madres solteras personas viudas o divorciadas y familias vi ctimas indirectas de feminicidio el sol de me xico,ofrecen descuentos en el predial a madres solteras personas viudas o divorciadas y familias vi ctimas indirectas de feminicidio el sol de me xico ofrecen descuentos en el predial a madres solteras personas viudas o divorciadas y familias vi ctimas indirectas de feminicidio el sol de me xico ofrecen descuentos en el predial a madres solteras personas viudas o divorciadas y familias vi ctimas indirectas de feminicidio el sol de me xico,3,0.8712025531463303,feminicidio vi nin vi ctimas ctimas,318,0.3522726362986222,0.017114236591270503,0.1883,Baja
"501 niñas y adolescentes fueron asesinadas durante 2025, solo 58 casos investigados como feminicidio - cimacnoticias.com.mx","501 niñas y adolescentes fueron asesinadas durante 2025, solo 58 casos investigados como feminicidio cimacnoticias.com.mx",https://news.google.com/rss/articles/CBMi1wFBVV95cUxQWXdVMmhtSlpzbXhvZkVINEtSYjIwRTNxX3p0ZF8ycFVDUXU3NlU1TTdWVUlfZTRZWFFNanFUelpma0dCMTl2RFctd3ZNekJsYmRmWFh1cFhaaG5Cc0lCR3ZWTElQQzliako2X2tqWHNyZlB0bHNNbEVtT0l5MHJRMzBDLVlmQkNhajhjRFMxYW16SzFKd2wwM040N2c0aEJMc3Q3d3prOHNBRHlIdF9VTFZhN0RDZC1KRWNfLTVmdXpoRVE1TndlSXlQQzBRWXVZR2RoV1Yxaw?oc=5,https://news.google.com/rss/search?q=feminicidio+ni%C3%B1os+ni%C3%B1as&hl=es-419&gl=MX&ceid=MX:es-419,2026-01-06T08:00:00+00:00,0.5,0.3333,0.7246,Alta,Si,2,501 nin as y adolescentes fueron asesinadas durante 2025 solo 58 casos investigados como feminicidio cimacnoticias com mx,501 nin as y adolescentes fueron asesinadas durante 2025 solo 58 casos investigados como feminicidio cimacnoticias com mx,501 nin as y adolescentes fueron asesinadas durante 2025 solo 58 casos investigados como feminicidio cimacnoticias com mx 501 nin as y adolescentes fueron asesinadas durante 2025 solo 58 casos investigados como feminicidio cimacnoticias com mx 501 nin as y adolescentes fueron asesinadas durante 2025 solo 58 casos investigados como feminicidio cimacnoticias com mx,2,0.8747027921832005,feminicidio hue rfanos rfanos hue rfanos feminicidio,259,0.308234993786698,0.019476709374956463,0.4426,Alta
Senadores plantean registro para proteger a hijos de víctimas de feminicidio - Reporte Indigo,Senadores plantean registro para proteger a hijos de víctimas de feminicidio Reporte Indigo,https://news.google.com/rss/articles/CBMizwFBVV95cUxQV19mWlJQdllxLXZzUENxYkp2dUI3b3VIbVJ1NUxOd3hIUFM4clpnR0EtN29CZk9majRKczluY2JyVEFhNXR6ZFVCVzZQYTk0cXBlUXIwNU9PLU04VHRLZlZjSVV4UHZJUjBQV1o4dWFfTzBGVjJJVTE3UlIwT2FrV0RucDhiUXQ0TzFjMC1iNm5Ha25hYzVfZkFWRHNpdm52cUM1SkYwNzZyMkpwVlN0TEluUHlNbmZ4dzJKYWFtbWl0cVNMSEZqNE1sV2pTU3PSAdQBQVVfeXFMT3FqQ2RVa3M3Mm5LZF9GOWQxUVpIQnBzT2JCS3BVeFNuTGM4ZU9SbjlyNHZrSDA0Tzd4TUZrOUdJcEw3X1lWVzRfX2RXYm5XRVRJS3Y1ZDZtQlV1UDVQOG0xN1BZWnJGRXNyVmNWMlZMSFV3SDE1eVk0UkoyRTdVVGR0MDg4TTdqSVRheG9BcjlLTG9wR1o4ajA1WER1MzJ1ZS1EdEVmeFFEd0hSMHVOZG84LWVOYVhqcXlneEpTWjhrSERwQUlNcjFmN08wU0E2ZmJMbWQ?oc=5,https://news.google.com/rss/search?q=feminicidio+hijos+menores+M%C3%A9xico&hl=es-419&gl=MX&ceid=MX:es-419,2026-01-05T08:00:00+00:00,0.5,0.375,0.8254,Alta,Si,0,senadores plantean registro para proteger a hijos de vi ctimas de feminicidio reporte indigo,senadores plantean registro para proteger a hijos de vi ctimas de feminicidio reporte indigo,senadores plantean registro para proteger a hijos de vi ctimas de feminicidio reporte indigo senadores plantean registro para proteger a hijos de vi ctimas de feminicidio reporte indigo senadores plantean registro para proteger a hijos de vi ctimas de feminicidio reporte indigo,2,0.85468590322218,feminicidio hue rfanos rfanos hue rfanos feminicidio,77,0.2948230188887638,0.017092834706268784,0.5021,Alta
Inicio de 2026 enluta a Valle del Cauca por caso de violencia intrafamiliar que terminó en el feminicidio de una madre: su hijo la asesinó - Infobae,Inicio de 2026 enluta a Valle del Cauca por caso de violencia intrafamiliar que terminó en el feminicidio de una madre: su hijo la asesinó Infobae,https://news.google.com/rss/articles/CBMijwJBVV95cUxNeDZ0SFhxZ0htdXZnVDhqRGV1aTdVTGpNdmtTQ2V4QUJYbDFPVXhZUEx2RmhaQnRfamcyTVM3N2dDU21QXzlLZzEySVBNZUhwakd0enZhWC1CdG92WHJZR0dwWXFGMnhLejgzcGRVN1pmVkx0MzBNc0l3emYzdFFEMlMwc2RxVWR0ZjNJLThQMzRRZkQ1Vkx0R1VVQmQwazZnM0FGLUIzRlk0QnM2TGgxLTYzRlRLODhUdmYxLW1Pc3JKSktYUWd1dmNzR2FmU0M0bmxrNEs5bkJ5b3VzWEJhSWtfQlJCWDBLZVVKdVBSZjVITWN6dHk2WWszazhOVFlNZ2ZXYXo3Z3BRaTZpemdN0gGqAkFVX3lxTE15c2hZUWpfSTFsT2RMMkJXSWNaUnlURDlQYjVZSVVDY2E5LUtqSzZUSTA2NHFGTWRGVUZaYTVLNF9Hdk9VSGs4cEVjenBZcGxtU3UyNWpQak14VHZiLUhhb29xOVVKSVRueVZpTTI5S3VyVzJvN19POWtobzNLUW9yOWh4TmRJQzVFRlhaMEpQMy1waGp3ZW1kcU5CMnAwLWJyTzdPOHV0RGFPYnE4YV9RejJxY0lnWnZKSXNEVFltcmQzQmtwNnB4VU9OMXktRU9LNWtWSUpCN1ZRRFRBVmFUUkpFS0xfY0lhbFo0MVpWV3JXb1dkWGRSMUFUZVhwd2M3eWpCQjZtemdxakNxRXNUblJZM3otUVF6blZpQklORnNZRmVwcUZvUWc?oc=5,https://news.google.com/rss/search?q=feminicidio+hijos+hu%C3%A9rfanos&hl=es-419&gl=MX&ceid=MX:es-419,2026-01-04T08:00:00+00:00,0.6,0.375,0.9277,Alta,Si,1,inicio de 2026 enluta a valle del cauca por caso de violencia intrafamiliar que termino en el feminicidio de una madre su hijo la asesino infobae,inicio de 2026 enluta a valle del cauca por caso de violencia intrafamiliar que termino en el feminicidio de una madre su hijo la asesino infobae,inicio de 2026 enluta a valle del cauca por caso de violencia intrafamiliar que termino en el feminicidio de una madre su hijo la asesino infobae inicio de 2026 enluta a valle del cauca por caso de violencia intrafamiliar que termino en el feminicidio de una madre su hijo la asesino infobae inicio de 2026 enluta a valle del cauca por caso de violencia intrafamiliar que termino en el feminicidio de una madre su hijo la asesino infobae,1,0.8553198070810989,feminicidio ctimas vi ctimas vi rfanos,299,0.07858190715296068,0.08708333362773338,0.5915,Alta
Tres niños quedan huérfanos tras feminicidio motivado por celos en Gualey - De Último Minuto,Tres niños quedan huérfanos tras feminicidio motivado por celos en Gualey De Último Minuto,https://news.google.com/rss/articles/CBMidEFVX3lxTFBhOUU0ZG1zeURRc00xeW9ISV9kSjladTNIZ1ZPQ2VBQzdmLWpmbFR1VG5WWHVhN3I1UEstQTFHeElDM0RuaHZEY2xhNm5LRWtrTkhLaVBOUnNSYURGS3A2OXp6cmZ0MTJYRUI0dExoU05ZZjJG?oc=5,https://news.google.com/rss/search?q=feminicidio+hijos+hu%C3%A9rfanos&hl=es-419&gl=MX&ceid=MX:es-419,2026-01-02T08:00:00+00:00,0.5,0.0,0.3025,Media,No,3,tres nin os quedan hue rfanos tras feminicidio motivado por celos en gualey de u ltimo minuto,tres nin os quedan hue rfanos tras feminicidio motivado por celos en gualey de u ltimo minuto,tres nin os quedan hue rfanos tras feminicidio motivado por celos en gualey de u ltimo minuto tres nin os quedan hue rfanos tras feminicidio motivado por celos en gualey de u ltimo minuto tres nin os quedan hue rfanos tras feminicidio motivado por celos en gualey de u ltimo minuto,4,0.8526922102668459,hue hue rfanos rfanos feminicidio rfanos feminicidio,289,0.2714796872483441,0.002200396485360958,0.1824,Baja
Rompiendo Cadenas: Defensoría del Pueblo logra restitución de asistencia económica a niña víctima indirecta de feminicidio en Lima Norte - el caballo pinto,Rompiendo Cadenas: Defensoría del Pueblo logra restitución de asistencia económica a niña víctima indirecta de feminicidio en Lima Norte el caballo pinto,https://news.google.com/rss/articles/CBMi-gFBVV95cUxNenlxSHkxTWtVbDFxUjg1dEk4akVxV0JkQ1I4RTNEYTZsaGhNeE00NzR3amMwSzlXSk9laUpyNGgxSVNhbUYzdERFS2R4akVjLUhTeUhGb3d1VzR4ZHlHRmt6S3JUaDdnaks1Mlp4VHlXbl9HNk9zRjhQNTVXT2I4bFlKLUhFeFpJYUVWdzJJU25vMWlDQmZ0TmRObVp4NnExZk1rU1BmekxJQ0ZXdXR5X1llcWNtVERNd1lCQzkzbktUNkgxa1Y1bHdjXzBkMjl5cFJzcHBodHNTUjFMNjlFQjM2V2ljYWJrV3lqemN5Q2pjdWZ3U0JVZTNR?oc=5,https://news.google.com/rss/search?q=feminicidio+NNA+victimas+indirectas&hl=es-419&gl=MX&ceid=MX:es-419,2025-12-30T08:00:00+00:00,0.5,0.0,0.3025,Media,No,0,rompiendo cadenas defensori a del pueblo logra restitucio n de asistencia econo mica a nin a vi ctima indirecta de feminicidio en lima norte el caballo pinto,rompiendo cadenas defensori a del pueblo logra restitucio n de asistencia econo mica a nin a vi ctima indirecta de feminicidio en lima norte el caballo pinto,rompiendo cadenas defensori a del pueblo logra restitucio n de asistencia econo mica a nin a vi ctima indirecta de feminicidio en lima norte el caballo pinto rompiendo cadenas defensori a del pueblo logra restitucio n de asistencia econo mica a nin a vi ctima indirecta de feminicidio en lima norte el caballo pinto rompiendo cadenas defensori a del pueblo logra restitucio n de asistencia econo mica a nin a vi ctima indirecta de feminicidio en lima norte el caballo pinto,3,0.8887488744650799,feminicidio vi nin vi ctimas ctimas,347,0.22284125893482606,0.001572615643744755,0.1821,Baja
El Estado dominicano refuerza la atención a huérfanos por feminicidio con nuevo protocolo de Trabajo Social - Acento,El Estado dominicano refuerza la atención a huérfanos por feminicidio con nuevo protocolo de Trabajo Social Acento,https://news.google.com/rss/articles/CBMi5gFBVV95cUxPM20zWW1STTl5UVN4UmYtVV9FdkRRRUFfNmgtUm96M3Y2VlY5WElVYmx5MWowX2hrcUxLYW5IbFJlbm5kQXNMTlRnNllRZ1RjUUpfV0dGamxLZjZxT0NlQTQwWUloTmtTY3RmanJfNFdqUlJWUFJha1hMbWdCcnBhbllpM01NV2t6SFVFMnJUUTdzN1ZDLWdxZ0xKZkc0R0FuWHJTY2tfSVR4dUFlYTlBU05CalppNWNDYnNBTi05RWdfUk1SX3RRS1huVWo3eWh2eXBUWlZ1YWFWNW1oSGExUVY1YVdLZ9IB5gFBVV95cUxPM20zWW1STTl5UVN4UmYtVV9FdkRRRUFfNmgtUm96M3Y2VlY5WElVYmx5MWowX2hrcUxLYW5IbFJlbm5kQXNMTlRnNllRZ1RjUUpfV0dGamxLZjZxT0NlQTQwWUloTmtTY3RmanJfNFdqUlJWUFJha1hMbWdCcnBhbllpM01NV2t6SFVFMnJUUTdzN1ZDLWdxZ0xKZkc0R0FuWHJTY2tfSVR4dUFlYTlBU05CalppNWNDYnNBTi05RWdfUk1SX3RRS1huVWo3eWh2eXBUWlZ1YWFWNW1oSGExUVY1YVdLZw?oc=5,https://news.google.com/rss/search?q=feminicidio+hijos+hu%C3%A9rfanos&hl=es-419&gl=MX&ceid=MX:es-419,2025-12-29T08:00:00+00:00,0.5,0.0,0.3025,Media,No,3,el estado dominicano refuerza la atencio n a hue rfanos por feminicidio con nuevo protocolo de trabajo social acento,el estado dominicano refuerza la atencio n a hue rfanos por feminicidio con nuevo protocolo de trabajo social acento,el estado dominicano refuerza la atencio n a hue rfanos por feminicidio con nuevo protocolo de trabajo social acento el estado dominicano refuerza la atencio n a hue rfanos por feminicidio con nuevo protocolo de trabajo social acento el estado dominicano refuerza la atencio n a hue rfanos por feminicidio con nuevo protocolo de trabajo social acento,4,0.8563943812184979,hue hue rfanos rfanos feminicidio rfanos feminicidio,216,0.2881532555849086,0.0017978473201951694,0.1822,Baja
Reinas Magas: solidaridad feminista que acompaña a infancias en orfandad por feminicidio y desaparición - LJA.MX,Reinas Magas: solidaridad feminista que acompaña a infancias en orfandad por feminicidio y desaparición LJA.MX,https://news.google.com/rss/articles/CBMiygFBVV95cUxNemI0VV9PZWwyRnUwZmVIb2Q4MnFRVFpkbWpKNUtlRWMyY0hPbjlSX1V0S09VZG0zemZVNU9EUUgyeVhDbl9IbFZsRnhmNDc1S3R6SVRKZ0FjV09CNWk3cUhQa29JbEYyd1RiT25ielBvRk1xUHJkRVJ5dzFRUDg3UFktSW9kRnFkTENRdEp6VkhULVpkbHBQdjZRUWY4azJrOXZSX3dzbnZOU0QzbkoyTW5TVlZMOXAyVUV5SHV2d1k3WmpQOFBpc0RR?oc=5,https://news.google.com/rss/search?q=orfandad+feminicidio+menores&hl=es-419&gl=MX&ceid=MX:es-419,2025-12-29T08:00:00+00:00,0.5,0.5,0.93,Alta,Si,1,reinas magas solidaridad feminista que acompan a a infancias en orfandad por feminicidio y desaparicio n lja mx,reinas magas solidaridad feminista que acompan a a infancias en orfandad por feminicidio y desaparicio n lja mx,reinas magas solidaridad feminista que acompan a a infancias en orfandad por feminicidio y desaparicio n lja mx reinas magas solidaridad feminista que acompan a a infancias en orfandad por feminicidio y desaparicio n lja mx reinas magas solidaridad feminista que acompan a a infancias en orfandad por feminicidio y desaparicio n lja mx,1,0.8640780061935878,feminicidio ctimas vi ctimas vi rfanos,44,0.42824337694998854,0.012664171295565855,0.5631,Alta
Nuevo padrón nacional para huérfanos por feminicidio en México - MILENIO,Nuevo padrón nacional para huérfanos por feminicidio en México MILENIO,https://news.google.com/rss/articles/CBMitgFBVV95cUxPd05oQ3MyZ3lzOXltWU1aNTNWSktWMzVsRURBS1NtZU0wU1JwcXc5T09ERnp1cVVMNlp5U18xQ3JLOHZSbVd5azhvRzQyUGU0Nk1CWjgtRmFBbzFzTkdfbFB5TGhoTV8wa25NRjNsLXRTS0JUYklpd0h0aXE4dEhXTVdVWG9KSjdtWFVXZXlLWkU2Y3A0TUo4bFpCLTAxVkppSS1yTXBBR0lWbXdkUjZ3NkIxSGV5Z9IBtgFBVV95cUxOU2s2cjhzUmpKUlRsX0tuc1pTLTdhaVMydzlfeUVfQUZRVDdrSHh3cWt2Q2ZPWE9OTlFDSElNeHRCRmhSV3ljTkFuOWY2cWdrWEdYWWhacGtCQUVvTWRpNkRBOFhqc3hKRUtHREhmOWxyLXA1c3RQeVhLNmFfUEZEbDlORURwR2tmZ25ycVhEa3JlTmtHdElFdllzUFNwTW9hTWNyODhNTVhUWUVRdHRJUXpGRnVBQQ?oc=5,https://news.google.com/rss/search?q=orfandad+feminicidio+menores&hl=es-419&gl=MX&ceid=MX:es-419,2025-12-28T08:00:00+00:00,0.5,0.0,0.3025,Media,No,3,nuevo padro n nacional para hue rfanos por feminicidio en me xico milenio,nuevo padro n nacional para hue rfanos por feminicidio en me xico milenio,nuevo padro n nacional para hue rfanos por feminicidio en me xico milenio nuevo padro n nacional para hue rfanos por feminicidio en me xico milenio nuevo padro n nacional para hue rfanos por feminicidio en me xico milenio,4,0.8382378480625635,hue hue rfanos rfanos feminicidio rfanos feminicidio,58,0.23009075375112542,0.0030362102056292807,0.1827,Baja
Reinas Magas colectan juguetes para infancias en orfandad por feminicidio y desaparición - cimacnoticias.com.mx,Reinas Magas colectan juguetes para infancias en orfandad por feminicidio y desaparición cimacnoticias.com.mx,https://news.google.com/rss/articles/CBMiyAFBVV95cUxQa0NrbFd3N3ZUdFRkT2hKQ2lCZUEyajNxRFZkUTVSYU1CLVg4cmEwN2U0alVwMEN0Q3ZRX1dwN3NfOVlkcWxkTm5razVndWx2S3lMLTVnX0dkcVFTbnk0RHh5NnVIMUVjQThBd3FCcGRhQjczT2poNHJUc21ZSnRxRnlKN0lJeEFzTkxBUkx2Y1VVWm5ORmxRV3RleEFBaU1ERmxLVE5JNE9KX0VhRm5JUnVhSE1oazd3VjhyQXRqUFd5dWFSbng3MA?oc=5,https://news.google.com/rss/search?q=orfandad+feminicidio+menores&hl=es-419&gl=MX&ceid=MX:es-419,2025-12-26T08:00:00+00:00,0.5,0.5,0.93,Alta,Si,1,reinas magas colectan juguetes para infancias en orfandad por feminicidio y desaparicio n cimacnoticias com mx,reinas magas colectan juguetes para infancias en orfandad por feminicidio y desaparicio n cimacnoticias com mx,reinas magas colectan juguetes para infancias en orfandad por feminicidio y desaparicio n cimacnoticias com mx reinas magas colectan juguetes para infancias en orfandad por feminicidio y desaparicio n cimacnoticias com mx reinas magas colectan juguetes para infancias en orfandad por feminicidio y desaparicio n cimacnoticias com mx,5,0.8623102314199478,feminicidio mx com orfandad cimacnoticias,42,0.42824337694998854,0.013012636015466667,0.5632,Alta
Proponen crear padrón de menores huérfanos por feminicidio en México - e-consulta.com,Proponen crear padrón de menores huérfanos por feminicidio en México e-consulta.com,https://news.google.com/rss/articles/CBMiugFBVV95cUxOVlozZFJVUHdpVnNpWnJ4Nmt5TFRCNkVldnFtUDAyaHRleUk1X1JzRm5hQUVYU3pIN0o2Qk5tVzlzbzROX0F4RkQ5R3RpZl9SZ2xMS3oyV19sNlBJYzU2TUNpWlFMRklxTjJRaU9EVlZtUlNUSWJyYVVsUjNjM0dGMFdIN1phSGFtRFB0akFOMzhzclhGdlJoWmZIaG5MeEpsR2RBeTV2Sk1Veko1R0hIWmc1VExTYm83WkE?oc=5,https://news.google.com/rss/search?q=feminicidio+menores+hu%C3%A9rfanos&hl=es-419&gl=MX&ceid=MX:es-419,2025-12-25T08:00:00+00:00,0.5,0.3548,0.8085,Alta,Si,3,proponen crear padro n de menores hue rfanos por feminicidio en me xico e consulta com,proponen crear padro n de menores hue rfanos por feminicidio en me xico e consulta com,proponen crear padro n de menores hue rfanos por feminicidio en me xico e consulta com proponen crear padro n de menores hue rfanos por feminicidio en me xico e consulta com proponen crear padro n de menores hue rfanos por feminicidio en me xico e consulta com,4,0.8525155779626927,hue hue rfanos rfanos feminicidio rfanos feminicidio,43,0.21049108861170734,0.01983506997783327,0.493,Alta
Gobierno perfila padrón de huérfanos por feminicidio - MILENIO,Gobierno perfila padrón de huérfanos por feminicidio MILENIO,https://news.google.com/rss/articles/CBMijgFBVV95cUxOZC1KTWhjbHM0V2tVNm5ZbzNyLTZYRjdzY3VaOVVqbEd0dkUtRlY2Z0xoMno3YUhSV1d6RkdOWXlmNU5ScmpEZ1ZiUjU2VHgwek1SYm41dksyMXBzdERfbHdjY01aQW9SNTZBdzRVT2UtLTJMdnM0VFRrc3BzMWoxODlCQlJhZy1oV2ZZSEZ30gGOAUFVX3lxTE44RGRrMWV1MnNzTjdGbVhZVE9DakMtZ2RmZkttckJURVFlZTA5UGl3V0tqaW9BUWNPdGg4dmZZZ2RHUXFRZHBPWW5RZERoOHBBU1I3U0JTU1JYUDVldzF5T2ZEc1JqY3EyNVFyWWVZX3lMOGdzQlR6ak8xMjBCdkIyemJ0QlBRR2Mzbk0wQUE?oc=5,https://news.google.com/rss/search?q=feminicidio+hijos+hu%C3%A9rfanos&hl=es-419&gl=MX&ceid=MX:es-419,2025-12-25T08:00:00+00:00,0.5,0.0,0.3025,Media,No,3,gobierno perfila padro n de hue rfanos por feminicidio milenio,gobierno perfila padro n de hue rfanos por feminicidio milenio,gobierno perfila padro n de hue rfanos por feminicidio milenio gobierno perfila padro n de hue rfanos por feminicidio milenio gobierno perfila padro n de hue rfanos por feminicidio milenio,2,0.8308736065466847,feminicidio hue rfanos rfanos hue rfanos feminicidio,6,0.1909742255617522,0.0034544789573338576,0.1829,Baja
Intento de feminicidio en México: la doble lucha por sobrevivir y alcanzar justicia - efeminista,Intento de feminicidio en México: la doble lucha por sobrevivir y alcanzar justicia efeminista,https://news.google.com/rss/articles/CBMia0FVX3lxTE9RT2txSjNDOHluejFNWU1YdjM0T1dyTVcydV81Vk91M0VGMEhwNXRqZjRKZW1DYUtYbzJOWlBOQnBnSzNWdk8zdHJ5dDhjbndXWWlxQXNvWnpZZVZqQXp0YVVXNmFsWXpOTFRV?oc=5,https://news.google.com/rss/search?q=feminicidio+M%C3%A9xico&hl=es-419&gl=MX&ceid=MX:es-419,2025-12-24T08:00:00+00:00,0.5,0.0,0.3025,Media,No,1,intento de feminicidio en me xico la doble lucha por sobrevivir y alcanzar justicia efeminista,intento de feminicidio en me xico la doble lucha por sobrevivir y alcanzar justicia efeminista,intento de feminicidio en me xico la doble lucha por sobrevivir y alcanzar justicia efeminista intento de feminicidio en me xico la doble lucha por sobrevivir y alcanzar justicia efeminista intento de feminicidio en me xico la doble lucha por sobrevivir y alcanzar justicia efeminista,1,0.8398463734597721,feminicidio ctimas vi ctimas vi rfanos,297,0.21849687840931523,0.0022977929764608717,0.1824,Baja
Caso Cecilia Monzón: Javier López Zavala es condenado por el feminicidio de la activista tres años después - Infobae,Caso Cecilia Monzón: Javier López Zavala es condenado por el feminicidio de la activista tres años después Infobae,https://news.google.com/rss/articles/CBMi4gFBVV95cUxPSHZ5dzNDdGU2dDlZdGd5WnNUaVRaWWZoN2M1V0s1dW44WVI0LTY2VWhEMUt3d2pjUFFvQzFsbnI0TFlNS3NsdVRzUnNYTjFmb1JzajZXMkViVTZGTGRXbDhybTl4Wl84TEpPeS1OOWJlZjBrY19RaHRGeU5hUkxsZ0FVVzFuc0RoRHdqSEw5TFUyWkZBc2tFSEVjenRoZzhselN6ME9Fc2pwWjAxTHZJckVxLW92OERtRDItM3ZnVS1xNlpmdndoYWNQdHZoQmdPaWV4QS1WajA5WVNiR3VrZjFB0gH8AUFVX3lxTE5pNlNxUVRvX3I3a19FbEpUY2NYcDN5X3Y5c29zOXgxTmkwRDN2Mng3M3lLeXRTZ2FZOE1wc2ZkVE0yUHQxYS1xRTk5WjBJQ2RKNFFmU1VsM0lITVJ0X2U4RTFQaVVMOG9COFhpOWVnNWx3TkkydmFvQXNNVVVDaXJYYTJEYWgwWnI2azhZTDlSSjV1TEZSNW04UWxkbjNxa3NuYTJuVVlJLWFWVFRNLXM1M203QWhQSzZLelEza09OOVpsY3RGaE9WcjNiSWVmNUdrVjVlYnl1WHlpeHp2ek1naXdYLVAzcFRaRFZNNWFUNjFaSExtMEsyREhWRg?oc=5,https://news.google.com/rss/search?q=feminicidio+hijos+menores+M%C3%A9xico&hl=es-419&gl=MX&ceid=MX:es-419,2025-12-23T08:00:00+00:00,0.5,0.0,0.3025,Media,No,1,caso cecilia monzo n javier lo pez zavala es condenado por el feminicidio de la activista tres an os despue s infobae,caso cecilia monzo n javier lo pez zavala es condenado por el feminicidio de la activista tres an os despue s infobae,caso cecilia monzo n javier lo pez zavala es condenado por el feminicidio de la activista tres an os despue s infobae caso cecilia monzo n javier lo pez zavala es condenado por el feminicidio de la activista tres an os despue s infobae caso cecilia monzo n javier lo pez zavala es condenado por el feminicidio de la activista tres an os despue s infobae,1,0.8567713223986261,feminicidio ctimas vi ctimas vi rfanos,192,0.20208088675094174,0.0018887664927198645,0.1823,Baja
México ante la Corte Interamericana por feminicidio de Lilia Alejandra. Conoce detalles de la audiencia - cimacnoticias.com.mx,México ante la Corte Interamericana por feminicidio de Lilia Alejandra. Conoce detalles de la audiencia cimacnoticias.com.mx,https://news.google.com/rss/articles/CBMiwwFBVV95cUxOeS1OcE9ybHl1MnMtY0IwSjl1Ump2YV9fTFdpUDl1cmJ3SXh6b0NDOWdhN0JOTGhTb0xycUZkQzNIdDNITG5OLThZTEdIMW16bTEtR0lUbWcyYmZRNHg2S1hJbVVVdDQyM0liX2NpYThjNDNvU240Z3dBYjBJSUg2eTNWVENmYl9XNEQyUVZqcHlDbFI0MTJHQmFiX2k4ODkzZndrdzJaTlJNTUlrakFGZ0dYNXQtQzc1Y1FRUzZpM2d5WTA?oc=5,https://news.google.com/rss/search?q=feminicidio+M%C3%A9xico&hl=es-419&gl=MX&ceid=MX:es-419,2025-12-20T08:00:00+00:00,0.5,0.0,0.3025,Media,No,1,me xico ante la corte interamericana por feminicidio de lilia alejandra conoce detalles de la audiencia cimacnoticias com mx,me xico ante la corte interamericana por feminicidio de lilia alejandra conoce detalles de la audiencia cimacnoticias com mx,me xico ante la corte interamericana por feminicidio de lilia alejandra conoce detalles de la audiencia cimacnoticias com mx me xico ante la corte interamericana por feminicidio de lilia alejandra conoce detalles de la audiencia cimacnoticias com mx me xico ante la corte interamericana por feminicidio de lilia alejandra conoce detalles de la audiencia cimacnoticias com mx,5,0.8692472769807992,feminicidio mx com orfandad cimacnoticias,50,0.259004352425109,0.0018593010520104383,0.1822,Baja
"México es responsable por el feminicidio de Lilia Alejandra, hija de Norma Andrade: CoIDH - ladobe.com.mx","México es responsable por el feminicidio de Lilia Alejandra, hija de Norma Andrade: CoIDH ladobe.com.mx",https://news.google.com/rss/articles/CBMivwFBVV95cUxQT1pFd21SWU41OWFuVjNJMXRPMnJzcmFFQlZCYjBaTDFWUmwwM1B3Ym1Gd2RMcll6V2U1cmlNS3J5QlU5T285aTVabWVWLUJfUDdWZTBmYmw2X3dWY2tzSEFXUl9PSGdMckVLV2dtSGVsTlpNdVlmV2g0a01pSk1sSVY4bzk2WmkyVGJRUFVXTXRTcnF6YnVJTHZnYWVfMXNJdmE4RVJkZV8wRDNMX2JxY0lqYWl0UXR2c3haVXVVRQ?oc=5,https://news.google.com/rss/search?q=feminicidio+ni%C3%B1os+ni%C3%B1as&hl=es-419&gl=MX&ceid=MX:es-419,2025-12-19T08:00:00+00:00,0.5,0.375,0.8254,Alta,Si,1,me xico es responsable por el feminicidio de lilia alejandra hija de norma andrade coidh ladobe com mx,me xico es responsable por el feminicidio de lilia alejandra hija de norma andrade coidh ladobe com mx,me xico es responsable por el feminicidio de lilia alejandra hija de norma andrade coidh ladobe com mx me xico es responsable por el feminicidio de lilia alejandra hija de norma andrade coidh ladobe com mx me xico es responsable por el feminicidio de lilia alejandra hija de norma andrade coidh ladobe com mx,0,0.8719989216036821,feminicidio ctimas feminicidio vi ctimas feminicidio hijos orfandad,49,0.259004352425109,0.0017957596693465043,0.496,Alta
La Corte Interamericana condena a México por no prevenir ni investigar el feminicidio de Lilia Alejandra García Andrade hace 25 años - EL PAÍS,La Corte Interamericana condena a México por no prevenir ni investigar el feminicidio de Lilia Alejandra García Andrade hace 25 años EL PAÍS,https://news.google.com/rss/articles/CBMihAJBVV95cUxPMFpBcXVGb00xdDNMSjVHcU50eWVJaHpvNUdQd0p5dHJYUGRhSGNBNnpzSU1iTDVEWjdBNG5xRHZmMVRMNnV6NFVGX3NTVndPSWxLZ3B5R0gwandKMXhkR2xhR1ctdUhSRllsZ3N1LVJSUjFKSnVWbFlmV0ZxY0NrZkYxTlNqYmRxZDFOQUlEd1VIMnpGYmUwSXY0WWliVloyckxyOEtmN29NdmpjTkg5em1WeWZ5cWNJeUNDWkQ1Wm9PcHdzY1lGN2ZwVnNpVEs2YXFlLWRTTGdHVHo2cFdtWS1GOTRvS3Y4MTBDUTc2RlRNYk9PeGlzY1Rwb2xwa2FzWkFhS9IBmAJBVV95cUxPelIzVUg3cnZNZ3hhRDZTTTZDRWlhay1URXRKUGt1SDRfM1ZsdWZMYmlidmFYX2VidlRQOWxZdXV0VURpaFlyaTFHalhsbDltZTVYdmVGLWo3eDE0SFFGdVVtd0d0aVVuQWQ5TEVLT2lGeWU0dVk1NE5RZE5BQnc5ZFZxd2FDeU9pNU5sS0k5ZUdlLTFYbHphTXdCOHZ1Z1M0S2haSXdpOHdHY3ZaNVlMQTd0QVhIaXB2THRjcXlYLXlNdmRfdEYzYUFYLVNRbTM3THd0VUtDdTViOVNpOHhxRVUtempERThnSlJ0U0FmWmwzZDBMT0dyRTZTN1FKYXZkdXAyRnRYUnhYMVVYbXQtZGJYOTN0OWhX?oc=5,https://news.google.com/rss/search?q=feminicidio+M%C3%A9xico&hl=es-419&gl=MX&ceid=MX:es-419,2025-12-19T08:00:00+00:00,0.5,0.0,0.3025,Media,No,1,la corte interamericana condena a me xico por no prevenir ni investigar el feminicidio de lilia alejandra garci a andrade hace 25 an os el pai s,la corte interamericana condena a me xico por no prevenir ni investigar el feminicidio de lilia alejandra garci a andrade hace 25 an os el pai s,la corte interamericana condena a me xico por no prevenir ni investigar el feminicidio de lilia alejandra garci a andrade hace 25 an os el pai s la corte interamericana condena a me xico por no prevenir ni investigar el feminicidio de lilia alejandra garci a andrade hace 25 an os el pai s la corte interamericana condena a me xico por no prevenir ni investigar el feminicidio de lilia alejandra garci a andrade hace 25 an os el pai s,0,0.8832688303051636,feminicidio ctimas feminicidio vi ctimas feminicidio hijos orfandad,49,0.23539732627106866,0.0016133404295809234,0.1821,Baja
Corte Interamericana considera a México responsable de feminicidio en Ciudad Juárez hace 24 años - Proceso,Corte Interamericana considera a México responsable de feminicidio en Ciudad Juárez hace 24 años Proceso,https://news.google.com/rss/articles/CBMi6AFBVV95cUxOdHl6STdueEYwNjRFRE14WEhxN0dfbnU1R1JXdUtzdkpTVzRkQjlITW9helFxZ2xITlBTZWtqQVpYRE5HZWF1c0FDQ0xiMEY5YkVRXzcxa1RtcEk0TE1vMlplYXVQejlmcWJDd29TVzBNcEJodFlSc29uaXB1TDQyUzczSWNjejFuY1lmS0xlR2t2WkpGT2NtNXZwY0xEZnlhUXEzU0RKQlNrSnBrOW5YazF5ZkZqaVgxb29KaHdONWxTRk1wVExIS09Lc214Um1fU3NfcnJWVm9ZQTZ2NE5SZ05GWXlVakdS0gHoAUFVX3lxTE50eXpJN254RjA2NEVETXhYSHE3R19udTVHUld1S3N2SlNXNGRCOUhNb2F6UXFnbEhOUFNla2pBWlhETkdlYXVzQUNDTGIwRjliRVFfNzFrVG1wSTRMTW8yWmVhdVB6OWZxYkN3b1NXME1wQmh0WVJzb25pcHVMNDJTNzNJY2N6MW5jWWZLTGVHa3ZaSkZPY201dnBjTERmeWFRcTNTREpCU2tKcGs5blhrMXlmRmppWDFvb0pod041bFNGTXBUTEhLT0tzbXhSbV9Tc19yclZWb1lBNnY0TlJnTkZZeVVqR1I?oc=5,https://news.google.com/rss/search?q=feminicidio+M%C3%A9xico&hl=es-419&gl=MX&ceid=MX:es-419,2025-12-19T08:00:00+00:00,0.5,0.0,0.3025,Media,No,1,corte interamericana considera a me xico responsable de feminicidio en ciudad jua rez hace 24 an os proceso,corte interamericana considera a me xico responsable de feminicidio en ciudad jua rez hace 24 an os proceso,corte interamericana considera a me xico responsable de feminicidio en ciudad jua rez hace 24 an os proceso corte interamericana considera a me xico responsable de feminicidio en ciudad jua rez hace 24 an os proceso corte interamericana considera a me xico responsable de feminicidio en ciudad jua rez hace 24 an os proceso,2,0.8803628066932733,feminicidio hue rfanos rfanos hue rfanos feminicidio,61,0.20812595994067404,0.0016735975424885543,0.1822,Baja
Policías Atienden Intento de Feminicidio en Metro Hidalgo; Hombre Pretendió Quemar a la Víctima - N+,Policías Atienden Intento de Feminicidio en Metro Hidalgo; Hombre Pretendió Quemar a la Víctima N+,https://news.google.com/rss/articles/CBMi1wFBVV95cUxQNUFEZi03TkJ0Tl9nREdYVHVTd2hDMndTYXlsSno0WFN4cjRFYjJsY2FyZG9WNWxidHQxd0xPZFQzdWtDWFNoU0hraThYUjZFZGVQRXBlLXNnb29BS0xaeFR6SlZjbFBRS1RuTnBvWDF6eTZuY3JhMHVaMkdlRjVLQ1dWNWJ3Yl9WMjZEM1RSQjJkY1FUSlAyMERDRFB0a2pOQ2JLNGxXWFQwdlpzYXlUa2FkUXcxZl8xaTZNaWxvdmY0MUpuckdqSk5raVdiTm1SbE5jbWdiZw?oc=5,https://news.google.com/rss/search?q=feminicidio+hijos+menores+M%C3%A9xico&hl=es-419&gl=MX&ceid=MX:es-419,2025-12-18T08:00:00+00:00,0.5,0.0,0.3025,Media,No,1,polici as atienden intento de feminicidio en metro hidalgo hombre pretendio quemar a la vi ctima n,polici as atienden intento de feminicidio en metro hidalgo hombre pretendio quemar a la vi ctima n,polici as atienden intento de feminicidio en metro hidalgo hombre pretendio quemar a la vi ctima n polici as atienden intento de feminicidio en metro hidalgo hombre pretendio quemar a la vi ctima n polici as atienden intento de feminicidio en metro hidalgo hombre pretendio quemar a la vi ctima n,5,0.865785787260936,feminicidio mx com orfandad cimacnoticias,297,0.09014703096937057,0.0018478758791423582,0.1822,Baja
"🚨 Tras la muerte de una niña de un año y tres meses, un hombre fue vinculado por el delito de feminicidio y permanecerá en prisión preventiva mientras continúan las investigaciones. ⚖️ De acuerdo con las indagatorias realizadas por la Vicefiscalía en Inve - facebook.com","🚨 Tras la muerte de una niña de un año y tres meses, un hombre fue vinculado por el delito de feminicidio y permanecerá en prisión preventiva mientras continúan las investigaciones. ⚖️ De acuerdo con las indagatorias realizadas por la Vicefiscalía en Inve facebook.com",https://news.google.com/rss/articles/CBMi5gFBVV95cUxQQ3RoSmY4b0Vhenk2eTJFcEhTOExHcTBEVjA2cGQwNTZnS09rUEtEUzdqX1RtZmVNWnVBT3pSZUg5ZnAtMDVHRzV4a192ZlJVY19lZTZ2UjBWZ0dIcnJfZ2VrNjlGU0RyUlNUeFpOYlkxQnVORzJ3Q0F0MXdocmI5VkxIX3JxMnJlbXdyeUhqam0xajY2ZldhUGF5T2pBZzVPUkdvSk9YZW5laXdFNDc2TncyMFU3ZkZqU2Raclo1elZTQjhSN2FWbGt3ZU5DT1RDUTU1dUJ0MkVKSjhWU1V3Z0J6d3c2UQ?oc=5,https://news.google.com/rss/search?q=feminicidio+ni%C3%B1os+ni%C3%B1as&hl=es-419&gl=MX&ceid=MX:es-419,2025-12-17T08:00:00+00:00,0.5,0.0,0.3025,Media,No,1,tras la muerte de una nin a de un an o y tres meses un hombre fue vinculado por el delito de feminicidio y permanecera en prisio n preventiva mientras continu an las investigaciones de acuerdo con las indagatorias realizadas por la vicefiscali a en inve facebook com,tras la muerte de una nin a de un an o y tres meses un hombre fue vinculado por el delito de feminicidio y permanecera en prisio n preventiva mientras continu an las investigaciones de acuerdo con las indagatorias realizadas por la vicefiscali a en inve facebook com,tras la muerte de una nin a de un an o y tres meses un hombre fue vinculado por el delito de feminicidio y permanecera en prisio n preventiva mientras continu an las investigaciones de acuerdo con las indagatorias realizadas por la vicefiscali a en inve facebook com tras la muerte de una nin a de un an o y tres meses un hombre fue vinculado por el delito de feminicidio y permanecera en prisio n preventiva mientras continu an las investigaciones de acuerdo con las indagatorias realizadas por la vicefiscali a en inve facebook com tras la muerte de una nin a de un an o y tres meses un hombre fue vinculado por el delito de feminicidio y permanecera en prisio n preventiva mientras continu an las investigaciones de acuerdo con las indagatorias realizadas por la vicefiscali a en inve facebook com,2,0.9018899989103879,feminicidio hue rfanos rfanos hue rfanos feminicidio,5,0.12228110120838429,0.0015455031692750976,0.1821,Baja
"En 2025, más de 5 mil mujeres asesinadas en México, solo 597 casos tipificados como feminicidio - cimacnoticias.com.mx","En 2025, más de 5 mil mujeres asesinadas en México, solo 597 casos tipificados como feminicidio cimacnoticias.com.mx",https://news.google.com/rss/articles/CBMixAFBVV95cUxPUWZjUk9hcXU1V2k5WFZIanA5aS16OFJja1Q5Y2RCUG1mUk5FdjFQN2gwcjBjTElmVl9MQXQxRm9KSVE4WWRWMkh2LUY3ZU5uX0JnWmwydHZnV2xnWmRuTXpDUWpzNFNLeU12QTljcWV2RGFvZlBKUENaYTdUQ3hDa29lSktyX1l4a1NiMjJ2QXBDVFhWN2VhRGlycTVmV2oyUTBISUg4VjBMVTMwdUpVOExtUXlfYTlacC1KSmNZRmVINEtj?oc=5,https://news.google.com/rss/search?q=feminicidio+M%C3%A9xico&hl=es-419&gl=MX&ceid=MX:es-419,2025-12-15T08:00:00+00:00,0.5,0.0,0.3025,Media,No,1,en 2025 ma s de 5 mil mujeres asesinadas en me xico solo 597 casos tipificados como feminicidio cimacnoticias com mx,en 2025 ma s de 5 mil mujeres asesinadas en me xico solo 597 casos tipificados como feminicidio cimacnoticias com mx,en 2025 ma s de 5 mil mujeres asesinadas en me xico solo 597 casos tipificados como feminicidio cimacnoticias com mx en 2025 ma s de 5 mil mujeres asesinadas en me xico solo 597 casos tipificados como feminicidio cimacnoticias com mx en 2025 ma s de 5 mil mujeres asesinadas en me xico solo 597 casos tipificados como feminicidio cimacnoticias com mx,2,0.8603134846492803,feminicidio hue rfanos rfanos hue rfanos feminicidio,344,0.31743235509587503,0.0018376194951169786,0.1822,Baja
"Propone el PT en el Senado registro nacional de menores huérfanos por feminicidio, estaría a cargo de la CEAV - enfoquenoticias.com.mx","Propone el PT en el Senado registro nacional de menores huérfanos por feminicidio, estaría a cargo de la CEAV enfoquenoticias.com.mx",https://news.google.com/rss/articles/CBMi4wFBVV95cUxPZjhsTHpUREdScWx1U0t5dXZfa01Ma2NJMmdMcHdBbE5UeXd5XzF2OFJtemZoZHBTMFZyNF96Z3I5Y25zdnk2dGVDNTdmenR0S2hJVExGUm91Qmp5Sk1zWnFLTk05VUd3ek9VNXZfMlFRVGpUMlNucEtjNXdwNjBvVTMtd0Z6TWJCdmNBM3pXTHIxSlBDWXdfMGQ5RjIzYlowQnlreGhDZDY3al84S2tydzF1dkt4WkNmUUxMQ1lnalllS2FMamZNU2RIb3hJTjBLcklubmduenlnM2pySXVvTXRVNA?oc=5,https://news.google.com/rss/search?q=feminicidio+menores+hu%C3%A9rfanos&hl=es-419&gl=MX&ceid=MX:es-419,2025-12-12T21:31:05+00:00,0.5,0.3548,0.8085,Alta,Si,3,propone el pt en el senado registro nacional de menores hue rfanos por feminicidio estari a a cargo de la ceav enfoquenoticias com mx,propone el pt en el senado registro nacional de menores hue rfanos por feminicidio estari a a cargo de la ceav enfoquenoticias com mx,propone el pt en el senado registro nacional de menores hue rfanos por feminicidio estari a a cargo de la ceav enfoquenoticias com mx propone el pt en el senado registro nacional de menores hue rfanos por feminicidio estari a a cargo de la ceav enfoquenoticias com mx propone el pt en el senado registro nacional de menores hue rfanos por feminicidio estari a a cargo de la ceav enfoquenoticias com mx,1,0.8627203659303216,feminicidio ctimas vi ctimas vi rfanos,58,0.1924810240832495,0.014462839546122163,0.4909,Alta
"Propone Geovanna Bañuelos, registro nacional de huérfanos por feminicidio - Las Noticias Ya","Propone Geovanna Bañuelos, registro nacional de huérfanos por feminicidio Las Noticias Ya",https://news.google.com/rss/articles/CBMioAFBVV95cUxPZU40bTBlc05EUG1LOW1veU5rbHJmb1JqZmUwSnBJdVF0Y0VuN0dBdnNqTjJibHB5bXZPN19vYlZFMjNQZDY5amxsQmZqT1BEb1hWVmNUT1pqc0JyTGVTekxxNVJwQnVmckJLVzFtOGZTVUoxSGJodXpXMWtwQlgySGhYbUFqTmJfVFpZZFlnWEZncC11NkRPTWFpMms3cXJS?oc=5,https://news.google.com/rss/search?q=feminicidio+menores+hu%C3%A9rfanos&hl=es-419&gl=MX&ceid=MX:es-419,2025-12-11T08:00:00+00:00,0.5,0.0,0.33,Media,No,3,propone geovanna ban uelos registro nacional de hue rfanos por feminicidio las noticias ya,propone geovanna ban uelos registro nacional de hue rfanos por feminicidio las noticias ya,propone geovanna ban uelos registro nacional de hue rfanos por feminicidio las noticias ya propone geovanna ban uelos registro nacional de hue rfanos por feminicidio las noticias ya propone geovanna ban uelos registro nacional de hue rfanos por feminicidio las noticias ya,2,0.8518773009584172,feminicidio hue rfanos rfanos hue rfanos feminicidio,43,0.23009075375112542,0.0019456758965220391,0.1988,Baja
500 huérfanos menores de edad por violencia de género en doce años - Artículo 14,500 huérfanos menores de edad por violencia de género en doce años Artículo 14,https://news.google.com/rss/articles/CBMi0AFBVV95cUxNWEJ6QmR0ZHZqeFNYWXhMU0RlSlRLN2FmTHZfT2Y0M0NURy1mb3hPSVc3Rkh5Q21VclByMTYxelJtalhmVjkxcFBhM0xnTk13VUZoWjNUNkFKZEdVaHNJR09EWVFBaXBiMlhKODdtY2pBdGx4RlIwNzRLQVc5YXRVWWEwZUI5TDdKX29HbFRwZjNTTDNsRlJrWlZQXzZIU0pIV1FNSnlxbkdHWkRYd2hsOWsyX1hhQnVhbVNSTzhtZDlUdWFaZkoxRTZKM0NCZnBI?oc=5,https://news.google.com/rss/search?q=%22violencia+contra+la+mujer%22+menores+hu%C3%A9rfanos&hl=es-419&gl=MX&ceid=MX:es-419,2025-12-11T08:00:00+00:00,0.0,0.5918,0.2663,Baja,Si,3,500 hue rfanos menores de edad por violencia de ge nero en doce an os arti culo 14,500 hue rfanos menores de edad por violencia de ge nero en doce an os arti culo 14,500 hue rfanos menores de edad por violencia de ge nero en doce an os arti culo 14 500 hue rfanos menores de edad por violencia de ge nero en doce an os arti culo 14 500 hue rfanos menores de edad por violencia de ge nero en doce an os arti culo 14,2,0.8736544469501497,feminicidio hue rfanos rfanos hue rfanos feminicidio,356,0.15523130717198402,0.03632762542487712,0.1743,Baja
"Impulsan senadores de PT, Registro de Menores de Edad Huérfanos por Feminicidio; cifra negra - La Crónica de Hoy","Impulsan senadores de PT, Registro de Menores de Edad Huérfanos por Feminicidio; cifra negra La Crónica de Hoy",https://news.google.com/rss/articles/CBMi1AFBVV95cUxNLVRWc004RGx5dEdLek9DZ1NtT3NBTHNiSEtBdkVpemk5ZlRyWkN3MENuM19HaFRERXJEVzRuWU4xMmZzaTg4RnJWMU5Jc3FqU1Q3cVRJSUtWd2Z3eXE2RVVWcVByYlNTRFJqRnh1NjkyWExfT2VxUnk2bE9PX3pCc0g2NlZrSlhJa0Q0VUJNWTQxY0FEX2JUYVJCOVhscWUtaEQwNUdfXzA4UjJVNGZWLTRGNHNtNkQtMTJDYkRla0E1dUh5VGFZeXZOcTg2UG9QUHlNag?oc=5,https://news.google.com/rss/search?q=feminicidio+ni%C3%B1os+ni%C3%B1as&hl=es-419&gl=MX&ceid=MX:es-419,2025-12-11T08:00:00+00:00,0.5,0.5918,1.0,Alta,Si,3,impulsan senadores de pt registro de menores de edad hue rfanos por feminicidio cifra negra la cro nica de hoy,impulsan senadores de pt registro de menores de edad hue rfanos por feminicidio cifra negra la cro nica de hoy,impulsan senadores de pt registro de menores de edad hue rfanos por feminicidio cifra negra la cro nica de hoy impulsan senadores de pt registro de menores de edad hue rfanos por feminicidio cifra negra la cro nica de hoy impulsan senadores de pt registro de menores de edad hue rfanos por feminicidio cifra negra la cro nica de hoy,2,0.8697395318935578,feminicidio hue rfanos rfanos hue rfanos feminicidio,317,0.19203224445795292,0.01627283483918699,0.6065,Alta
CEDH alista unidad de género para víctimas de feminicidio en Michoacán - MiMorelia.com,CEDH alista unidad de género para víctimas de feminicidio en Michoacán MiMorelia.com,https://news.google.com/rss/articles/CBMixAFBVV95cUxOZ2NpQzF6NlBMdWhXdFhyTzlCY0VmWmc0V0hxODU4dGU3YVBxSDMwSGhaWXF4ckVMc3JUV29PYWlNbWM1bXZldzVGYVVDd3IwOVJ0VFNNUmtkNUVmV3EybWE1TDBkMXhkTGc1MWVUZkZ0MlVWVUFldi1mT1RpeTRCN0otaFdDQXdBdG9PNkdoa1k2RFppVVZsV0RqYTlwVnU2N050dlk3Q1pKemZjclVIRHVfNXdYS19zbmRJRzVWRzh2UDZ00gHSAUFVX3lxTFBvY2dGU0NaeGhScGZhZUpTZzlMTENQcjdUUDlkTDRSN3AzWENBNGNrWmRzV3pHenZxNkxtVnBzQ0xTS0I4TFhUUU00TnBfbXVjTnViZ2dJdHh4eDRpcFJ5RTNoR1d6dUhpTFFweE9OVjFUWTZnbm1WM1JGYmtnVWlNU2h1eW50cFlnY18yNHpBUUZWbk5MMTk0VVhGWjhZdmRXa0RYWDVGbFJqbUlDeGt4bjF6em9WTDFnQ3RSU3JhMG1BYjdXYWRsNWI3bUo1WnIxUQ?oc=5,https://news.google.com/rss/search?q=%22v%C3%ADctimas+indirectas%22+feminicidio&hl=es-419&gl=MX&ceid=MX:es-419,2025-12-11T08:00:00+00:00,0.5,0.0,0.3025,Media,No,0,cedh alista unidad de ge nero para vi ctimas de feminicidio en michoaca n mimorelia com,cedh alista unidad de ge nero para vi ctimas de feminicidio en michoaca n mimorelia com,cedh alista unidad de ge nero para vi ctimas de feminicidio en michoaca n mimorelia com cedh alista unidad de ge nero para vi ctimas de feminicidio en michoaca n mimorelia com cedh alista unidad de ge nero para vi ctimas de feminicidio en michoaca n mimorelia com,4,0.8567458037755538,hue hue rfanos rfanos feminicidio rfanos feminicidio,268,0.23744884127940086,0.0021899283685850317,0.1824,Baja
Orfandad por feminicidio: 30 años de una deuda que empezó en Ciudad Juárez - La Verdad Juárez,Orfandad por feminicidio: 30 años de una deuda que empezó en Ciudad Juárez La Verdad Juárez,https://news.google.com/rss/articles/CBMisgFBVV95cUxNamJCQ2c3LWZLMDRob2JnU1BWQTF5NlpwNTg3aEhLSHVFSFRfTjV0Q3JMX3ZlSVFEVWczbzZRd19IZjFfSy1lYVBKTHluc2FSeEtpNTlGVlRrNy1fRldlRU8wOHBOQmozU1FzcU93LUxpamprQkszaE5rSWdwTnE0RXBDYTJlVEhwcWRzY2RmQUZudVlIRjRZTEJTdUhuYmtidG1YSGhUeWgxWXhjbzUwMmpB?oc=5,https://news.google.com/rss/search?q=orfandad+feminicidio+menores&hl=es-419&gl=MX&ceid=MX:es-419,2025-12-08T08:00:00+00:00,0.5,0.5,0.93,Alta,Si,1,orfandad por feminicidio 30 an os de una deuda que empezo en ciudad jua rez la verdad jua rez,orfandad por feminicidio 30 an os de una deuda que empezo en ciudad jua rez la verdad jua rez,orfandad por feminicidio 30 an os de una deuda que empezo en ciudad jua rez la verdad jua rez orfandad por feminicidio 30 an os de una deuda que empezo en ciudad jua rez la verdad jua rez orfandad por feminicidio 30 an os de una deuda que empezo en ciudad jua rez la verdad jua rez,5,0.8692762733251159,feminicidio mx com orfandad cimacnoticias,63,0.6122294805471096,0.011187877645938026,0.5625,Alta
Enrique Vargas impulsa leyes para proteger a niños huérfanos por feminicidio o desaparición - DigitalMex,Enrique Vargas impulsa leyes para proteger a niños huérfanos por feminicidio o desaparición DigitalMex,https://news.google.com/rss/articles/CBMiwwFBVV95cUxQOF9CUllScWNLclRlUTJfV19EWG9iZ1dqNWdtS0hfd1ExNnFjcmcwZWNVNFRuaDd0QTY5dXZiLWIyRXAxV0xZWnBrTEhpSWFHLVFYNm1QOEpUQzVteWVmMTBRejlISDJCU3ZLY2FXZEpvdE9wRUlUem02OXZwci1EamNuMU1sdTRIdjVNLWZwc05FLXo3ODRINl8wYU9QdUI4dm50OTg5blRIeGZvcWFzckdCLThkOWhiYmZrMUJhenJYWFE?oc=5,https://news.google.com/rss/search?q=feminicidio+hijos+hu%C3%A9rfanos&hl=es-419&gl=MX&ceid=MX:es-419,2025-12-07T08:00:00+00:00,0.5,0.0,0.3025,Media,No,3,enrique vargas impulsa leyes para proteger a nin os hue rfanos por feminicidio o desaparicio n digitalmex,enrique vargas impulsa leyes para proteger a nin os hue rfanos por feminicidio o desaparicio n digitalmex,enrique vargas impulsa leyes para proteger a nin os hue rfanos por feminicidio o desaparicio n digitalmex enrique vargas impulsa leyes para proteger a nin os hue rfanos por feminicidio o desaparicio n digitalmex enrique vargas impulsa leyes para proteger a nin os hue rfanos por feminicidio o desaparicio n digitalmex,4,0.8620652961557568,hue hue rfanos rfanos feminicidio rfanos feminicidio,166,0.2592039390714677,0.0021185433560509427,0.1823,Baja
Orfandad por feminicidio: 30 años de una deuda que empezó en Juárez - ladobe.com.mx,Orfandad por feminicidio: 30 años de una deuda que empezó en Juárez ladobe.com.mx,https://news.google.com/rss/articles/CBMiowFBVV95cUxOOWlkUEFYVndEZERtOW9kMjJpcVJCNm1vaDIzazNzTl92eERVREtmdEpYeWdpOWo2VWNpRzJaRnc4RFEzWVJuS29Jbjh0dGJXUlVBUHNpQ19xQjl5NFFvUFBseVlmUzhSYXF1SzlsbVlJbVE3alZveGlhcGJuemp6bnFzQzQ1Ql80SkNQR2hqYWxQVGYzUFZDQmdvNGhxZ1hyOWVj?oc=5,https://news.google.com/rss/search?q=feminicidio+ni%C3%B1os+ni%C3%B1as&hl=es-419&gl=MX&ceid=MX:es-419,2025-12-07T08:00:00+00:00,0.5,0.5,0.93,Alta,Si,1,orfandad por feminicidio 30 an os de una deuda que empezo en jua rez ladobe com mx,orfandad por feminicidio 30 an os de una deuda que empezo en jua rez ladobe com mx,orfandad por feminicidio 30 an os de una deuda que empezo en jua rez ladobe com mx orfandad por feminicidio 30 an os de una deuda que empezo en jua rez ladobe com mx orfandad por feminicidio 30 an os de una deuda que empezo en jua rez ladobe com mx,5,0.8741271766008726,feminicidio mx com orfandad cimacnoticias,61,0.6122294805471096,0.0114487967305766,0.5626,Alta
Ley busca restablecer el proyecto de vida de los huérfanos por feminicidio - Bolivia Verifica,Ley busca restablecer el proyecto de vida de los huérfanos por feminicidio Bolivia Verifica,https://news.google.com/rss/articles/CBMipAFBVV95cUxQZkcwMmhMSGJBTEJUYWhKZTNadmxwbGYxSWlQUnFqTkc2TlFlbTBCczhHLW9tTnJrXzEza1ZZTFFhanFMWWRHNkdadGVoMzRWQVVHdFB6a3RkamVuX0JTeEpHR2xWTENIbVRmWjNkUS14YkZxeXpEVUQydjRqQUM5blpkd0pNcGNkS0M4VGYyNElROEh2S3h6ODJuS0dDVHZFeDdqSw?oc=5,https://news.google.com/rss/search?q=feminicidio+hijos+hu%C3%A9rfanos&hl=es-419&gl=MX&ceid=MX:es-419,2025-12-06T23:19:49+00:00,0.5,0.0,0.3025,Media,No,3,ley busca restablecer el proyecto de vida de los hue rfanos por feminicidio bolivia verifica,ley busca restablecer el proyecto de vida de los hue rfanos por feminicidio bolivia verifica,ley busca restablecer el proyecto de vida de los hue rfanos por feminicidio bolivia verifica ley busca restablecer el proyecto de vida de los hue rfanos por feminicidio bolivia verifica ley busca restablecer el proyecto de vida de los hue rfanos por feminicidio bolivia verifica,5,0.8466062715078582,feminicidio mx com orfandad cimacnoticias,101,0.21984652148651118,0.002076713757564202,0.1823,Baja
Niñeces y adolescencias frente a la violencia feminicida: ¡urge protección y reparación integral! - Delfino.cr,Niñeces y adolescencias frente a la violencia feminicida: ¡urge protección y reparación integral! Delfino.cr,https://news.google.com/rss/articles/CBMivgFBVV95cUxNXzNFa2JoN2dKMkJZMlhvb0NxRHJodXFFSjFwSjJMYW9JU1JPSFRRVnVwMXBJdVowR19fekNjcWJHZkFkWklIWkN0YjhiT2tGWTdnelUtUzdMalpjcXcyZzk0WFk3WEx0SFc0UDdqWUVwN3NUZzJwdUtuQnZaTG5YMndYMTQzNVIxYjQzUkIzd3Bvakx2bFpKbGtrRk83dGZMZFhCYi1VUDhULUx1UTl0ajQ0WnpqZzllQnBYeHJ3?oc=5,https://news.google.com/rss/search?q=%22violencia+feminicida%22+ni%C3%B1os&hl=es-419&gl=MX&ceid=MX:es-419,2025-12-02T08:00:00+00:00,0.5,0.0,0.3025,Media,No,1,nin eces y adolescencias frente a la violencia feminicida urge proteccio n y reparacio n integral delfino cr,nin eces y adolescencias frente a la violencia feminicida urge proteccio n y reparacio n integral delfino cr,nin eces y adolescencias frente a la violencia feminicida urge proteccio n y reparacio n integral delfino cr nin eces y adolescencias frente a la violencia feminicida urge proteccio n y reparacio n integral delfino cr nin eces y adolescencias frente a la violencia feminicida urge proteccio n y reparacio n integral delfino cr,2,0.8626155340476529,feminicidio hue rfanos rfanos hue rfanos feminicidio,262,0.09261051684884053,0.06012564059041963,0.2056,Baja
Sinaloa suma 308 menores que viven orfandad por feminicidio y dependen del apoyo estatal - www.noroeste.com.mx,Sinaloa suma 308 menores que viven orfandad por feminicidio y dependen del apoyo estatal www.noroeste.com.mx,https://news.google.com/rss/articles/CBMi0gFBVV95cUxPaWJXRmMwbVRBQ1B1c0RldE0zSzJlZnk0UkNoT0s3TnJxaEF5Q2pTU3MxUDBocHZLQkpHVVN2dU5CTGFPWml4dDF3OVJ4N2NSYXFrLWUxakJRVkp5YXBuOGJEa0ZwOWVLWE1xcTdacWY4bzJHcHNHNjlLeENSSjlJVDk1NTQ3ak54aWloT1lpLS1maFJYRDBXdHhqVWNhM2hWYkdvZmQ5Y3lqdDdGMHN3Q2N3QnFjdVVxWmhEbktwX19sR0xnV1lXOUphSktnMzNzc2fSAdcBQVVfeXFMTnN1Q1dqeGN1QW1wUmhUN3lFVVBzQUh0ZEw5azl5Rjh4MTJyaHVnSlJta01TeXZJUFBSQTZMUlZRUzdfUWRXZHg5alZqWFBpLWI2UzFmc0JzU3ZHenB6dHduUkVkaHVfTVRBNnhQclNJMWpwSFdYdlNOX21RS3VnWnB2TE95LVpNMWdmcmw2eEhxVDFlbVBxOWZZUUNta2k0ZUZ5cG14UjFrM3hIeDNfSnJwRi1FSUtKY0VPTEx6QjQyXzlfajlsX08yZXVFRnl1dlRDSHh6U0U?oc=5,https://news.google.com/rss/search?q=orfandad+feminicidio+menores&hl=es-419&gl=MX&ceid=MX:es-419,2025-11-30T08:00:00+00:00,0.5,0.6078,1.0,Alta,Si,1,sinaloa suma 308 menores que viven orfandad por feminicidio y dependen del apoyo estatal www noroeste com mx,sinaloa suma 308 menores que viven orfandad por feminicidio y dependen del apoyo estatal www noroeste com mx,sinaloa suma 308 menores que viven orfandad por feminicidio y dependen del apoyo estatal www noroeste com mx sinaloa suma 308 menores que viven orfandad por feminicidio y dependen del apoyo estatal www noroeste com mx sinaloa suma 308 menores que viven orfandad por feminicidio y dependen del apoyo estatal www noroeste com mx,1,0.8653699200415472,feminicidio ctimas vi ctimas vi rfanos,117,0.2419938009741883,0.02262308310288925,0.609,Alta
Yasmín Esquivel advierte sobre la vulnerabilidad de niñas y niños en casos de feminicidio - ContraRéplica,Yasmín Esquivel advierte sobre la vulnerabilidad de niñas y niños en casos de feminicidio ContraRéplica,https://news.google.com/rss/articles/CBMi0AFBVV95cUxPSUluWG4wWEp4WC1xbkY3TkRrdE5kcFlHVGdfVWpIN0VWTmp4WWI3SkpZZEVkUkwtQTBmYzJud2NZV2FQdzZUTnZPMGtfcmNJN0hqSDhhZ0RrbTM5YnFfSXdfbDVhemtVRU9TY0hubmZRZmNiLU9zOTdMYy1WVHhkUHRpX3FNOVNZN2NFendIQk9icVpHXzgzQ0FPWkhzVVh6N1RIMnRfb3g0UlRONTNqY3ZGTVlac2s2bGw2dm9zNVF3ZzNpUl9kNUJzQnVLSG9t?oc=5,https://news.google.com/rss/search?q=feminicidio+ni%C3%B1os+ni%C3%B1as&hl=es-419&gl=MX&ceid=MX:es-419,2025-11-30T08:00:00+00:00,0.5,0.0,0.3025,Media,No,2,yasmi n esquivel advierte sobre la vulnerabilidad de nin as y nin os en casos de feminicidio contrare plica,yasmi n esquivel advierte sobre la vulnerabilidad de nin as y nin os en casos de feminicidio contrare plica,yasmi n esquivel advierte sobre la vulnerabilidad de nin as y nin os en casos de feminicidio contrare plica yasmi n esquivel advierte sobre la vulnerabilidad de nin as y nin os en casos de feminicidio contrare plica yasmi n esquivel advierte sobre la vulnerabilidad de nin as y nin os en casos de feminicidio contrare plica,3,0.8499855542307092,feminicidio vi nin vi ctimas ctimas,358,0.1991514079612271,0.002067900570772512,0.1823,Baja
Esquivel alerta en la FIL: México ni siquiera sabe cuántos niños quedan en orfandad por feminicidio - UDG TV,Esquivel alerta en la FIL: México ni siquiera sabe cuántos niños quedan en orfandad por feminicidio UDG TV,https://news.google.com/rss/articles/CBMiigFBVV95cUxPQ3A0WTkyeGRjNU42cnNONjZHbEZyaS1YMUlWVU44ekN6VFU0Nmt4VVNjQ1YwMy1IMmtNMGF5Q0syWjZQQ0p2U2tmSWtaeGpuc09IR3gxRVRBQ1RUdWxxbVo3cEprbVpsajU4U1VXS2s1UW1yX1B6bnpfS21aYWRQTFRkMUhNZDJPZFE?oc=5,https://news.google.com/rss/search?q=orfandad+feminicidio+menores&hl=es-419&gl=MX&ceid=MX:es-419,2025-11-29T08:00:00+00:00,0.5,0.5,0.93,Alta,Si,1,esquivel alerta en la fil me xico ni siquiera sabe cua ntos nin os quedan en orfandad por feminicidio udg tv,esquivel alerta en la fil me xico ni siquiera sabe cua ntos nin os quedan en orfandad por feminicidio udg tv,esquivel alerta en la fil me xico ni siquiera sabe cua ntos nin os quedan en orfandad por feminicidio udg tv esquivel alerta en la fil me xico ni siquiera sabe cua ntos nin os quedan en orfandad por feminicidio udg tv esquivel alerta en la fil me xico ni siquiera sabe cua ntos nin os quedan en orfandad por feminicidio udg tv,4,0.8752969557743243,hue hue rfanos rfanos feminicidio rfanos feminicidio,11,0.20557944320824256,0.03918076876815579,0.5737,Alta
Comienzan colecta de juguetes para niños víctimas indirectas de feminicidio y desaparición - MILENIO,Comienzan colecta de juguetes para niños víctimas indirectas de feminicidio y desaparición MILENIO,https://news.google.com/rss/articles/CBMiiwFBVV95cUxNbDExUm4yb1I3T0t6OXg0UHJaTDhIdTNNSndfLWZBWVBrbHJDLXRhMFExbEtwQzJ5R0p1M1g2dldDNE5VclM1TTRKemt3YmR5cDdCb0lUNF9LdnMtUkhEeXh6S2NfUXhsRUZwbERtdHFXbWg3Z0RUU0pmTEJFSThhSFh2M0JROEVyUERR0gGLAUFVX3lxTE0yZWxlMnoxVlY5Q1dYTTN1dl9Ic0lRRy10VHZPeUFxUFY4a1lDYnBQUVduWlRJSklycFJQaUtiS2Y5SEhZbnR2R04yeURQeHRPeU5CR3diYmRoUTlVVzRjOGlmVmVfeXZyZ1NBOTN2YnhNQkdoNWYyd204NlVsTDlDS1RhOHdoSTVnekU?oc=5,https://news.google.com/rss/search?q=%22v%C3%ADctimas+indirectas%22+feminicidio&hl=es-419&gl=MX&ceid=MX:es-419,2025-11-27T08:00:00+00:00,0.5,0.0,0.3025,Media,No,0,comienzan colecta de juguetes para nin os vi ctimas indirectas de feminicidio y desaparicio n milenio,comienzan colecta de juguetes para nin os vi ctimas indirectas de feminicidio y desaparicio n milenio,comienzan colecta de juguetes para nin os vi ctimas indirectas de feminicidio y desaparicio n milenio comienzan colecta de juguetes para nin os vi ctimas indirectas de feminicidio y desaparicio n milenio comienzan colecta de juguetes para nin os vi ctimas indirectas de feminicidio y desaparicio n milenio,1,0.8559033656549412,feminicidio ctimas vi ctimas vi rfanos,351,0.24946962704061101,0.021756007690895602,0.1902,Baja
En 34 casos de feminicidio este año en Sinaloa las víctimas tenían hijos menores; 47 niños entran a programa de apoyo: Semujeres - Los Noticieristas,En 34 casos de feminicidio este año en Sinaloa las víctimas tenían hijos menores; 47 niños entran a programa de apoyo: Semujeres Los Noticieristas,https://news.google.com/rss/articles/CBMiiwJBVV95cUxQYzkxOFVkUDFjNVpqTnE0U2dudTFsQ0V4eWpId2lnQWFSYTRjTUd2Y05ZUHZmZWlvMUp3blhyNEpielJLb0V4SmYtLVBVTE1YNlBkbC1OSEdxUWc3TjVLVFh2NnRIb1o0bDNBNE1abUhUNEJnWmlleXQ4Q0Yzb3U1YUlFRHVwcXh0Y2FkN3RvaW5wNko2dmhtdjRmN0o1Unp6OExPeU1Lcy1hOEFKczFvLThvUnVsaUdxTUdVMlZhRDdsdUlVaUV5T3JialV4X0pKQ3pscjc0VFNYVjQ3b2F4RzR2OEhuem1FVV91RUQtcFpzdTZxZXMzb2MzU00yYkVFTlVjU0l0bW9xN1E?oc=5,https://news.google.com/rss/search?q=feminicidio+ni%C3%B1os+ni%C3%B1as&hl=es-419&gl=MX&ceid=MX:es-419,2025-11-27T08:00:00+00:00,0.5,0.5349,0.9592,Alta,Si,1,en 34 casos de feminicidio este an o en sinaloa las vi ctimas teni an hijos menores 47 nin os entran a programa de apoyo semujeres los noticieristas,en 34 casos de feminicidio este an o en sinaloa las vi ctimas teni an hijos menores 47 nin os entran a programa de apoyo semujeres los noticieristas,en 34 casos de feminicidio este an o en sinaloa las vi ctimas teni an hijos menores 47 nin os entran a programa de apoyo semujeres los noticieristas en 34 casos de feminicidio este an o en sinaloa las vi ctimas teni an hijos menores 47 nin os entran a programa de apoyo semujeres los noticieristas en 34 casos de feminicidio este an o en sinaloa las vi ctimas teni an hijos menores 47 nin os entran a programa de apoyo semujeres los noticieristas,1,0.8866276096787684,feminicidio ctimas vi ctimas vi rfanos,186,0.07774880951462271,0.023986241165647945,0.5851,Alta
Antecedentes delictivos y una sobreviviente: el doble feminicidio y homicidio en Zacatecas sacude al Estado envuelto en la violencia - EL PAÍS,Antecedentes delictivos y una sobreviviente: el doble feminicidio y homicidio en Zacatecas sacude al Estado envuelto en la violencia EL PAÍS,https://news.google.com/rss/articles/CBMigwJBVV95cUxOOGlsR2w3NmtaVGpTSkZqam9vS2RseThrWGlrbDJMRlBZOWk4WFNLTGE5VTg0WDU5SVBOTXBRYWRkWG8tcm10YUh3aXRDWElXS2xKYy1ya1FvOUNaeUh4d3Q1Q0c4b0EwR20zWEhFV0czXy1vME15THpsTFFnQ0dXalk1NFJvTjBuUnFHZm4tT0kxM1RBTlUyeW9tcGtfaHpLMHh2cGdJS3E4bTUxMTU2bGpTclQ0MHNhclgyV2R4YVBqV0dJenYzQ3NrbEVPMFNiNEtiYl9yQ2tCUGFkaklFQzZaakh2NVdfUGJXZmdDQ2JUQUE0aVpfMmMwcGlzWkh5WTZz0gGXAkFVX3lxTE5FY0ZtYWxQSW1IelVnN0xiUzQzX2lBTTVzUWY2emYwXzM2LU51MXpRMnFrOG9JbE5NR2FzQy1XV0Q4Q0lwT2wzSUFUa1hIcVNBR0tvbUJkVU9ZSE9iaUhnd3VpUDE2c19aaWRLOUItZG96c0JtVUZrWjl6NW1fQWpSMlJLbklMX0hmQ2pkbVhoWV9PaGlwNVlMVDhyQ29qXzBxS05nR1lGZUd3ZWN2ZDBzd2E5S1pNa3cwczJFU3JjWnQwcjNxNU9ra2czWFIweUlCY01tWllTX1VZZWVSX0Nwd2xtWEs0X2UwYkFOZS1hMXRlalVxMlBiZDNsTHQteHloT0J3ZDI1amhOelVhNjZNNVZGMld3cw?oc=5,https://news.google.com/rss/search?q=feminicidio+M%C3%A9xico&hl=es-419&gl=MX&ceid=MX:es-419,2025-11-27T08:00:00+00:00,0.5,0.0,0.3025,Media,No,1,antecedentes delictivos y una sobreviviente el doble feminicidio y homicidio en zacatecas sacude al estado envuelto en la violencia el pai s,antecedentes delictivos y una sobreviviente el doble feminicidio y homicidio en zacatecas sacude al estado envuelto en la violencia el pai s,antecedentes delictivos y una sobreviviente el doble feminicidio y homicidio en zacatecas sacude al estado envuelto en la violencia el pai s antecedentes delictivos y una sobreviviente el doble feminicidio y homicidio en zacatecas sacude al estado envuelto en la violencia el pai s antecedentes delictivos y una sobreviviente el doble feminicidio y homicidio en zacatecas sacude al estado envuelto en la violencia el pai s,3,0.8469944023291551,feminicidio vi nin vi ctimas ctimas,119,0.12632743120250423,0.05105194393372803,0.2019,Baja
Brasil y México encabezan lista por casos de feminicidio en América Latina y el Caribe - cimacnoticias.com.mx,Brasil y México encabezan lista por casos de feminicidio en América Latina y el Caribe cimacnoticias.com.mx,https://news.google.com/rss/articles/CBMixgFBVV95cUxOelpTSEMwS3pNaVB4RG9XelFsSG5GS1hjZ2RFOUJNZGxtQWk4R2dWcGhpUmlMeDBiQlB2TE9hMFgxMWJENk1JT1U0enhMSkI2eW9QMWEtUG9TUnRueVdsLXdXazd4RlZBcm1Rb1lqY0twZ3hyTW1mdkRuX05RRVg0Rm5NVUpCc1hTUzhNSURwZVlWS2FmN1JueklVY0hXam9XenVpbW9xSFgtQ0Y2dTRhLTdqQWRNU3pCb2ZKRWFHUmhiaExRaVE?oc=5,https://news.google.com/rss/search?q=feminicidio+M%C3%A9xico&hl=es-419&gl=MX&ceid=MX:es-419,2025-11-26T08:00:00+00:00,0.5,0.0,0.3025,Media,No,1,brasil y me xico encabezan lista por casos de feminicidio en ame rica latina y el caribe cimacnoticias com mx,brasil y me xico encabezan lista por casos de feminicidio en ame rica latina y el caribe cimacnoticias com mx,brasil y me xico encabezan lista por casos de feminicidio en ame rica latina y el caribe cimacnoticias com mx brasil y me xico encabezan lista por casos de feminicidio en ame rica latina y el caribe cimacnoticias com mx brasil y me xico encabezan lista por casos de feminicidio en ame rica latina y el caribe cimacnoticias com mx,5,0.8568193239135401,feminicidio mx com orfandad cimacnoticias,256,0.39723377501379425,0.0017939486164263857,0.1822,Baja
Una Amazonía que clama justicia: el drama del feminicidio y la orfandad tras la violencia en Ecuador - ONG Manos Unidas,Una Amazonía que clama justicia: el drama del feminicidio y la orfandad tras la violencia en Ecuador ONG Manos Unidas,https://news.google.com/rss/articles/CBMirgFBVV95cUxNd1E4UFBubmh4dVpmX3dab19SQ0x3czZZS3B1bjZlcUZ5d0NpMG1CTlhRZjVPWDZfaTk5LUc3dVItQzlJMWtGWlVDOTd2TVBJUHdWRWh4RTRfd09MbFFnUU1Vb1MyUkRFcUtjUWJwZTFiczdTNVE2a2l1VThlak9aS29yTVJ6MHQ2MFlzdG5nMWZjb3RwQ2ZBYnpxUE9HWjdjNnEzR3gyT2Z2T3g5dXc?oc=5,https://news.google.com/rss/search?q=feminicidio+ni%C3%B1os+ni%C3%B1as&hl=es-419&gl=MX&ceid=MX:es-419,2025-11-26T08:00:00+00:00,0.5,0.5,0.93,Alta,Si,1,una amazoni a que clama justicia el drama del feminicidio y la orfandad tras la violencia en ecuador ong manos unidas,una amazoni a que clama justicia el drama del feminicidio y la orfandad tras la violencia en ecuador ong manos unidas,una amazoni a que clama justicia el drama del feminicidio y la orfandad tras la violencia en ecuador ong manos unidas una amazoni a que clama justicia el drama del feminicidio y la orfandad tras la violencia en ecuador ong manos unidas una amazoni a que clama justicia el drama del feminicidio y la orfandad tras la violencia en ecuador ong manos unidas,3,0.840050116822049,feminicidio vi nin vi ctimas ctimas,240,0.0754899198101007,0.040230328668583566,0.5741,Alta
"Las infancias, la otra cara del feminicidio de la que poco se habla - MiMorelia.com","Las infancias, la otra cara del feminicidio de la que poco se habla MiMorelia.com",https://news.google.com/rss/articles/CBMiqAFBVV95cUxPX3ljc3c5Zm9TUXc1UkxXZ1hrVGlOSURQUW5jNXJWZXlRR2Vra1U2SExkNGExNXdrdEMzTHNrVHlVTTZfbmpLWnFHUjExLThWNTBBVFZrNFVYaWdzWlo1bWdpOWJaMGJDWktac0UzMHExbFA5NzNwNTc1aEppcnBhM29GS0dhOGZscllJMDVzUjlsX2Z5dmFqTzJadUV1c3I0YWhJUXVncVPSAbYBQVVfeXFMT1pFY1UxVmVGaTVCdm1ISUhkSDZaelRfN0RJT2Ytak1xWHlWWTRQa2VXLVdXOWVPUmdQZjNER2VCU0dLSEdKTzhnbmx2S1ZLWHYxWEJfOENGSThyXzQ3REF3Skw4RWVXbHljeVpWRDNxRF9iZTY4UTVmRjlaa0NlOTl1OHJfQXFKOEI3bkhlWk92dHg5OUVnbVk1RnVfVTBqejI5cGhRdUpzMGFxa0hqNk4tNVlXV2c?oc=5,https://news.google.com/rss/search?q=%22v%C3%ADctimas+indirectas%22+feminicidio&hl=es-419&gl=MX&ceid=MX:es-419,2025-11-25T08:00:00+00:00,0.5,0.0,0.3025,Media,No,1,las infancias la otra cara del feminicidio de la que poco se habla mimorelia com,las infancias la otra cara del feminicidio de la que poco se habla mimorelia com,las infancias la otra cara del feminicidio de la que poco se habla mimorelia com las infancias la otra cara del feminicidio de la que poco se habla mimorelia com las infancias la otra cara del feminicidio de la que poco se habla mimorelia com,3,0.8070099513998774,feminicidio vi nin vi ctimas ctimas,268,0.17693813005267178,0.0026776887857858436,0.1826,Baja
Proponen Ley para proteger a hijos de víctimas de feminicidio en Jalisco - MILENIO,Proponen Ley para proteger a hijos de víctimas de feminicidio en Jalisco MILENIO,https://news.google.com/rss/articles/CBMiiAFBVV95cUxOQUYyaVpKeHFMOENTSlVBb1JXSHBTdFZrOFY1cHlTZHkwYVJVTTlyUzhDMXVsRUlPelpNNEliTTk5R0hlaTlGNmhTVFo2cFFoSFFYcDVyd0Q2clF3eVd1NmVKZlBGUnI5M0tFc3hUai1GOHlldFQ3S1JoQW1COFhKU1R2dGx4bkVL0gGIAUFVX3lxTFBBQTNJVk1iNDlST0hEbWZzcWVHY0NvVm1IU2pKbUI3TGlqaG5CZDdYWmg2QzNNRTZKbUhuMTRhQ1F3djFSaWxTbDVwcjFKV1ExSkF6WHZNMVZWVGdfdUN2OVBBcHdEb0xLY21NcU9aQmhiX0FOam1EME9oT2djWkcySzJlZXpxaTA?oc=5,https://news.google.com/rss/search?q=%22v%C3%ADctimas+indirectas%22+feminicidio&hl=es-419&gl=MX&ceid=MX:es-419,2025-11-25T08:00:00+00:00,0.5,0.375,0.8254,Alta,Si,0,proponen ley para proteger a hijos de vi ctimas de feminicidio en jalisco milenio,proponen ley para proteger a hijos de vi ctimas de feminicidio en jalisco milenio,proponen ley para proteger a hijos de vi ctimas de feminicidio en jalisco milenio proponen ley para proteger a hijos de vi ctimas de feminicidio en jalisco milenio proponen ley para proteger a hijos de vi ctimas de feminicidio en jalisco milenio,0,0.8484183523758345,feminicidio ctimas feminicidio vi ctimas feminicidio hijos orfandad,159,0.3380645333609735,0.01854712522609529,0.5027,Alta
Sobre feminicidio indígena. - Gob MX,Sobre feminicidio indígena. Gob MX,https://news.google.com/rss/articles/CBMib0FVX3lxTE4zYXgybm9iRy1ZUTlxM3IwUk5PTzY2YVlPdVhHRG1ZakRFV2lldkx4S3ZhZkkzaUstQkxzcmJ0Vzh6Sm80ekNDVHNJSURJNUVUTTZaVEZobHRWTWhHUkJSZEFiVmZmcEtaYnF5NDcyWQ?oc=5,https://news.google.com/rss/search?q=feminicidio+M%C3%A9xico&hl=es-419&gl=MX&ceid=MX:es-419,2025-11-25T08:00:00+00:00,0.5,0.0,0.3025,Media,No,1,sobre feminicidio indi gena gob mx,sobre feminicidio indi gena gob mx,sobre feminicidio indi gena gob mx sobre feminicidio indi gena gob mx sobre feminicidio indi gena gob mx,3,0.8064873883879243,feminicidio vi nin vi ctimas ctimas,366,0.27239749862509105,0.0031128210426356567,0.1827,Baja
"Miles de mujeres urgen frenar la violencia feminicida en México: ""No llegamos todas"" - López-Dóriga Digital","Miles de mujeres urgen frenar la violencia feminicida en México: ""No llegamos todas"" López-Dóriga Digital",https://news.google.com/rss/articles/CBMitgFBVV95cUxOd3dLYnVBU0IyOVNEQjhYUWtfamFtM3ViRDdPMWlWRDc2MFFmaWdjN2ZrWjJjdElqU2MxMnNOc0ZmSGtWZS02cEVOUnlzVjIwNGVnYUxlNXhXcmsyUnZpTFVaM3Q5RHYydEltUE40dm5mZXZRLUtrZm5pRHViZFhPS0pFa1M3ZE0yb2gxNEMxRVBhekRnVlJFVDIwV2tOaVJJV0tFeHpFX1dFdEJ5el81MmlaNENUQQ?oc=5,https://news.google.com/rss/search?q=feminicidio+M%C3%A9xico&hl=es-419&gl=MX&ceid=MX:es-419,2025-11-25T08:00:00+00:00,0.5,0.0,0.3025,Media,No,1,miles de mujeres urgen frenar la violencia feminicida en me xico no llegamos todas lo pez do riga digital,miles de mujeres urgen frenar la violencia feminicida en me xico no llegamos todas lo pez do riga digital,miles de mujeres urgen frenar la violencia feminicida en me xico no llegamos todas lo pez do riga digital miles de mujeres urgen frenar la violencia feminicida en me xico no llegamos todas lo pez do riga digital miles de mujeres urgen frenar la violencia feminicida en me xico no llegamos todas lo pez do riga digital,3,0.8709886322643005,feminicidio vi nin vi ctimas ctimas,225,0.19132477759357666,0.05741502666107634,0.2045,Baja
Más de 490 menores han quedado huérfanos en Colombia por casos de feminicidio - El Olfato,Más de 490 menores han quedado huérfanos en Colombia por casos de feminicidio El Olfato,https://news.google.com/rss/articles/CBMiqAFBVV95cUxQTGRjNVRxa3JuNXR5N3hISlpLOC1zQjBXWkg3eHV2TlF5eUtvaDhXRERZNXoyRFhuTURRM2k5c25sd0EyWmtFV0RLcEhyVTNvd0FsaUtoTWFoWWtzelZvdWxDazZWMnpMNmhrTFItM3E3T1B3bXAxcUk4YWwzcUdYYWVMcDZqSEpORmZrdENVOGhlMUlTcWZhOUY2bVpMbkh3NTJwa2Nxckg?oc=5,https://news.google.com/rss/search?q=feminicidio+menores+hu%C3%A9rfanos&hl=es-419&gl=MX&ceid=MX:es-419,2025-11-25T08:00:00+00:00,0.5,0.3548,0.8085,Alta,Si,1,ma s de 490 menores han quedado hue rfanos en colombia por casos de feminicidio el olfato,ma s de 490 menores han quedado hue rfanos en colombia por casos de feminicidio el olfato,ma s de 490 menores han quedado hue rfanos en colombia por casos de feminicidio el olfato ma s de 490 menores han quedado hue rfanos en colombia por casos de feminicidio el olfato ma s de 490 menores han quedado hue rfanos en colombia por casos de feminicidio el olfato,1,0.8501897810535926,feminicidio ctimas vi ctimas vi rfanos,137,0.28733070894456747,0.019344011180633697,0.4928,Alta
La violencia feminicida contra adolescentes en el ámbito escolar - Gaceta UNAM,La violencia feminicida contra adolescentes en el ámbito escolar Gaceta UNAM,https://news.google.com/rss/articles/CBMilwFBVV95cUxPbUxKS0xUZWZwcnpVYjk2b1k3UDVOYkt2bUJuTmFvR1I5ejFhdjFsd2tUUlZ4SlZjQzZKcUdzNXRMYnd1ZlR5ZXYxV1BmdDVuZWZLRTJiejNUNDByZXN3UWlsRnpaSkNKVmhKS1p0dGQtc3dmMU1EbTRqRmdZSk0xdjNEQmFyUjFWUG1jOHlHX0F3aEVKNUxv?oc=5,https://news.google.com/rss/search?q=feminicidio+M%C3%A9xico&hl=es-419&gl=MX&ceid=MX:es-419,2025-11-24T08:00:00+00:00,0.5,0.3333,0.7246,Alta,Si,1,la violencia feminicida contra adolescentes en el a mbito escolar gaceta unam,la violencia feminicida contra adolescentes en el a mbito escolar gaceta unam,la violencia feminicida contra adolescentes en el a mbito escolar gaceta unam la violencia feminicida contra adolescentes en el a mbito escolar gaceta unam la violencia feminicida contra adolescentes en el a mbito escolar gaceta unam,1,0.8091277736426737,feminicidio ctimas vi ctimas vi rfanos,350,0.11735324591382902,0.10879320683021144,0.4783,Alta
Cada 10 horas ocurre un feminicidio en México: Cepal - Proceso,Cada 10 horas ocurre un feminicidio en México: Cepal Proceso,https://news.google.com/rss/articles/CBMirwFBVV95cUxPLW03dHlJc3NfZ0YzVWd0OGlPOTIwRDE5UGpETm9Fdkd6ZHdrZEc3NGl4OElRMGNORnFOWlFuOE5zVHVURWRvR3NmTlFzY2NucUdIT0Z5ZkRVd05ydkdENUVCNnFQc1pjY19RajhPMVg2b0FxRTdTY3BsZ2k5LXVGRmpSSG1GZmxyUXR2ZkVLSFR1WTBRMDd5UUhkOFlYLWgydE11bUROV002V2swVmQ00gGvAUFVX3lxTE8tbTd0eUlzc19nRjNVZ3Q4aU85MjBEMTlQakROb0V2R3pkd2tkRzc0aXg4SVEwY05GcU5aUW44TnNUdVRFZG9Hc2ZOUXNjY25xR0hPRnlmRFV3TnJ2R0Q1RUI2cVBzWmNjX1FqOE8xWDZvQXFFN1NjcGxnaTktdUZGalJIbUZmbHJRdHZmRUtIVHVZMFEwN3lRSGQ4WVgtaDJ0TXVtRE5XTTZXazBWZDQ?oc=5,https://news.google.com/rss/search?q=feminicidio+M%C3%A9xico&hl=es-419&gl=MX&ceid=MX:es-419,2025-11-24T08:00:00+00:00,0.5,0.0,0.3025,Media,No,1,cada 10 horas ocurre un feminicidio en me xico cepal proceso,cada 10 horas ocurre un feminicidio en me xico cepal proceso,cada 10 horas ocurre un feminicidio en me xico cepal proceso cada 10 horas ocurre un feminicidio en me xico cepal proceso cada 10 horas ocurre un feminicidio en me xico cepal proceso,3,0.832309824628438,feminicidio vi nin vi ctimas ctimas,289,0.08700689084749019,0.0023575064053929598,0.1824,Baja
Una ley para apoyar a los huérfanos de feminicidio en Colombia - RTVE.es,Una ley para apoyar a los huérfanos de feminicidio en Colombia RTVE.es,https://news.google.com/rss/articles/CBMipAFBVV95cUxNTzdDa1AzZmM2Z1Z5QTg1M0ZuclE5ZEhJNlZVUHJ4aEdZSV9uVHZDWVc5RFYzNVVxNE5NdWh5dDNqUm9oSUxoeG11QWR3Y3NlU1p5bmg4NEl5bTJEc29YRmwwNE45d2FZWVJPakhqNnBkOWVkaU9kMmxqTjlNVVZsR3FIei11SExub1laR3J5ZlZZZ2pmVl8zWEpONFVmNkoyeHJVdg?oc=5,https://news.google.com/rss/search?q=feminicidio+menores+hu%C3%A9rfanos&hl=es-419&gl=MX&ceid=MX:es-419,2025-11-23T08:00:00+00:00,0.5,0.0,0.3025,Media,No,3,una ley para apoyar a los hue rfanos de feminicidio en colombia rtve es,una ley para apoyar a los hue rfanos de feminicidio en colombia rtve es,una ley para apoyar a los hue rfanos de feminicidio en colombia rtve es una ley para apoyar a los hue rfanos de feminicidio en colombia rtve es una ley para apoyar a los hue rfanos de feminicidio en colombia rtve es,3,0.8107937102425546,feminicidio vi nin vi ctimas ctimas,289,0.40347250898868803,0.0028255436124695653,0.1826,Baja
"25N: La desaparición de niñas y mujeres es violencia feminicida: 80 víctimas al día, 16 por ciento más en el primer año del gobierno - SemMéxico","25N: La desaparición de niñas y mujeres es violencia feminicida: 80 víctimas al día, 16 por ciento más en el primer año del gobierno SemMéxico",https://news.google.com/rss/articles/CBMi5gFBVV95cUxNNjN1ZWl2TlZOZUpweDJhQUp4WmRXYVQ2UE5OTi1ieTNKb01NaTU2VEdwdjFnQXY3TUpUSzctRG4xemxxOTVXcUJaQ201V1h3MHo2eGY3Q3Rpdk1xS3JBQUFCX05Yd3dfYUVuZklVX2FqTjZScTVvRjFlaUV5Q0FEcFBwLXJKeUFWWVVfbURQNVotVHJ3bHRIeTdTdllZdUYwS3JHX2NFWFY4TVJrb3Zlb1Zza0p2dWFWbnk4NUhCRm1iNDFXX3JOVTMzLTI0cG4zZ0tJbzBpNFBsc0UxSXAwb0dEMEtkdw?oc=5,https://news.google.com/rss/search?q=%22violencia+feminicida%22+ni%C3%B1os&hl=es-419&gl=MX&ceid=MX:es-419,2025-11-20T08:00:00+00:00,0.5,0.0,0.3025,Media,No,2,25n la desaparicio n de nin as y mujeres es violencia feminicida 80 vi ctimas al di a 16 por ciento ma s en el primer an o del gobierno semme xico,25n la desaparicio n de nin as y mujeres es violencia feminicida 80 vi ctimas al di a 16 por ciento ma s en el primer an o del gobierno semme xico,25n la desaparicio n de nin as y mujeres es violencia feminicida 80 vi ctimas al di a 16 por ciento ma s en el primer an o del gobierno semme xico 25n la desaparicio n de nin as y mujeres es violencia feminicida 80 vi ctimas al di a 16 por ciento ma s en el primer an o del gobierno semme xico 25n la desaparicio n de nin as y mujeres es violencia feminicida 80 vi ctimas al di a 16 por ciento ma s en el primer an o del gobierno semme xico,4,0.8904881833470563,hue hue rfanos rfanos feminicidio rfanos feminicidio,175,0.07589403245185088,0.045043406373331124,0.1995,Baja
"Feminicidio infantil conmociona a Juchitán: Noelia, de cuatro años, fue asesinada tras ser secuestrada - El Sol de México","Feminicidio infantil conmociona a Juchitán: Noelia, de cuatro años, fue asesinada tras ser secuestrada El Sol de México",https://news.google.com/rss/articles/CBMi4gFBVV95cUxQdWFCZTFvRDhfNnhoQThjX0VJMWlIcHExZzRYSnpNdEFjTTFMcW91cXhiZWh6LXJuVVFRRGFzVzZwMmZGNU05RUZKM2EzWEZKbVJmdWNGRGpIeHdYd2dVSUhXaW9QUDZEMjBBc2dkNjhQamtHY0F0X25hbm1ET25SWGF3SzdOYTA5VEg2LVU1bEhyUlJPYS1WWTFyazhNeFlTcERaMDhrRUM0b1k0ZEQzaDBBcEpWRG9ESnRrTXJpSUo4Q1hvS1NyLWhDeXZuY1JvRjNEcmlpS3ZNSTJ4ZWZrZnln?oc=5,https://news.google.com/rss/search?q=feminicidio+ni%C3%B1os+ni%C3%B1as&hl=es-419&gl=MX&ceid=MX:es-419,2025-11-12T08:00:00+00:00,0.5,0.3103,0.707,Alta,Si,1,feminicidio infantil conmociona a juchita n noelia de cuatro an os fue asesinada tras ser secuestrada el sol de me xico,feminicidio infantil conmociona a juchita n noelia de cuatro an os fue asesinada tras ser secuestrada el sol de me xico,feminicidio infantil conmociona a juchita n noelia de cuatro an os fue asesinada tras ser secuestrada el sol de me xico feminicidio infantil conmociona a juchita n noelia de cuatro an os fue asesinada tras ser secuestrada el sol de me xico feminicidio infantil conmociona a juchita n noelia de cuatro an os fue asesinada tras ser secuestrada el sol de me xico,3,0.866893999538128,feminicidio vi nin vi ctimas ctimas,172,0.1835079686903051,0.002109023282906641,0.425,Alta
Ley en vigencia protege a hijos de mujeres víctimas de feminicidio - Opinión Bolivia,Ley en vigencia protege a hijos de mujeres víctimas de feminicidio Opinión Bolivia,https://news.google.com/rss/articles/CBMixAFBVV95cUxQZmNwM0I1cUJtREphWklhWFVLM2pIQV9TVElwcEM3NXREbFpuSmp0a2RidHdLbmUwOWoxeFRHWndHZmNiaURGMDZYVEpoaVE1VmgwYWhVTUFhRHRMRlJiVlRPbFNNWEdVTmctbkJ6d0U1M1JEMkVyT2Y1NXhIQk1NeEt4cVgxTDRiaEg5NEZUQ3JqSTFJT184cWVoYlV1UVdfMW14Q2tWS1lZUjJoLVhzT2VZSmxrM2FZQS1abnQ3aHlxZF9r0gHKAUFVX3lxTFBEV093MVVjR09DZHR1S1VLb0hKZFZiYUdJcDI3cnhwbzZSRHZHX1o0Wm9ydWxYTnZqdVBSS0pOcjhxVDFmQUY5U1ZhS2JrbWlWb0hfV1lNNEtaanczZTE5MXZnUkE5VzZNc2NKMldaN2x3SER1VGhsUkVCZkdHRHFQTHFmcU54TnEtYS1DMlZUVTRKV2Y3NHlld0IzNThjTXloemwzbk5GSURtVTJabFkycHpPa2YyY2tsUWVtT1RQM0VrNkxjbE1FdUE?oc=5,https://news.google.com/rss/search?q=feminicidio+hijos+hu%C3%A9rfanos&hl=es-419&gl=MX&ceid=MX:es-419,2025-11-07T08:00:00+00:00,0.5,0.375,0.8254,Alta,Si,0,ley en vigencia protege a hijos de mujeres vi ctimas de feminicidio opinio n bolivia,ley en vigencia protege a hijos de mujeres vi ctimas de feminicidio opinio n bolivia,ley en vigencia protege a hijos de mujeres vi ctimas de feminicidio opinio n bolivia ley en vigencia protege a hijos de mujeres vi ctimas de feminicidio opinio n bolivia ley en vigencia protege a hijos de mujeres vi ctimas de feminicidio opinio n bolivia,3,0.8550281386193104,feminicidio vi nin vi ctimas ctimas,278,0.28462616717979766,0.01744369072080828,0.5022,Alta
Promulgan la Ley de Protección para Hijas e Hijos Huérfanos de Feminicidio - Opinión Bolivia,Promulgan la Ley de Protección para Hijas e Hijos Huérfanos de Feminicidio Opinión Bolivia,https://news.google.com/rss/articles/CBMiwwFBVV95cUxQZ3ljc3pGNXNaTldxYUI0eTVFZ2hSVXdKZXFXZjNIZ1ptYXpxeHVCcVUyWFJnbmltV2I1QkRxV09Ndkpjb0czdWdxTEJfUk5zd3k2aGxoeVdEUkx6blpVcUpTbGY4b3EtcU00bkRxb3RmT0lwNFhRXzEwRVU3bEo5X2N5WDVHakU1SkxINUlpUXVWbTVUQ25HeE91a3pMcGYyT1U0ejdZSklDSWhDSEhvUDViSTMwMURYbERyalJEVUtjYnfSAcgBQVVfeXFMTU1ueVA3SExVMXJrVEFBSWU5TDRqbGxybk9wNlZuWDI4WEZEV2N1ZEhkX0c3ajZ2UVVlTV81UkpmenM4WXFLYXRQVEhlQVROVkJaQmdMdUdodnprOWNpWFltemNfakVnOUhxUDBMN0oxVHlDOUUzXzZLT25OTUVXNm9FSjdNYk9QcnJ1UFkzc3U2MUpvSlRkU2hqcC1mX1pLYzZxdWZack9MaURqNE9RVFdWSGZRQzBoMzgzNExqMEp5VHYtMk54Yno?oc=5,https://news.google.com/rss/search?q=feminicidio+hijos+hu%C3%A9rfanos&hl=es-419&gl=MX&ceid=MX:es-419,2025-11-06T08:00:00+00:00,0.5,0.5455,0.968,Alta,Si,3,promulgan la ley de proteccio n para hijas e hijos hue rfanos de feminicidio opinio n bolivia,promulgan la ley de proteccio n para hijas e hijos hue rfanos de feminicidio opinio n bolivia,promulgan la ley de proteccio n para hijas e hijos hue rfanos de feminicidio opinio n bolivia promulgan la ley de proteccio n para hijas e hijos hue rfanos de feminicidio opinio n bolivia promulgan la ley de proteccio n para hijas e hijos hue rfanos de feminicidio opinio n bolivia,3,0.8592821746449594,feminicidio vi nin vi ctimas ctimas,106,0.371819773535841,0.045719186008202406,0.5991,Alta
Entra en vigencia la ley de protección integral para huérfanos víctimas de feminicidio - elfulgor.com,Entra en vigencia la ley de protección integral para huérfanos víctimas de feminicidio elfulgor.com,https://news.google.com/rss/articles/CBMiwwFBVV95cUxObjdjbmZCUUd2cDZBeklmcmFyU0NpT0g5SUp2b2RWWkw4VGpPNUdvNlR2clUxX0lwVjlNTndjYmF1V056ck1LVnZ5LUloTHBveWFEdVlHNGlrYTlZWmlpZU9PWlR1VkF2eVlzTXl3a3lwVzBHcEhzQUNBYmFTb0tUdU5NNkVzYW5jWFNzX0xOLXV3NHcxZTB2dHJvYUFPaUxBRnd5VzBzYWpDU3lyX1hPNEtEVDJxUkt0Rk94MGlSdnNkdEk?oc=5,https://news.google.com/rss/search?q=feminicidio+hijos+hu%C3%A9rfanos&hl=es-419&gl=MX&ceid=MX:es-419,2025-11-06T08:00:00+00:00,0.5,0.0,0.3025,Media,No,3,entra en vigencia la ley de proteccio n integral para hue rfanos vi ctimas de feminicidio elfulgor com,entra en vigencia la ley de proteccio n integral para hue rfanos vi ctimas de feminicidio elfulgor com,entra en vigencia la ley de proteccio n integral para hue rfanos vi ctimas de feminicidio elfulgor com entra en vigencia la ley de proteccio n integral para hue rfanos vi ctimas de feminicidio elfulgor com entra en vigencia la ley de proteccio n integral para hue rfanos vi ctimas de feminicidio elfulgor com,3,0.8584491008169718,feminicidio vi nin vi ctimas ctimas,101,0.4211968028293485,0.0019371777969438935,0.1823,Baja
Arce promulga ley que otorga bono y atención a huérfanos de feminicidio - La Razón Digital Bolivia,Arce promulga ley que otorga bono y atención a huérfanos de feminicidio La Razón Digital Bolivia,https://news.google.com/rss/articles/CBMisAFBVV95cUxOeW42SEdmd3hkYnlWX1JlTERpOE12S3RiRUNHTVZiTWNxeVhTTVlDVG45eHoyODRxVTQwSnJMTGpYWnJJaWRvME5tajUzdE9nX0ozOE1SVHBkZnVLSlFzTFVsQ0RfMGJONWlPbFlua0hmZHZUNU9aMFVWZldnbXdYU255RmtfaEhfSDdhc3RRM2JNVGMwTXAza3BQQ3N3dXgwZC1GV05LNEFEeVAzeTVqVA?oc=5,https://news.google.com/rss/search?q=feminicidio+hijos+hu%C3%A9rfanos&hl=es-419&gl=MX&ceid=MX:es-419,2025-11-06T08:00:00+00:00,0.5,0.0,0.3025,Media,No,3,arce promulga ley que otorga bono y atencio n a hue rfanos de feminicidio la razo n digital bolivia,arce promulga ley que otorga bono y atencio n a hue rfanos de feminicidio la razo n digital bolivia,arce promulga ley que otorga bono y atencio n a hue rfanos de feminicidio la razo n digital bolivia arce promulga ley que otorga bono y atencio n a hue rfanos de feminicidio la razo n digital bolivia arce promulga ley que otorga bono y atencio n a hue rfanos de feminicidio la razo n digital bolivia,2,0.8563708497583495,feminicidio hue rfanos rfanos hue rfanos feminicidio,216,0.19629490860081117,0.0019047911878091826,0.1823,Baja
Documentos urgentes: Esta es la ley para proteger huérfanos de víctimas de feminicidio - Urgentebo,Documentos urgentes: Esta es la ley para proteger huérfanos de víctimas de feminicidio Urgentebo,https://news.google.com/rss/articles/CBMixAFBVV95cUxNS3pWS3Q3OWxyVFJma2tmVGVyUi1iSHRjdDUwUHRONWJaNUVzcjM1YklhSnptWktKTk1LamlmaE1nQjVHYXczY05sczd3SUxOWjdUczFZbTB5U1g1Wmc0dmxVWjlMRkRxZm5KdktWNE1rWF9nSVRncC1zMHFLMnRKd3pNV3hiczJRS2JzLV9FNnBQU1FJTS05bDhodEhGOGJuemZWc2RXTDQ2eTFIVkJOZzJwdFY0T3lUQ3VpYzlyUDFrcXQ4?oc=5,https://news.google.com/rss/search?q=feminicidio+hijos+hu%C3%A9rfanos&hl=es-419&gl=MX&ceid=MX:es-419,2025-11-06T08:00:00+00:00,0.5,0.0,0.3025,Media,No,3,documentos urgentes esta es la ley para proteger hue rfanos de vi ctimas de feminicidio urgentebo,documentos urgentes esta es la ley para proteger hue rfanos de vi ctimas de feminicidio urgentebo,documentos urgentes esta es la ley para proteger hue rfanos de vi ctimas de feminicidio urgentebo documentos urgentes esta es la ley para proteger hue rfanos de vi ctimas de feminicidio urgentebo documentos urgentes esta es la ley para proteger hue rfanos de vi ctimas de feminicidio urgentebo,2,0.8503001227480943,feminicidio hue rfanos rfanos hue rfanos feminicidio,97,0.47921145647494234,0.0021523972626039008,0.1824,Baja
Presidente saliente de Bolivia promulga ley que protege a huérfanos por feminicidio - El Nuevo Diario (República Dominicana),Presidente saliente de Bolivia promulga ley que protege a huérfanos por feminicidio El Nuevo Diario (República Dominicana),https://news.google.com/rss/articles/CBMilwFBVV95cUxNVzlSZkxPa3B0UHB4U0R6UHpNVlFoYnlCQzk3T1p6UWRnbUE1NWpIWklaT0VLUmdOM0c2cHZMUldQVS1ia1d5di1zWG5VWVU3WkdMMWJfU00yazRRcnl6Z2t2NUJqcENVQlY1WVBCX2ZRVVVGS2QwT1hOMnpuRTRqNWstSVJrXzlfcXIzaFNDck1VVEdQWDFj?oc=5,https://news.google.com/rss/search?q=feminicidio+hijos+hu%C3%A9rfanos&hl=es-419&gl=MX&ceid=MX:es-419,2025-11-06T08:00:00+00:00,0.5,0.0,0.3025,Media,No,3,presidente saliente de bolivia promulga ley que protege a hue rfanos por feminicidio el nuevo diario repu blica dominicana,presidente saliente de bolivia promulga ley que protege a hue rfanos por feminicidio el nuevo diario repu blica dominicana,presidente saliente de bolivia promulga ley que protege a hue rfanos por feminicidio el nuevo diario repu blica dominicana presidente saliente de bolivia promulga ley que protege a hue rfanos por feminicidio el nuevo diario repu blica dominicana presidente saliente de bolivia promulga ley que protege a hue rfanos por feminicidio el nuevo diario repu blica dominicana,1,0.8797294566141249,feminicidio ctimas vi ctimas vi rfanos,22,0.32733262502494986,0.0016411505630877954,0.1822,Baja
En Bolivia rige la ley que protege a huérfanos por feminicidio y crea un bono mensual - Urgentebo,En Bolivia rige la ley que protege a huérfanos por feminicidio y crea un bono mensual Urgentebo,https://news.google.com/rss/articles/CBMiuwFBVV95cUxPeHl5aWtCckNTaXl1ZEJld0JfbDZHOUpNRmJUdTVveXh1cVdyOG1oRF9vdEJpYnV5OXRKNXUwVDlZdU9rT2g1TEF3LXFRamdsUDBObDNET0xDWHFUUDE1QlpQOFdHMXVUV09QWkNLSkhBeVZjWk9FX0pNZFhzOWREVGdZYkRGblE1cm5SV0JWVGF5ZjRLWlItZ1FkeC16WDQxdl93MDUtZEhhT0MxU1dqcDQ0WmRDTjhNdzd3?oc=5,https://news.google.com/rss/search?q=feminicidio+hijos+hu%C3%A9rfanos&hl=es-419&gl=MX&ceid=MX:es-419,2025-11-06T08:00:00+00:00,0.5,0.0,0.3025,Media,No,3,en bolivia rige la ley que protege a hue rfanos por feminicidio y crea un bono mensual urgentebo,en bolivia rige la ley que protege a hue rfanos por feminicidio y crea un bono mensual urgentebo,en bolivia rige la ley que protege a hue rfanos por feminicidio y crea un bono mensual urgentebo en bolivia rige la ley que protege a hue rfanos por feminicidio y crea un bono mensual urgentebo en bolivia rige la ley que protege a hue rfanos por feminicidio y crea un bono mensual urgentebo,1,0.8542335251870175,feminicidio ctimas vi ctimas vi rfanos,100,0.32822184182223957,0.001924714150957662,0.1823,Baja
Entregan reconocimiento a diputada Yañiquez por su apoyo a la Ley de Protección a Huérfanos de Femicidio - EJU.TV,Entregan reconocimiento a diputada Yañiquez por su apoyo a la Ley de Protección a Huérfanos de Femicidio EJU.TV,https://news.google.com/rss/articles/CBMixwFBVV95cUxNR1pXSC1BR3Bpb1BsQzZ5c1hlaWpidkYxdTRWOXgwVEdXMTJnTXRGbU5VN0RzV0R0QnVMWXNXajFMOWw2MGRvQ21neGVvUlNxU2xjdS1zX3VhOTJoRE1MeS1qQW5NU201dVRkZVg3amZvWXVQeldxQ2VmRHU2LTBIR3Rfc3EzQlVfS2kwWVRLYnhqMEtfWGRRdzdLRHN2YVlteEZBRFhCNktqNmowMWtwWWZldHc5WTZTRW9pNTZTeGdEUmtPdlBB?oc=5,https://news.google.com/rss/search?q=feminicidio+hijos+hu%C3%A9rfanos&hl=es-419&gl=MX&ceid=MX:es-419,2025-11-06T08:00:00+00:00,0.5,0.0,0.3025,Media,No,3,entregan reconocimiento a diputada yan iquez por su apoyo a la ley de proteccio n a hue rfanos de femicidio eju tv,entregan reconocimiento a diputada yan iquez por su apoyo a la ley de proteccio n a hue rfanos de femicidio eju tv,entregan reconocimiento a diputada yan iquez por su apoyo a la ley de proteccio n a hue rfanos de femicidio eju tv entregan reconocimiento a diputada yan iquez por su apoyo a la ley de proteccio n a hue rfanos de femicidio eju tv entregan reconocimiento a diputada yan iquez por su apoyo a la ley de proteccio n a hue rfanos de femicidio eju tv,3,0.8638719353315469,feminicidio vi nin vi ctimas ctimas,107,0.31361432995686156,0.022340969903320906,0.1904,Baja
Una mercancía cultural llamada feminicidio. Entrevista con Lydiette Carrión - Gato Pardo,Una mercancía cultural llamada feminicidio. Entrevista con Lydiette Carrión Gato Pardo,https://news.google.com/rss/articles/CBMirwFBVV95cUxNX0p3SFluOXZkZDFSMlVTV0tlWE9GZ2VpM1NGa2N0UEFlOF9ueTNnSF9jMXVITVp2MkI4cWtLWUhFeXN2SC1HQWNUU09HRGFaWnY1dVdhQ3BfMUxRTDNqY1pBdHNySndfU3NTOTNaRG5iNTV2TG1GMzQzdUZvdFVBUDN6M29GSTJ2dlBxUlotUUNWeGRSYUxra0RINF83dWlQcUlpYWZvYjJnWGhfZnVv?oc=5,https://news.google.com/rss/search?q=feminicidio+M%C3%A9xico&hl=es-419&gl=MX&ceid=MX:es-419,2025-11-04T08:00:00+00:00,0.5,0.0,0.3025,Media,No,1,una mercanci a cultural llamada feminicidio entrevista con lydiette carrio n gato pardo,una mercanci a cultural llamada feminicidio entrevista con lydiette carrio n gato pardo,una mercanci a cultural llamada feminicidio entrevista con lydiette carrio n gato pardo una mercanci a cultural llamada feminicidio entrevista con lydiette carrio n gato pardo una mercanci a cultural llamada feminicidio entrevista con lydiette carrio n gato pardo,2,0.8304271806520858,feminicidio hue rfanos rfanos hue rfanos feminicidio,344,0.0037121002272200577,0.002364171686268726,0.1824,Baja
Altar nacional por las víctimas de feminicidio en México - Telemundo San Diego,Altar nacional por las víctimas de feminicidio en México Telemundo San Diego,https://news.google.com/rss/articles/CBMiqwFBVV95cUxPdUFPOENYa2pubGpMeXRvMndrSEViVTVuVFJPNWxYSk1CRmRmUFB3dG5XWnVILVhKbmdqck5BWTRyLTFjWmFrN251OEgzMW5kMHdNbVVoWmRSdlMyT0NlcV8ydDduUTFPelQ3aXBmblVqakZGeEQyUmp6RTYxUE1BdXBYLVJjVWF2SWRFWm5taE5TU1BoRzFjdVZIVjZPeTJqeGpCMEp4VG1BcW_SAbMBQVVfeXFMT25IVFNmZ2FLcUZwTnIxbi1hNUw2NWM3amwxZWUzVjBqcEw5V0dsM0ZDeFEzbDMxNlBZbTZZb19pU0s4RERxRXJjdFBlMElCSUdCUXd6dHlzNnN4ckd2eks1ck9HUU5OREVfQV9RQktubHQ5dFpnUUVDNmR5ajN0OWVBZWlRaW1RTUpRSVR6dE5zSGZ4d291clNXSHJoQnBBbG12RlJFeTVzR05YN25tMEg0eXc?oc=5,https://news.google.com/rss/search?q=feminicidio+M%C3%A9xico&hl=es-419&gl=MX&ceid=MX:es-419,2025-11-02T07:00:00+00:00,0.5,0.0,0.3025,Media,No,0,altar nacional por las vi ctimas de feminicidio en me xico telemundo san diego,altar nacional por las vi ctimas de feminicidio en me xico telemundo san diego,altar nacional por las vi ctimas de feminicidio en me xico telemundo san diego altar nacional por las vi ctimas de feminicidio en me xico telemundo san diego altar nacional por las vi ctimas de feminicidio en me xico telemundo san diego,1,0.835350863506598,feminicidio ctimas vi ctimas vi rfanos,352,0.21772628464800878,0.0024968768668097497,0.1825,Baja
Matan a una mujer en la Álvaro Obregón; es el tercer feminicidio en 10 días en la CDMX - Proceso,Matan a una mujer en la Álvaro Obregón; es el tercer feminicidio en 10 días en la CDMX Proceso,https://news.google.com/rss/articles/CBMi3wFBVV95cUxQbWxIMkp4am1HMy14ek1qUWQzaEtnVUUtSmdfb2tVNGt4MS1lMlUwWjIweDQ5bEQ5X0YzSXhPbzI5c1U4dFA1TUdOQzRKdzFPSzJUMThwcDJUUm1SR3d4bjBveWNHU0hXYTN5SXdZRnVveVUyOUtSWmVNdHlKcld2TDl0dTh3eGJuRURrRFVxZllHMmlmNjF5aGF6QjNyWkhHV3Z5cU1xNXgwNE9mQzdwSzc2RmQ2eFNfNl9ycENseG5VendaSUU5Z3U1bkxLNWtPTUVYODNDSHdPUURnUnkw0gHfAUFVX3lxTFBtbEgySnhqbUczLXh6TWpRZDNoS2dVRS1KZ19va1U0a3gxLWUyVTBaMjB4NDlsRDlfRjNJeE9vMjlzVTh0UDVNR05DNEp3MU9LMlQxOHBwMlRSbVJHd3huMG95Y0dTSFdhM3lJd1lGdW95VTI5S1JaZU10eUpyV3ZMOXR1OHd4Ym5FRGtEVXFmWUcyaWY2MXloYXpCM3JaSEdXdnlxTXE1eDA0T2ZDN3BLNzZGZDZ4U182X3JwQ2x4blV6d1pJRTlndTVuTEs1a09NRVg4M0NId09RRGdSeTA?oc=5,https://news.google.com/rss/search?q=feminicidio+M%C3%A9xico&hl=es-419&gl=MX&ceid=MX:es-419,2025-11-01T07:00:00+00:00,0.5,0.0,0.3025,Media,No,1,matan a una mujer en la a lvaro obrego n es el tercer feminicidio en 10 di as en la cdmx proceso,matan a una mujer en la a lvaro obrego n es el tercer feminicidio en 10 di as en la cdmx proceso,matan a una mujer en la a lvaro obrego n es el tercer feminicidio en 10 di as en la cdmx proceso matan a una mujer en la a lvaro obrego n es el tercer feminicidio en 10 di as en la cdmx proceso matan a una mujer en la a lvaro obrego n es el tercer feminicidio en 10 di as en la cdmx proceso,3,0.8554465287813107,feminicidio vi nin vi ctimas ctimas,353,0.1377690438124615,0.04128530078308216,0.198,Baja
Senado sanciona ley para huérfanos por feminicidio y la remite al Órgano Ejecutivo - Opinión Bolivia,Senado sanciona ley para huérfanos por feminicidio y la remite al Órgano Ejecutivo Opinión Bolivia,https://news.google.com/rss/articles/CBMizAFBVV95cUxQdnZUeUpXb0NobW1DTzFocldzMl9CWGl1LUNGYUI5aFJkLU5HcW1lR2ZzbENBOWNRY1hVNHpKWnJ3RFdYTHU1di1EMmRCaWpOMzdjX2Q4Q183bFBpNlFCRTVOSC1zbUd1LWdvZXFlMDBudGg5NldIV1BDRHItZlAzdUZFMC1KRVpTRHRTWWJvVWxTNjQzSkFPdk4xNkhueGg1eEN4NzVwejhoN2RJS3RtQXVTZDZGWGFURGphczdEZDZQVTBPZVcwMU1pNHXSAdIBQVVfeXFMTmduMUdxdDNrZUdLaXItSnE3ZG0tMVV6LUpWRTlXaXpDd2ZOVjhZMmdJTElJb0ltUFVodThQZnVDaWc1VmFtUm8wNVNRNkJ6SXphN0dnVDZ1OU5kTmpESjBVUWRLaFEzeVFLdG90Wm9QcExERVN0ZmhMYWZLc3dFR25JRGNocHJhaWFRNVRWRHFCeVhhekJ1OENQQzF0S2pMdHRuaGxITFF4akUxaERFTktzMGtDenJkdjZOZndGOUl3LWZVNy10VkFYY1VtVEJVZVBn?oc=5,https://news.google.com/rss/search?q=feminicidio+hijos+hu%C3%A9rfanos&hl=es-419&gl=MX&ceid=MX:es-419,2025-10-31T07:00:00+00:00,0.5,0.0,0.3025,Media,No,3,senado sanciona ley para hue rfanos por feminicidio y la remite al o rgano ejecutivo opinio n bolivia,senado sanciona ley para hue rfanos por feminicidio y la remite al o rgano ejecutivo opinio n bolivia,senado sanciona ley para hue rfanos por feminicidio y la remite al o rgano ejecutivo opinio n bolivia senado sanciona ley para hue rfanos por feminicidio y la remite al o rgano ejecutivo opinio n bolivia senado sanciona ley para hue rfanos por feminicidio y la remite al o rgano ejecutivo opinio n bolivia,2,0.8589106215734317,feminicidio hue rfanos rfanos hue rfanos feminicidio,101,0.335418554077174,0.0018568029684046976,0.1822,Baja
Senado aprueba por unanimidad la “Ley de Protección para Huérfanos Víctimas de Feminicidio” - Red Uno,Senado aprueba por unanimidad la “Ley de Protección para Huérfanos Víctimas de Feminicidio” Red Uno,https://news.google.com/rss/articles/CBMi1gFBVV95cUxPeW14all1dlIzWU9YanVGSTY3OXUwX0pYRjJlWVlya0llU05TUkRIN3AxWWxNeXZ1M1NkZXRXNmNEaWVQTWUtS0FxNEU1enhpVi1LSmdaT1N4UjZkUjdPYWFkbmlpUE01SFJtMXZ4eGhETVp3ZS1uTGNaNHBhcTdPTWdwRmVoaWRiTUZGQk8tWlp1ZTN2Y2Zoc3pLRUVacjdZTzNKNWRMdXlQX2p4Qm0yZjRkMThkVGpBMWNkT0NvQk9jMVNqRUE2SzJSYzk2WXRwMW5nYW93?oc=5,https://news.google.com/rss/search?q=feminicidio+hijos+hu%C3%A9rfanos&hl=es-419&gl=MX&ceid=MX:es-419,2025-10-30T07:00:00+00:00,0.5,0.0,0.3025,Media,No,3,senado aprueba por unanimidad la ley de proteccio n para hue rfanos vi ctimas de feminicidio red uno,senado aprueba por unanimidad la ley de proteccio n para hue rfanos vi ctimas de feminicidio red uno,senado aprueba por unanimidad la ley de proteccio n para hue rfanos vi ctimas de feminicidio red uno senado aprueba por unanimidad la ley de proteccio n para hue rfanos vi ctimas de feminicidio red uno senado aprueba por unanimidad la ley de proteccio n para hue rfanos vi ctimas de feminicidio red uno,1,0.8623636213030649,feminicidio ctimas vi ctimas vi rfanos,97,0.48636602685559943,0.0020625615556673312,0.1823,Baja
Sancionan ley que protege a huérfanos de feminicidio - El País Tarija,Sancionan ley que protege a huérfanos de feminicidio El País Tarija,https://news.google.com/rss/articles/CBMimAFBVV95cUxONUZwNjVWX0ZQTVRmb0NNWnlVdUJ0RlBwQ0xBUUo3V0FDTkxzN0xQQ09HZWw3dTN1WFdtaWNlcmJxZUlIOUt2cFBqVWZNakZUeldGU3ZybHhqd1dYNlFRb2llM05TWHpZNERzMUJHRjRrMkZYbk9Na1pMZXNYZ1lPbTZ3N3B1WlJtT0lWZTM0b0ZHcnlrNnV2ag?oc=5,https://news.google.com/rss/search?q=feminicidio+hijos+hu%C3%A9rfanos&hl=es-419&gl=MX&ceid=MX:es-419,2025-10-30T07:00:00+00:00,0.5,0.0,0.3025,Media,No,3,sancionan ley que protege a hue rfanos de feminicidio el pai s tarija,sancionan ley que protege a hue rfanos de feminicidio el pai s tarija,sancionan ley que protege a hue rfanos de feminicidio el pai s tarija sancionan ley que protege a hue rfanos de feminicidio el pai s tarija sancionan ley que protege a hue rfanos de feminicidio el pai s tarija,4,0.8383990408336929,hue hue rfanos rfanos feminicidio rfanos feminicidio,85,0.32822184182223957,0.0024565223550730934,0.1825,Baja
"Senado sanciona ley para huérfanos por feminicidio que garantiza bono mensual, salud, educación y apoyo psicológico - EJU.TV","Senado sanciona ley para huérfanos por feminicidio que garantiza bono mensual, salud, educación y apoyo psicológico EJU.TV",https://news.google.com/rss/articles/CBMi0wFBVV95cUxOZGgtTEN2bG5IRXBWUDZfck96Qkx4TTdDcmdsS3pscy1QR0hjYUtIMUdyY2tqczdyZ2ZBajlhWnZsTmFBamJOdnhGZjBzcVBZeDBYeERqMWdzZUhGaXRucHBKMzBzdDV4R1VrXzlKcWFTSEV5dmNEcEVCaWsyaWJIZTEwZnlUX3ViOFFmdkNzazVMZzV6WldpR3dkeFBIcEM1MmZOcDJ5c1hXeDlkcko1OTlQYi1kTnl3ZDlYQ1lPSnEwNlA0d2ZMZkd4TVJuS19QWlhZ?oc=5,https://news.google.com/rss/search?q=feminicidio+hijos+hu%C3%A9rfanos&hl=es-419&gl=MX&ceid=MX:es-419,2025-10-30T07:00:00+00:00,0.5,0.0,0.3025,Media,No,3,senado sanciona ley para hue rfanos por feminicidio que garantiza bono mensual salud educacio n y apoyo psicolo gico eju tv,senado sanciona ley para hue rfanos por feminicidio que garantiza bono mensual salud educacio n y apoyo psicolo gico eju tv,senado sanciona ley para hue rfanos por feminicidio que garantiza bono mensual salud educacio n y apoyo psicolo gico eju tv senado sanciona ley para hue rfanos por feminicidio que garantiza bono mensual salud educacio n y apoyo psicolo gico eju tv senado sanciona ley para hue rfanos por feminicidio que garantiza bono mensual salud educacio n y apoyo psicolo gico eju tv,2,0.8793686844736405,feminicidio hue rfanos rfanos hue rfanos feminicidio,95,0.30718709208437844,0.0015332168524525315,0.1821,Baja
Senado sanciona ley de protección para huérfanos de víctimas de feminicidio - Urgentebo,Senado sanciona ley de protección para huérfanos de víctimas de feminicidio Urgentebo,https://news.google.com/rss/articles/CBMivgFBVV95cUxOUWdRQi1fWE94eGtjUE5kLXdmN2ZVaUZPeExad1NFUDJNdk1xSXBxVC0tMzA3NnBnZnVva1p6TC10aHNablVUeW1ZNzdzNUZycWRfNHlSNFNmRHBVV09fdEt4OG1aNi1pMlJBNWU5V0dOUVVlT2wzaXMyeTJFRzRxSm1hUlZfXy1nZ0xTNjBoZjNaOS1UcEhqSDdteXJBWTItYm0zMDZUd3ZuYi1Ib19KUkpiX2ZzMUdnQ2Q3Wl9R?oc=5,https://news.google.com/rss/search?q=feminicidio+hijos+hu%C3%A9rfanos&hl=es-419&gl=MX&ceid=MX:es-419,2025-10-30T07:00:00+00:00,0.5,0.0,0.3025,Media,No,3,senado sanciona ley de proteccio n para hue rfanos de vi ctimas de feminicidio urgentebo,senado sanciona ley de proteccio n para hue rfanos de vi ctimas de feminicidio urgentebo,senado sanciona ley de proteccio n para hue rfanos de vi ctimas de feminicidio urgentebo senado sanciona ley de proteccio n para hue rfanos de vi ctimas de feminicidio urgentebo senado sanciona ley de proteccio n para hue rfanos de vi ctimas de feminicidio urgentebo,2,0.8586593263724194,feminicidio hue rfanos rfanos hue rfanos feminicidio,98,0.48636602685559943,0.002329849486746653,0.1824,Baja
Senado aprueba ley de protección integral para huérfanos de feminicidio en Bolivia - Opinión Bolivia,Senado aprueba ley de protección integral para huérfanos de feminicidio en Bolivia Opinión Bolivia,https://news.google.com/rss/articles/CBMi1gFBVV95cUxOOGcyWVV3RThFSjZEMXU1RmJYYzY3bVh0eDg3cFQxbFh5aktLWlg5eXIzWE1USjM3cExWcVNzNkRXMEVGVGVWeXhVVFRFM2xmajBYUWlaNFA1YTI4TWdZMEtqOHdfd285a05KYnFnYXU5N0ZabVlNV2U5aXBTbzc3bWgyc1p6dzZlOEloSTZVel9UUDExX2U4cHRJZ2JXRUp4Ylc5M2FiM2licXlReExXZzY2amNOSHZOV2FiWnotaW9WcUZkd2dLNFZMN3NibGI5STBnd0dB0gHbAUFVX3lxTE1vTGJsSFVYRURlWVI3ZVJuQjFLcWFTZDlsUjVVMGhubUFNMEs1M3ZFUFFyTjVCSG5ldS1pTWd2TjJMV0xKRmxVN0t3NWJpaDlZNDBmc3lkVnc4aHFiTFJGX2xLNjBiX0wwQjdWcExXSEg4QzlfZkhlcGRma3dOaDY4VHIzd0F2dFZMUHAyZTFpLWNkZkdxVENoQ1pUbjZsUVUxd0s4WE5NMkJ2N3JxTmJ0MEozZ21HNVFDMDJMS0x6bXFkQXlkUm1FSWdrWEhyS0MxcFg5Ukw2TlE2bw?oc=5,https://news.google.com/rss/search?q=feminicidio+hijos+hu%C3%A9rfanos&hl=es-419&gl=MX&ceid=MX:es-419,2025-10-30T07:00:00+00:00,0.5,0.0,0.3025,Media,No,3,senado aprueba ley de proteccio n integral para hue rfanos de feminicidio en bolivia opinio n bolivia,senado aprueba ley de proteccio n integral para hue rfanos de feminicidio en bolivia opinio n bolivia,senado aprueba ley de proteccio n integral para hue rfanos de feminicidio en bolivia opinio n bolivia senado aprueba ley de proteccio n integral para hue rfanos de feminicidio en bolivia opinio n bolivia senado aprueba ley de proteccio n integral para hue rfanos de feminicidio en bolivia opinio n bolivia,3,0.8623831081913866,feminicidio vi nin vi ctimas ctimas,101,0.6113493872538387,0.001996229344061179,0.1823,Baja
El Senado sanciona ley de protección integral para huérfanos de feminicidio en Bolivia - Erbol |,El Senado sanciona ley de protección integral para huérfanos de feminicidio en Bolivia Erbol |,https://news.google.com/rss/articles/CBMixAFBVV95cUxObXl1c25LYkNlTVRIM1d2bkowakdza013RHBlOUtsbEwxTVk3N1ByZm80ZkdnY240dGxPWmlNZ3o2N0tJcmprd2JGVmExQUZmMTVqM3RUQXo4YkY3ZzFwcWdkeTdleFg3TWFZNHdkVU9xU2dGZHRfWTFSX1p0SjNiUk1YSDhZYldaeXVadmVuS0tIckdteTFEMHo0MlM1MHB2MFhYSmV1U0dHS1RHZE1uS2dTcG9XUkQxWVpwNFlEVzNpc05r?oc=5,https://news.google.com/rss/search?q=feminicidio+hijos+hu%C3%A9rfanos&hl=es-419&gl=MX&ceid=MX:es-419,2025-10-29T07:00:00+00:00,0.5,0.0,0.3025,Media,No,3,el senado sanciona ley de proteccio n integral para hue rfanos de feminicidio en bolivia erbol,el senado sanciona ley de proteccio n integral para hue rfanos de feminicidio en bolivia erbol,el senado sanciona ley de proteccio n integral para hue rfanos de feminicidio en bolivia erbol el senado sanciona ley de proteccio n integral para hue rfanos de feminicidio en bolivia erbol el senado sanciona ley de proteccio n integral para hue rfanos de feminicidio en bolivia erbol,3,0.8548945282141467,feminicidio vi nin vi ctimas ctimas,96,0.6113493872538387,0.0021971475370287053,0.1824,Baja
Máximo 'N' detenido por su presunta participación en el feminicidio de la cantante Yrma Lydya - Telediario México,Máximo 'N' detenido por su presunta participación en el feminicidio de la cantante Yrma Lydya Telediario México,https://news.google.com/rss/articles/CBMioAFBVV95cUxNanM4bV9fMDBycDFub19QQVphZVFmWV8yd0swQzAzNHpuT3dKY0lYTFF4VWV6WXZxa3ZxNlpUcU1kRVhQdUQ1cVBEZVRmNnM3SjJZSElxY3pKcjZoaEhnWUZ1UXUtVjFZbkFaNktSMGx4bUR3dDNKS0Z2eXkxc2pHWHhZNE9xQU56aHRveVNRZzZNanpMWm5KYVhsRDRaUEty0gGgAUFVX3lxTFBPZ0dybHY0R2NJTHJ0TXllTXBodGJpajZOSFpiRW5XeUtiQzl5c1lRVGgyVVpPZ0lBLXRVZ3N3emFXaW80RHA5T2pxTXhKek9BcVlzRTFPdDVSRUhJLWwzMUtxWWtKVG5nYll2MkNqaWZ1TkZGOHNlaGNYM2FIYjA0al9ab2NkM21WZU5OTWRlN0pCWU5oekpUTHY2SU12SXk?oc=5,https://news.google.com/rss/search?q=feminicidio+M%C3%A9xico&hl=es-419&gl=MX&ceid=MX:es-419,2025-10-29T07:00:00+00:00,0.5,0.0,0.3025,Media,No,1,ma ximo n detenido por su presunta participacio n en el feminicidio de la cantante yrma lydya telediario me xico,ma ximo n detenido por su presunta participacio n en el feminicidio de la cantante yrma lydya telediario me xico,ma ximo n detenido por su presunta participacio n en el feminicidio de la cantante yrma lydya telediario me xico ma ximo n detenido por su presunta participacio n en el feminicidio de la cantante yrma lydya telediario me xico ma ximo n detenido por su presunta participacio n en el feminicidio de la cantante yrma lydya telediario me xico,1,0.8436693781656386,feminicidio ctimas vi ctimas vi rfanos,197,0.09268593914048225,0.001931326757703827,0.1823,Baja
"👩🏻‍⚖️ En prisión preventiva por feminicidio de una niña de cuatro años en Tlajomulco 👩🏻‍⚖️ ⚖️ La Vicefiscalía en Investigación Especializada en Atención a Mujeres, Niñas, Niños y Adolescentes, Razón de Género y la Familia obtuvo la vinculación a proce - facebook.com","👩🏻‍⚖️ En prisión preventiva por feminicidio de una niña de cuatro años en Tlajomulco 👩🏻‍⚖️ ⚖️ La Vicefiscalía en Investigación Especializada en Atención a Mujeres, Niñas, Niños y Adolescentes, Razón de Género y la Familia obtuvo la vinculación a proce facebook.com",https://news.google.com/rss/articles/CBMi9wFBVV95cUxNLXdIcjNVT3E2ODZfc1pJanhrRnJtcVpUMlpBUnVMOWJsV0FibWZPNzlTRDFoLUNkbkRyYXdpYTFzTm5mQXMyUnRSVlB0R0cxcTl0TnI5TnVUR3dNZmVIZk5penZJeTYwamlLc1IyYnEzUW5pM01PWkNQdEtwcnBtZkw4N2ZKUVRYSWNCa3QzSHJyQWRPTHNUbHZMdndkTHNKUGh3c19keHlxQTFfMlZYcHk2MHZPSVZKTDI4eTVEU01Teno1SklUTG5iajdrVzJONmctbWl6dTRidko5NlhOTWlUcl9pOEtNZk0yeHFSUnl0T3ZBR3hB?oc=5,https://news.google.com/rss/search?q=feminicidio+ni%C3%B1os+ni%C3%B1as&hl=es-419&gl=MX&ceid=MX:es-419,2025-10-28T07:00:00+00:00,0.5,0.3333,0.7246,Alta,Si,2,en prisio n preventiva por feminicidio de una nin a de cuatro an os en tlajomulco la vicefiscali a en investigacio n especializada en atencio n a mujeres nin as nin os y adolescentes razo n de ge nero y la familia obtuvo la vinculacio n a proce facebook com,en prisio n preventiva por feminicidio de una nin a de cuatro an os en tlajomulco la vicefiscali a en investigacio n especializada en atencio n a mujeres nin as nin os y adolescentes razo n de ge nero y la familia obtuvo la vinculacio n a proce facebook com,en prisio n preventiva por feminicidio de una nin a de cuatro an os en tlajomulco la vicefiscali a en investigacio n especializada en atencio n a mujeres nin as nin os y adolescentes razo n de ge nero y la familia obtuvo la vinculacio n a proce facebook com en prisio n preventiva por feminicidio de una nin a de cuatro an os en tlajomulco la vicefiscali a en investigacio n especializada en atencio n a mujeres nin as nin os y adolescentes razo n de ge nero y la familia obtuvo la vinculacio n a proce facebook com en prisio n preventiva por feminicidio de una nin a de cuatro an os en tlajomulco la vicefiscali a en investigacio n especializada en atencio n a mujeres nin as nin os y adolescentes razo n de ge nero y la familia obtuvo la vinculacio n a proce facebook com,5,0.9086623722124627,feminicidio mx com orfandad cimacnoticias,127,0.5702101287172922,0.013829075706624198,0.4403,Alta
"En 3 años, hay 13 menores huérfanos tras feminicidio en Tamaulipas - MILENIO","En 3 años, hay 13 menores huérfanos tras feminicidio en Tamaulipas MILENIO",https://news.google.com/rss/articles/CBMikwFBVV95cUxNSHlIM09WeVRzd3FUcTVGamhJSEh2UVBPYzFKelN5RmJYU1UtclNwaTlRRkNBckJlTkVpaTJjMjJnMHYxUlRtOGR5R1FkLVl1XzZwZmVVZUh0VmlpSkowc0ttS2xtaWZGdmwzVUc3RFp3bk9Va1FMNjZTNzNfYlltQzFjMUNuV0RySnczZTJVUDZNSlnSAZMBQVVfeXFMTzNGTG1DV1llZkwzaXA5VkdYRWN2TzdwRHdlSzZ3V1VYNnVnbkxmeGpmMDc2ZTdfM2kwZUJUX2Q0bDBwNEFrLXF5dHF1S0hzbTRheDFVZzNDQWpZcTk1VVJmenZreWlWTVNWaTNVZU1sWnhtUEUyZURWM2k1eXBic0M2Z2tBYmltRnhOOE9YMkY0Y25n?oc=5,https://news.google.com/rss/search?q=feminicidio+hijos+hu%C3%A9rfanos&hl=es-419&gl=MX&ceid=MX:es-419,2025-10-27T07:00:00+00:00,0.5,0.3548,0.8085,Alta,Si,3,en 3 an os hay 13 menores hue rfanos tras feminicidio en tamaulipas milenio,en 3 an os hay 13 menores hue rfanos tras feminicidio en tamaulipas milenio,en 3 an os hay 13 menores hue rfanos tras feminicidio en tamaulipas milenio en 3 an os hay 13 menores hue rfanos tras feminicidio en tamaulipas milenio en 3 an os hay 13 menores hue rfanos tras feminicidio en tamaulipas milenio,1,0.8403897246233474,feminicidio ctimas vi ctimas vi rfanos,182,0.1919885283338044,0.022319759369537645,0.494,Alta
Feminicidio infantil en Jalisco: detienen al padrastro de niña de 4 años hallada en baldío de Tlajomulco - Infobae,Feminicidio infantil en Jalisco: detienen al padrastro de niña de 4 años hallada en baldío de Tlajomulco Infobae,https://news.google.com/rss/articles/CBMi3wFBVV95cUxQcWRSOWpqS1Q1NkhSZzNqQkw2MUNHRkVnVC1lWEc1RTZMUEhla0RRMnM4MGpiVVlDZ2JiLVVvOXRHdWoxM3dCLUt1US1HOVJWbk81dFZrY3JSZ2E5WVV5VWVnQUlFV1hPdUk1ZEdSVU9SWGhGeHRYNUxuOXE2M1VCSlF5QnZYSnlualRxZEh4em03dzBzcUJBQ0hnOFFrX09ZTnhheUh4S1QyWEtxZjhNVEJKUHROVzk3eDZMbnNfbXRHOWJHQ0phbzc3N005OENBY2pmWUN3N3VZXzRrWWU00gH6AUFVX3lxTE9OY1dwWVV2eWFtSWNXX092TlNJNlpnUl9GQ3pBby1hSkZmN3NZMm5NNFNXU2NDYnZhWXM3N1JIV3JzOW1MX2NQWnVPb1dUejRRZUZyQ21UVUFSQlZCd09rQ3owM1JjeWtna1A0THVUdjg5Z2IyREJEQ25ZY3BXeklEOG9hWkg0bWVPZVFPVWxCemFscXBGS3RMNmFtNG5KcGtFalk0b1hPU1JRSFZ6U3ZrRGhacFc0XzN1MFc4aWRHLURpbk9tUFJIbHhfc0tvT0xPRnNMOVJTTy1tTTk4N014OVo5RG5OQkpRQ282b2JIZjhFRUk5RndJOEE?oc=5,https://news.google.com/rss/search?q=feminicidio+ni%C3%B1os+ni%C3%B1as&hl=es-419&gl=MX&ceid=MX:es-419,2025-10-25T07:00:00+00:00,0.5,0.3103,0.707,Alta,Si,1,feminicidio infantil en jalisco detienen al padrastro de nin a de 4 an os hallada en baldi o de tlajomulco infobae,feminicidio infantil en jalisco detienen al padrastro de nin a de 4 an os hallada en baldi o de tlajomulco infobae,feminicidio infantil en jalisco detienen al padrastro de nin a de 4 an os hallada en baldi o de tlajomulco infobae feminicidio infantil en jalisco detienen al padrastro de nin a de 4 an os hallada en baldi o de tlajomulco infobae feminicidio infantil en jalisco detienen al padrastro de nin a de 4 an os hallada en baldi o de tlajomulco infobae,5,0.8650155842168771,feminicidio mx com orfandad cimacnoticias,134,0.14316898659253022,0.0020657037597455814,0.425,Alta
Diputados aprueban Ley 024 para proteger a huérfanos de feminicidio - Opinión Bolivia,Diputados aprueban Ley 024 para proteger a huérfanos de feminicidio Opinión Bolivia,https://news.google.com/rss/articles/CBMiwgFBVV95cUxNZm9xU1FOZURQUERpS2E2OHB1Q0xDcFhiVjFkRHcyVjFlQzJ0UkVESzRZOVBFOG1jMWw1TGFnODVnNjdiaWJnbE96NjN0a2FSRGxaSzBZb0dvc2FKSFJtYVNDQjg3RWVoaVk1RXgzQW5uMFM2TExuU0FSTXh1ZVRta3p4R3hsdFhZazE5Z0kwRWt5NF8tVm5ySUd1cUpMbjRDeFJfR0ZBMFV1eDlTWndKeU1DR0IyTkxUeG4wT3cxOVhvd9IBxwFBVV95cUxPWHJGRzA4RS1QbWwtTEZRQ0ZmSDZHc2Nyd21md3dQS21DMlJoc1JRb1pEckR2SWFSRjlqc0ZoTXNBOVBhSHVfTzdMNEhHQWFfajdEdnRvekxrVzVFYTBRY2QyTlY5UUFYS3JtaTJvTGlYS3plMkpHeFVhdURTbjBIdWpmWjFUVGplSVUtOVhXMzlBbWVlVU5GcjNNdjBMcGltdGdxb2VpbXZSOW5XREhGMnFBN19qQlNiN0JXdXJvS2JabkdUdEIw?oc=5,https://news.google.com/rss/search?q=feminicidio+hijos+hu%C3%A9rfanos&hl=es-419&gl=MX&ceid=MX:es-419,2025-10-24T07:00:00+00:00,0.5,0.0,0.3025,Media,No,3,diputados aprueban ley 024 para proteger a hue rfanos de feminicidio opinio n bolivia,diputados aprueban ley 024 para proteger a hue rfanos de feminicidio opinio n bolivia,diputados aprueban ley 024 para proteger a hue rfanos de feminicidio opinio n bolivia diputados aprueban ley 024 para proteger a hue rfanos de feminicidio opinio n bolivia diputados aprueban ley 024 para proteger a hue rfanos de feminicidio opinio n bolivia,3,0.8491599790954805,feminicidio vi nin vi ctimas ctimas,108,0.5120529035261789,0.0022248801632690175,0.1824,Baja
Los huérfanos del femicidio: el drama invisible de los niños que pierden a sus madres - Infobae,Los huérfanos del femicidio: el drama invisible de los niños que pierden a sus madres Infobae,https://news.google.com/rss/articles/CBMivgFBVV95cUxNajJ4X1IteXVicG9tS29Kanh2aXhRRlVhajhQdzBDQlhQZkhoRHdHWmpEMDZUaTNMaTd6dmRnd1R0TGQ3X1VfOXFPM2F0Y0JaaVlrRnUxYy1XYmF1RUtITFVDcUE5VlhFLVFQLVJpZDRaM0llTVNkZGJzdjJnLXZRUWl3OF83WUJHd05raFJ4RVlRUTVFRkFJMGdWR2hTaTRSdUJab3RxTlhNTllWZ3pkbVFtUE1RdTY4UzFRbVd30gHYAUFVX3lxTE5FcEs5YWJkU3M0Q0tCcnpzTmpla1RibFJVaHg3Y05kd1YzVHpnUGZ5M2dfOHBScWk0LTZCeUNjOFBVSS1acGxIZmNhTkdxbVVaWlZCamRCT1N1bi1heEtGZUEtNFIxTFUzZ0syN0Q4MjNLMEZ5MDdoUTB0V2owRE1wVXVFNjJCb1lmVjRsblpMcnlGdEUzS1hHUGUwNUk1enBCdHV1eFVOY0E0dl9mS0trTUVkS01IeEJxeFBIeUk5OXlFeXpSNXd6UjB4Q1RudE81T0stakd3bA?oc=5,https://news.google.com/rss/search?q=feminicidio+hijos+hu%C3%A9rfanos&hl=es-419&gl=MX&ceid=MX:es-419,2025-10-23T07:00:00+00:00,0.5,0.0,0.3025,Media,No,3,los hue rfanos del femicidio el drama invisible de los nin os que pierden a sus madres infobae,los hue rfanos del femicidio el drama invisible de los nin os que pierden a sus madres infobae,los hue rfanos del femicidio el drama invisible de los nin os que pierden a sus madres infobae los hue rfanos del femicidio el drama invisible de los nin os que pierden a sus madres infobae los hue rfanos del femicidio el drama invisible de los nin os que pierden a sus madres infobae,2,0.8494385494015344,feminicidio hue rfanos rfanos hue rfanos feminicidio,219,0.2054204828162088,0.034268453355306545,0.1952,Baja
Colectivas feministas invitan a instalar ofrenda para víctimas de feminicidio - El Sol de México,Colectivas feministas invitan a instalar ofrenda para víctimas de feminicidio El Sol de México,https://news.google.com/rss/articles/CBMiyAFBVV95cUxQb0NIWFZMMWU3dFdwT3F2dkpQbVM5b1JXR3JIcFg0N3BPbVVobU01Q3MyZTdyVXZYcGItWGVnSXNncXpVRVE4dmhmazdoRjRZdzdVVUlzWGNKQk9tb0xac3ExWnppbzRNQmVaQkdrRGpFaUNoRGEwTmdScWpVNGNoU0o5enFkN0NhNXhfeGFaRkFWQklYNlB2VnItWFJIVkhvZzJrUDFmdmtITnQzcWdLVTNfblZIT3Fhcl9fSWFQeXJMZ1NmbnhBWQ?oc=5,https://news.google.com/rss/search?q=%22v%C3%ADctimas+indirectas%22+feminicidio&hl=es-419&gl=MX&ceid=MX:es-419,2025-10-23T07:00:00+00:00,0.5,0.0,0.3025,Media,No,0,colectivas feministas invitan a instalar ofrenda para vi ctimas de feminicidio el sol de me xico,colectivas feministas invitan a instalar ofrenda para vi ctimas de feminicidio el sol de me xico,colectivas feministas invitan a instalar ofrenda para vi ctimas de feminicidio el sol de me xico colectivas feministas invitan a instalar ofrenda para vi ctimas de feminicidio el sol de me xico colectivas feministas invitan a instalar ofrenda para vi ctimas de feminicidio el sol de me xico,0,0.8569242921650324,feminicidio ctimas feminicidio vi ctimas feminicidio hijos orfandad,151,0.2734187184105456,0.0027063180588776936,0.1826,Baja
Diputados aprueban proyecto de ley que garantiza protección integral y reparación a hijas e hijos huérfanos víctimas de feminicidio - diputados.gob.bo,Diputados aprueban proyecto de ley que garantiza protección integral y reparación a hijas e hijos huérfanos víctimas de feminicidio diputados.gob.bo,https://news.google.com/rss/articles/CBMi-gFBVV95cUxOUWgxdFhBQzNVeW55RHE3a0FDNENBOFd3UEJtcFJickJEalh3WU1DcE9hVmVzOFVoZ3ItZ3piNWZSWjNRbGM3SHVyWTd3aGdycGVXcE0wRkRMZkUxME9aRjc4d0dsRXJJMEpESXRQVGtiN0JtMjZoRHlVZ0NpRzFwcExQZmtaZHFkdW1iZFc3Vkh4R254Wkp1U0taRmM4YzR3MnFiZTJhdm9oOHAzbFdIc1JKaXRlWDVXYktRQjRVNG9LMDkyN3RLclBmNENZNWlqYkt6bUt5dnkzeW8zR2dxMUlHVlRMZTJtQU9xU2NCbWk2LWdiczhMWEpn?oc=5,https://news.google.com/rss/search?q=feminicidio+hijos+hu%C3%A9rfanos&hl=es-419&gl=MX&ceid=MX:es-419,2025-10-23T07:00:00+00:00,0.5,0.5455,0.968,Alta,Si,3,diputados aprueban proyecto de ley que garantiza proteccio n integral y reparacio n a hijas e hijos hue rfanos vi ctimas de feminicidio diputados gob bo,diputados aprueban proyecto de ley que garantiza proteccio n integral y reparacio n a hijas e hijos hue rfanos vi ctimas de feminicidio diputados gob bo,diputados aprueban proyecto de ley que garantiza proteccio n integral y reparacio n a hijas e hijos hue rfanos vi ctimas de feminicidio diputados gob bo diputados aprueban proyecto de ley que garantiza proteccio n integral y reparacio n a hijas e hijos hue rfanos vi ctimas de feminicidio diputados gob bo diputados aprueban proyecto de ley que garantiza proteccio n integral y reparacio n a hijas e hijos hue rfanos vi ctimas de feminicidio diputados gob bo,3,0.8906895536520152,feminicidio vi nin vi ctimas ctimas,125,0.2950465397014209,0.033618258631547944,0.5942,Alta
Diputados aprueba la Ley de Protección para Huérfanos de Feminicidio - Correo del Sur,Diputados aprueba la Ley de Protección para Huérfanos de Feminicidio Correo del Sur,https://news.google.com/rss/articles/CBMiuAFBVV95cUxQZGt6V0l3dU1ockFOcnZReGR2amRoajByRUE0SEhZYXVZNmxVanRCOW1pdEkyZG9YZEl5MlEyNi0zV2lLSDk5ZDZ5NVR3dnRXNkx4TlJNeVM0c3E0cjF3NUZOZ1dZNGVMVmoxRHp2cDktbGJGTlNHYzlNZ2pEejV0OXE2bzVoMGIzQW0xXzMzVFRhNXBFX3dBWG9PcXg5SVItZjFXaFl4bHN6Z0VkdHlYXzBQV2hmR0Zr?oc=5,https://news.google.com/rss/search?q=feminicidio+hijos+hu%C3%A9rfanos&hl=es-419&gl=MX&ceid=MX:es-419,2025-10-23T07:00:00+00:00,0.5,0.0,0.3025,Media,No,3,diputados aprueba la ley de proteccio n para hue rfanos de feminicidio correo del sur,diputados aprueba la ley de proteccio n para hue rfanos de feminicidio correo del sur,diputados aprueba la ley de proteccio n para hue rfanos de feminicidio correo del sur diputados aprueba la ley de proteccio n para hue rfanos de feminicidio correo del sur diputados aprueba la ley de proteccio n para hue rfanos de feminicidio correo del sur,1,0.8426372753425361,feminicidio ctimas vi ctimas vi rfanos,114,0.4321825854490654,0.002270055518170634,0.1824,Baja
Edomex amplía apoyo a huérfanos por feminicidio: ahora podrán recibir ayuda hasta los 25 años - El Sol de México,Edomex amplía apoyo a huérfanos por feminicidio: ahora podrán recibir ayuda hasta los 25 años El Sol de México,https://news.google.com/rss/articles/CBMi1wFBVV95cUxQOTRMdUtyb1NUeTdqUklXQlJXRXEybEdYMFJqX0RoSHFKd2xzNlN1OExWdndHcTVFcE14RUM4aDdOSzJndDM0Rk8yV2Q5eWRQMWxCeUxWNDEtQ2V4WjUxNUloNGRONGd3X3JDSnFZMENldTZ4bl9tbjVSd2ZLaHA3UlpjcVBRWjh2TjhERkh4OTI2ZWpfdkszb2ZVclpsSnl3UWlaaURwcExEamM5N1otSU5RTXYwTHBRenF6aHI0UkVJQ003Qlk5VXg0bU1xLTNLRE1QOWFJWQ?oc=5,https://news.google.com/rss/search?q=feminicidio+menores+hu%C3%A9rfanos&hl=es-419&gl=MX&ceid=MX:es-419,2025-10-23T07:00:00+00:00,0.5,0.0,0.3025,Media,No,3,edomex ampli a apoyo a hue rfanos por feminicidio ahora podra n recibir ayuda hasta los 25 an os el sol de me xico,edomex ampli a apoyo a hue rfanos por feminicidio ahora podra n recibir ayuda hasta los 25 an os el sol de me xico,edomex ampli a apoyo a hue rfanos por feminicidio ahora podra n recibir ayuda hasta los 25 an os el sol de me xico edomex ampli a apoyo a hue rfanos por feminicidio ahora podra n recibir ayuda hasta los 25 an os el sol de me xico edomex ampli a apoyo a hue rfanos por feminicidio ahora podra n recibir ayuda hasta los 25 an os el sol de me xico,3,0.876399908645706,feminicidio vi nin vi ctimas ctimas,185,0.1424702924240374,0.0019166219654794625,0.1823,Baja
Diputados aprueban ley para proteger a huérfanos de feminicidio - Red PAT,Diputados aprueban ley para proteger a huérfanos de feminicidio Red PAT,https://news.google.com/rss/articles/CBMimAFBVV95cUxNa1Y0TkFzMW9YWGFIa1JrdGNFTnBsMFktOGNhTmdmVzVxODVfTVNpak5fQVk5bU9WSVhaN0ZmSWlvR0hwSTNqbFhRZzloT3d6SThsMzFPSFVfS1NYZUdvRmF5RXpzQUs3UWVYSVNPX1VNcWhxSmNNaGRlbXFydW50bFVPT0RZb0Z6eEEwUm5xZUI4dWFfNzRHeQ?oc=5,https://news.google.com/rss/search?q=feminicidio+hijos+hu%C3%A9rfanos&hl=es-419&gl=MX&ceid=MX:es-419,2025-10-23T07:00:00+00:00,0.5,0.0,0.3025,Media,No,3,diputados aprueban ley para proteger a hue rfanos de feminicidio red pat,diputados aprueban ley para proteger a hue rfanos de feminicidio red pat,diputados aprueban ley para proteger a hue rfanos de feminicidio red pat diputados aprueban ley para proteger a hue rfanos de feminicidio red pat diputados aprueban ley para proteger a hue rfanos de feminicidio red pat,0,0.5424532653498636,feminicidio ctimas feminicidio vi ctimas feminicidio hijos orfandad,106,0.5120529035261789,0.002289237653098743,0.1824,Baja
"Bono de Bs 500, paquetes de alimentos y apoyo médico, los beneficios de la Ley de Protección para huérfanos de feminicidio - EJU.TV","Bono de Bs 500, paquetes de alimentos y apoyo médico, los beneficios de la Ley de Protección para huérfanos de feminicidio EJU.TV",https://news.google.com/rss/articles/CBMi3AFBVV95cUxPcms3NGJzX2NvcjRkNzl0SVFFYWVSRkE0VVhnNmxZdi1fZ29jMmxZQ0ltR0tPVUpHSG85WWk4LXBQTDROVnVZeHdiQl9NeERxMjBwclNHR3loUmw5Q0RTQWk0YjJwZTkycUtEWGJkQ3BJbGFGVWNfeDl3bG5JQng4ZnNOOXo3UTFPX210V0thcTFaa2F4UDZuNjNQU1hNX1ppSnlNM1hRZkVwaHNpMktoSWF1YkR6czREdXVZNHl2eWZMZ25CTDhxWmxGSTRVZGdIeEpfODV3ZW1iVGtW?oc=5,https://news.google.com/rss/search?q=feminicidio+menores+hu%C3%A9rfanos&hl=es-419&gl=MX&ceid=MX:es-419,2025-10-23T07:00:00+00:00,0.5,0.0,0.3025,Media,No,3,bono de bs 500 paquetes de alimentos y apoyo me dico los beneficios de la ley de proteccio n para hue rfanos de feminicidio eju tv,bono de bs 500 paquetes de alimentos y apoyo me dico los beneficios de la ley de proteccio n para hue rfanos de feminicidio eju tv,bono de bs 500 paquetes de alimentos y apoyo me dico los beneficios de la ley de proteccio n para hue rfanos de feminicidio eju tv bono de bs 500 paquetes de alimentos y apoyo me dico los beneficios de la ley de proteccio n para hue rfanos de feminicidio eju tv bono de bs 500 paquetes de alimentos y apoyo me dico los beneficios de la ley de proteccio n para hue rfanos de feminicidio eju tv,3,0.8674244237844472,feminicidio vi nin vi ctimas ctimas,86,0.31361432995686156,0.001696521636160471,0.1822,Baja
Cámara de Diputados aprueba la Ley de Protección Integral para huérfanos de feminicidio - Visión 360,Cámara de Diputados aprueba la Ley de Protección Integral para huérfanos de feminicidio Visión 360,https://news.google.com/rss/articles/CBMi1AFBVV95cUxNbnV3MEFrc1o0dDdIQjJPLUpvcUpGN1h4cEVHeDg0akVkUGRKUkZaZ21POHkzcUdsYnhoRFo3THdEdVZDRUZIamNIamdiUEY4d0tkcmRRZ0VrX0M2M3BXUGlOb014TlZGdTJnUXRtQ2p2LV96dS0wWXdnT3NMS2laUTJ4Y1NoV1pqNEhrSWo1NEFmeHJDczlDTnpEazk1UkJsMFFsVW0zUTB5WUhxcVNfcDl4d3FTZjVkUFJVcFlieFZKOVBpSE92SnEwTDZEcW9WSWU0c9IB2gFBVV95cUxPbk1fTzE5eDFwUFJSbS1XbnlPaUdZMU9DLXdhQVcwTmxIeVFNbjhUWWZuN1NPR2pTYTlLWXNER2trNFlYMTMydWMyOTRHRzhFbXhyVFVsQkpOOGxnclF3aDRhbDhFbUtaTmZ5MTdJSl8tTW9XdjIxVW44ZDNOOExMM2gzNkpsU1h4cWdPTVAxWDRxSDJFYkZQVnVEcFd6c2l5LThJcF9oT1N1cW1ieGg1RGZ5SlRHQXJJbHlVaWkwX2k0bEdTY1BmeHpQSU9PSFJBXzQwampoMUI3UQ?oc=5,https://news.google.com/rss/search?q=feminicidio+hijos+hu%C3%A9rfanos&hl=es-419&gl=MX&ceid=MX:es-419,2025-10-22T07:00:00+00:00,0.5,0.0,0.3025,Media,No,3,ca mara de diputados aprueba la ley de proteccio n integral para hue rfanos de feminicidio visio n 360,ca mara de diputados aprueba la ley de proteccio n integral para hue rfanos de feminicidio visio n 360,ca mara de diputados aprueba la ley de proteccio n integral para hue rfanos de feminicidio visio n 360 ca mara de diputados aprueba la ley de proteccio n integral para hue rfanos de feminicidio visio n 360 ca mara de diputados aprueba la ley de proteccio n integral para hue rfanos de feminicidio visio n 360,3,0.8679441742261687,feminicidio vi nin vi ctimas ctimas,96,0.472946190887175,0.001899724788177064,0.1823,Baja
Niño Es Asesinado Junto a una Mujer en Tlaxcala; Investigan Feminicidio y Homicidio - N+,Niño Es Asesinado Junto a una Mujer en Tlaxcala; Investigan Feminicidio y Homicidio N+,https://news.google.com/rss/articles/CBMixwFBVV95cUxNVHFrUFJFYTlOZ1RoOUVVc1FqcjBia21Xcm94YW1hUTBLRHN2WThVUk1FbVpaQjJLazdDY3FCXzQ4WkY4dmxHeXB6WE5JNmNMOE4zSDJ5dHZnSlVGNFlyUmFLM19mVGZudFpoMXg0UkhXbUxmYnV0X2p3QWFacXU2OURmZjE4dm44N3RYUEVqdC1nRGViRUlIcXRJdUZtbkJ4dDJLVmxLUmRLV21hT3ZQaFZTTXNiVS1tWXlRdXRSM2VGb1NldEZN?oc=5,https://news.google.com/rss/search?q=feminicidio+ni%C3%B1os+ni%C3%B1as&hl=es-419&gl=MX&ceid=MX:es-419,2025-10-21T07:00:00+00:00,0.5,0.0,0.3025,Media,No,1,nin o es asesinado junto a una mujer en tlaxcala investigan feminicidio y homicidio n,nin o es asesinado junto a una mujer en tlaxcala investigan feminicidio y homicidio n,nin o es asesinado junto a una mujer en tlaxcala investigan feminicidio y homicidio n nin o es asesinado junto a una mujer en tlaxcala investigan feminicidio y homicidio n nin o es asesinado junto a una mujer en tlaxcala investigan feminicidio y homicidio n,5,0.8469285921284372,feminicidio mx com orfandad cimacnoticias,17,0.12602621657333984,0.094916425303421,0.2195,Baja
"Entre 2017 y 2024 en Argentina se registraron al menos 1685 niñas, niños y adolescentes que estaban a cargo de las víctimas directas de femicidio - Corte Suprema de Justicia de la Nación","Entre 2017 y 2024 en Argentina se registraron al menos 1685 niñas, niños y adolescentes que estaban a cargo de las víctimas directas de femicidio Corte Suprema de Justicia de la Nación",https://news.google.com/rss/articles/CBMiW0FVX3lxTE5DUTVNVnI4R3VsblZrMU1UcTE1d1ZrTnQ2amxkRnd5QUl2bGRuYTlZcXV5MTlFZTBiRldWcEllNldhV21HUGI3ckJtcmxvcU9tdjNmQ2p1OEROek0?oc=5,https://news.google.com/rss/search?q=feminicidio+ni%C3%B1os+ni%C3%B1as&hl=es-419&gl=MX&ceid=MX:es-419,2025-10-21T07:00:00+00:00,0.5,0.3333,0.7246,Alta,Si,2,entre 2017 y 2024 en argentina se registraron al menos 1685 nin as nin os y adolescentes que estaban a cargo de las vi ctimas directas de femicidio corte suprema de justicia de la nacio n,entre 2017 y 2024 en argentina se registraron al menos 1685 nin as nin os y adolescentes que estaban a cargo de las vi ctimas directas de femicidio corte suprema de justicia de la nacio n,entre 2017 y 2024 en argentina se registraron al menos 1685 nin as nin os y adolescentes que estaban a cargo de las vi ctimas directas de femicidio corte suprema de justicia de la nacio n entre 2017 y 2024 en argentina se registraron al menos 1685 nin as nin os y adolescentes que estaban a cargo de las vi ctimas directas de femicidio corte suprema de justicia de la nacio n entre 2017 y 2024 en argentina se registraron al menos 1685 nin as nin os y adolescentes que estaban a cargo de las vi ctimas directas de femicidio corte suprema de justicia de la nacio n,3,0.8908384152000486,feminicidio vi nin vi ctimas ctimas,252,0.253342774715292,0.03149815505518601,0.4474,Alta
Tránsito asesinada en Culiacán tenía un hijo y se analiza incorporarlo al programa de apoyo para huérfanos por feminicidio - www.noroeste.com.mx,Tránsito asesinada en Culiacán tenía un hijo y se analiza incorporarlo al programa de apoyo para huérfanos por feminicidio www.noroeste.com.mx,https://news.google.com/rss/articles/CBMi_wFBVV95cUxNVF9ZNUxzbVM4SHpOWlZ3ZFZKQXNHMFp0R05nazZfd3Nqb256VjJnS2dpTjdyWm5rSlJFaFpzeVAzQXVRemJ4WHk4X1VzTUQwTW56dmxKZDBLbVpySExJb19JTnhxYjlVN21yNUZQaEtjSC0xUHI1dWgxbm90bXB3UXJ4RnZrV0QwOXlwNklQSnRoWFZ4MndvY2pMMVJUWVdvaUF0UVd3WFBSTm9vU2UwRTI1bTZGSjFMbzYxb0NUV3luX1RRTEtFLXZTV0pjTXdOejdxZEtBaWhkU0czNmFobG01MHFxREhBaGR0RTZWWDY2QmJqaXllMm1nMVV1UXfSAYQCQVVfeXFMTlNHemcxZlFTbUpjUDdLaGFGQVJfcEVpVk1CTHhIZzZ6MFc3SXVNd2dMTE1uSUZ5ekU1eFliUzljTHVOY1A1Sk04RkJ6MXlOdDY3OFJxaWpQZ2pyVXFhMHM4V3lzYW9sdnAzWEk2LXJNNkFJeElwOThZSEFMc09taERqN0l5VlB2RXdVSF9mTG9scWZnekdBVmt6aDV2X1ktWGVpVWxpR3p1NFA5MUdBYTh6c2JqeUZscFp3eXliR2dfa2R6YzVGcUxERnY4Slc5MzBFT0Q4S0dxeTdQUFBZY21WREpxRnpuSkkwY1RybGtVUFYwYkFUNGhJREJCaWRuYzdFZmQ?oc=5,https://news.google.com/rss/search?q=feminicidio+hijos+hu%C3%A9rfanos&hl=es-419&gl=MX&ceid=MX:es-419,2025-10-21T07:00:00+00:00,0.5,0.375,0.8254,Alta,Si,1,tra nsito asesinada en culiaca n teni a un hijo y se analiza incorporarlo al programa de apoyo para hue rfanos por feminicidio www noroeste com mx,tra nsito asesinada en culiaca n teni a un hijo y se analiza incorporarlo al programa de apoyo para hue rfanos por feminicidio www noroeste com mx,tra nsito asesinada en culiaca n teni a un hijo y se analiza incorporarlo al programa de apoyo para hue rfanos por feminicidio www noroeste com mx tra nsito asesinada en culiaca n teni a un hijo y se analiza incorporarlo al programa de apoyo para hue rfanos por feminicidio www noroeste com mx tra nsito asesinada en culiaca n teni a un hijo y se analiza incorporarlo al programa de apoyo para hue rfanos por feminicidio www noroeste com mx,1,0.8892877446349461,feminicidio ctimas vi ctimas vi rfanos,67,0.2419938009741883,0.00153499380100555,0.4959,Alta
"Niños que matan, la nueva sombra del feminicidio en México - La Silla Rota","Niños que matan, la nueva sombra del feminicidio en México La Silla Rota",https://news.google.com/rss/articles/CBMisgFBVV95cUxNMlhFdkpsYnVuVnZQV0dLVUVlMGtmQUh5OU5VTDNQQl9qb3kxeE40eG83a3RGTmNWREFpWlJoNXkwODgzR3RrLUh1SElMU2M2bGxhbW9TLVJTSkRXcDNpRjM1TlptNlh5b0JzVUxSRENjUlhsSTJaQWJuYkZNeFg0TWc1cFJTMUxLdGFDWXNPVzlzUXRrR1h4UUhnSFhadVBVT3hsa25lUE9RWkJPNTItTEtR0gGyAUFVX3lxTE0yWEV2SmxidW5WdlBXR0tVRWUwa2ZBSHk5TlVMM1BCX2pveTF4TjR4bzdrdEZOY1ZEQWlaUmg1eTA4ODNHdGstSHVISUxTYzZsbGFtb1MtUlNKRFdwM2lGMzVOWm02WHlvQnNVTFJEQ2NSWGxJMlpBYm5iRk14WDRNZzVwUlMxTEt0YUNZc09XOXNRdGtHWHhRSGdIWFp1UFVPeGxrbmVQT1FaQk81Mi1MS1E?oc=5,https://news.google.com/rss/search?q=feminicidio+ni%C3%B1os+ni%C3%B1as&hl=es-419&gl=MX&ceid=MX:es-419,2025-10-18T07:00:00+00:00,0.5,0.0,0.3025,Media,No,1,nin os que matan la nueva sombra del feminicidio en me xico la silla rota,nin os que matan la nueva sombra del feminicidio en me xico la silla rota,nin os que matan la nueva sombra del feminicidio en me xico la silla rota nin os que matan la nueva sombra del feminicidio en me xico la silla rota nin os que matan la nueva sombra del feminicidio en me xico la silla rota,4,0.8372225775429168,hue hue rfanos rfanos feminicidio rfanos feminicidio,235,0.18993662356685215,0.0026018032807689395,0.1825,Baja
"Doble feminicidio, un chófer mutilado y un niño secuestrado en Argentina - EL PAÍS","Doble feminicidio, un chófer mutilado y un niño secuestrado en Argentina EL PAÍS",https://news.google.com/rss/articles/CBMitwFBVV95cUxQTjRydXVPWGlzelpZbV9QTkJnNXRUVVBTZzhfZ05LWEtjNjdINjZFNVlQZEVrVk4xSlZ2OUhsSXZaR2dPRkRmNEVqYlVaTmIzRDhIY2JVOVhoT1BOaUxGTnZ6Y2FKZXNtUTU5eGQ4eFdueTNfNGd0eklVQ0pkcXNXVEp2YlpPcWdHbUg5MHBOenUwbzFMMTNFNUduek1DTkRCa2NCYnFxbXFSdUtBZm1pUkRVeThVS03SAcsBQVVfeXFMTnJSMk11NER3a0R5Qi1KUU5KVl9Ba3BNTE03RHpETmNTU0Y5RDlkU1FYa0Z5aS1oamJadG0yNTdaMTNRVzdmaDFxSUZuTHVsc3F1ZEVQd3oxWm92ampRMy0xZjBqb0d2X19tOUNjUzBGOC1tb1dTRDR1TTdhd1ZSYnNab25uR2VYamZxZkE3Ry1NT3locXZQUWRuTWFCNXczOWR5LWI2cEdwZEIwNW9JUWpIckgzMEFKcmw5Njc4MzhTZllCdl9mOUw0dDg?oc=5,https://news.google.com/rss/search?q=feminicidio+ni%C3%B1os+ni%C3%B1as&hl=es-419&gl=MX&ceid=MX:es-419,2025-10-15T07:00:00+00:00,0.5,0.0,0.3025,Media,No,1,doble feminicidio un cho fer mutilado y un nin o secuestrado en argentina el pai s,doble feminicidio un cho fer mutilado y un nin o secuestrado en argentina el pai s,doble feminicidio un cho fer mutilado y un nin o secuestrado en argentina el pai s doble feminicidio un cho fer mutilado y un nin o secuestrado en argentina el pai s doble feminicidio un cho fer mutilado y un nin o secuestrado en argentina el pai s,5,0.8325333695734379,feminicidio mx com orfandad cimacnoticias,69,0.12632743120250423,0.002136414596356225,0.1824,Baja
"DIF Entregará Custodia de Bebé de Leslie G., Mujer Asesinada en Ciudad Juárez - N+","DIF Entregará Custodia de Bebé de Leslie G., Mujer Asesinada en Ciudad Juárez N+",https://news.google.com/rss/articles/CBMirwFBVV95cUxPZUxQR1cxc1RHNjI0YnNmNGlOQmxPWnUwMDJ0OHZUTFZmd0pxeWNDeVlPVGRxSzRZdDZfMmFlMVV2cF9uUDNSTUhiNDByZGlnVVdpUmVLZzhPV2FNV2h3bnR0dWEtclNiU2VPVFNiNGQ1ZjBYYzB0VzNtRXA5NWhvYW5kOGo3ZW93cTNtSW5PeDJGWVB2LXJmZGdyWDJmck5zdkw2cUxtcnhQamxEV2Nn?oc=5,https://news.google.com/rss/search?q=DIF+custodia+feminicidio+hijos&hl=es-419&gl=MX&ceid=MX:es-419,2025-10-15T07:00:00+00:00,0.0,0.5897,0.2654,Baja,Si,1,dif entregara custodia de bebe de leslie g mujer asesinada en ciudad jua rez n,dif entregara custodia de bebe de leslie g mujer asesinada en ciudad jua rez n,dif entregara custodia de bebe de leslie g mujer asesinada en ciudad jua rez n dif entregara custodia de bebe de leslie g mujer asesinada en ciudad jua rez n dif entregara custodia de bebe de leslie g mujer asesinada en ciudad jua rez n,3,0.8520135856707227,feminicidio vi nin vi ctimas ctimas,61,0.22800623917972512,0.10102986155565606,0.1997,Baja
Infancia con Futuro atiende a hijas e hijos de víctimas de feminicidio en Sinaloa - El Sol de México,Infancia con Futuro atiende a hijas e hijos de víctimas de feminicidio en Sinaloa El Sol de México,https://news.google.com/rss/articles/CBMiygFBVV95cUxQLU5yNTYyVklHd1RjNWEzamZUamtsT2t6aFBsYTNvOWpCNEZna05xeXZ3UkFOQ21uNnhsN1lia1hDanhfbnRfQUxpdEROT0Vva1NWaE1OTHlvd1NMMEJSSWNTVDRYREhMblZzdkxxUzBxX0d4TnZhS1l1SzMxQWF1dnNQeUJTUmtXTDFuZC1IUjFWdXAtcldHdXNZanluUlRPNWNUZ3F6a0l6OGw1NmkwN3Z5OElabkhJM3Y3eDVHZm5rYjk4MnFZRkF3?oc=5,https://news.google.com/rss/search?q=%22violencia+feminicida%22+ni%C3%B1os&hl=es-419&gl=MX&ceid=MX:es-419,2025-10-14T07:00:00+00:00,0.5,0.5455,0.968,Alta,Si,0,infancia con futuro atiende a hijas e hijos de vi ctimas de feminicidio en sinaloa el sol de me xico,infancia con futuro atiende a hijas e hijos de vi ctimas de feminicidio en sinaloa el sol de me xico,infancia con futuro atiende a hijas e hijos de vi ctimas de feminicidio en sinaloa el sol de me xico infancia con futuro atiende a hijas e hijos de vi ctimas de feminicidio en sinaloa el sol de me xico infancia con futuro atiende a hijas e hijos de vi ctimas de feminicidio en sinaloa el sol de me xico,0,0.8536290002624402,feminicidio ctimas feminicidio vi ctimas feminicidio hijos orfandad,226,0.24218175128420938,0.043423315668565686,0.5982,Alta
Yañiquez: Proyecto de ley que protege a menores huérfanos por feminicidio contempla un bono mensual - diputados.gob.bo,Yañiquez: Proyecto de ley que protege a menores huérfanos por feminicidio contempla un bono mensual diputados.gob.bo,https://news.google.com/rss/articles/CBMizgFBVV95cUxOck9WaUJjckY4Ymw3MHR1N0Fwc2ppdHdPS3BiMEJvNElzVlhBWHVwbXpOUFlqLXk4ZElfdUx3QWFzcWtvNXZQak4xa3BtTVA0T2psNjR6bHlsYnpqaWViSi15TGhyaGVBWGpJNURGb2c3bWh5dmZ3VDBuOE1RSlpjSk54cVBJVmozbVRxYlJpZkY5UFlXcTZ2WWpxZmlNbXBGcDBDbEV1TFp6YWhWTEQxaU1KVGg2eXJkWTlfVWpIekRoZlJiaE9OSzNBdDBXZw?oc=5,https://news.google.com/rss/search?q=feminicidio+hijos+hu%C3%A9rfanos&hl=es-419&gl=MX&ceid=MX:es-419,2025-10-10T07:00:00+00:00,0.5,0.3548,0.8085,Alta,Si,3,yan iquez proyecto de ley que protege a menores hue rfanos por feminicidio contempla un bono mensual diputados gob bo,yan iquez proyecto de ley que protege a menores hue rfanos por feminicidio contempla un bono mensual diputados gob bo,yan iquez proyecto de ley que protege a menores hue rfanos por feminicidio contempla un bono mensual diputados gob bo yan iquez proyecto de ley que protege a menores hue rfanos por feminicidio contempla un bono mensual diputados gob bo yan iquez proyecto de ley que protege a menores hue rfanos por feminicidio contempla un bono mensual diputados gob bo,1,0.8792185569819977,feminicidio ctimas vi ctimas vi rfanos,125,0.5268525393030576,0.015678721187735493,0.4914,Alta
Feminicidio en Puebla: niño de 12 años sospechoso del ataque contra Rosa Isela - Diario de Yucatán,Feminicidio en Puebla: niño de 12 años sospechoso del ataque contra Rosa Isela Diario de Yucatán,https://news.google.com/rss/articles/CBMixgFBVV95cUxPdTJtd1hZdUhvRGsxTTNzVWNzeDRQU3ZmYmFUQzlZWFFLSURMRzZqVFpyUDFhTDdrdmQ1cHBfRTVkcG9UdXQzTGtlM3BmcEFRaUFDekQ5b2tTSDh0aEM2T2loUlVybDFCUUFJc1g5VGoyN1g4aTJpT1I0WjlVbEVwTVUyRU5CME9oc3NSbnB4NnZPYVZ0TjBPNFJ5SVI0NmM4ZjNNbW1MbE4tUUNWZFYxd29IZWRULV9YbklWTVlXdUNmSTg4ZXc?oc=5,https://news.google.com/rss/search?q=feminicidio+ni%C3%B1os+ni%C3%B1as&hl=es-419&gl=MX&ceid=MX:es-419,2025-10-09T07:00:00+00:00,0.5,0.0,0.3025,Media,No,1,feminicidio en puebla nin o de 12 an os sospechoso del ataque contra rosa isela diario de yucata n,feminicidio en puebla nin o de 12 an os sospechoso del ataque contra rosa isela diario de yucata n,feminicidio en puebla nin o de 12 an os sospechoso del ataque contra rosa isela diario de yucata n feminicidio en puebla nin o de 12 an os sospechoso del ataque contra rosa isela diario de yucata n feminicidio en puebla nin o de 12 an os sospechoso del ataque contra rosa isela diario de yucata n,3,0.8588060538869909,feminicidio vi nin vi ctimas ctimas,258,0.1524601578801503,0.0018987574149957843,0.1823,Baja
Detienen al influencer Wero Bisnero por el feminicidio de Renata en Atizapán - Infobae,Detienen al influencer Wero Bisnero por el feminicidio de Renata en Atizapán Infobae,https://news.google.com/rss/articles/CBMiuwFBVV95cUxQZGtiWWJRVlhsQjUzUmNMMDB1bHVtREpJRFBuRGE5Yl94bmJwR2VpN0tibWEyaDhnMEdZbzlWQlNmMTF4R3FXNzBKaENQSXU5MkNBbEhaSE9SZHotN1pHc1ZYbWllWmZJR0dRQ28tb3ZsZnNpaEtyZ1V1eFF4cVNlY0pXMmVNVW5vNjdvdjVwc2ZwMGszeHphMy13QUhGN3JCc2JwSE5ySWJuY3NMeENGRk5Rcy1BTGotbVVj0gHWAUFVX3lxTE1ZRXJrTTk5OVh0OW5uYU5VUWprRkdTakdWX0JubFc2V0xlRTVtVEx4ekZtUjd6T29hSlBSa2lIVmZiR21GdWUxSnZvdHVpT3pmb1JtYUFSWUhwblpta3NtNC1KOFE3bVJzU1h0Nm9aaDREcEk2djd5TDQydDdSZmZWQ21Cb0tQM0N3ZTFlVGdZN1Z2SXFsRk5zanJxbVRBdi1UbXE0VHdNdlpZeXVGWmdfbzVnV01aUS1vTFROdW5jOXBZalJxU0ZkM3FZRmx6Yy1BWEZ2MEE?oc=5,https://news.google.com/rss/search?q=feminicidio+M%C3%A9xico&hl=es-419&gl=MX&ceid=MX:es-419,2025-10-08T07:00:00+00:00,0.5,0.0,0.3025,Media,No,1,detienen al influencer wero bisnero por el feminicidio de renata en atizapa n infobae,detienen al influencer wero bisnero por el feminicidio de renata en atizapa n infobae,detienen al influencer wero bisnero por el feminicidio de renata en atizapa n infobae detienen al influencer wero bisnero por el feminicidio de renata en atizapa n infobae detienen al influencer wero bisnero por el feminicidio de renata en atizapa n infobae,0,0.8002329230707789,feminicidio ctimas feminicidio vi ctimas feminicidio hijos orfandad,105,0.0780984237621542,0.002128721412607979,0.1824,Baja
Comisión de Diputados aprueba por unanimidad proyecto de ley que protege a menores huérfanos de feminicidio - diputados.gob.bo,Comisión de Diputados aprueba por unanimidad proyecto de ley que protege a menores huérfanos de feminicidio diputados.gob.bo,https://news.google.com/rss/articles/CBMi2gFBVV95cUxQMzFXREloRHZ3LXlsYi1vMERSaWE1Y2JXckVGckN5TU5uUDJBN2tMS0tLeDdITHZQaTNwb1R2dlgzQlBZMEFaU3FaS3RRSURaRHI3S1hDTGxCMUJtczdaRVFLTXRUczJEdUx0VUdEenRQZm1vVFN4UnZuU1l4aGtIOWZsdGZkMzNWcml3QnFQSHhzYVlvdjRrV19RLUctSl9TMVRCR1VDaDd5WDd4WExCejVpUDdrb01pZmN0SnQwLUpwaXFvcHVoU0pBYlJhdHYzZ0pvNS1FV3N4QQ?oc=5,https://news.google.com/rss/search?q=feminicidio+hijos+hu%C3%A9rfanos&hl=es-419&gl=MX&ceid=MX:es-419,2025-10-07T07:00:00+00:00,0.5,0.3548,0.8085,Alta,Si,3,comisio n de diputados aprueba por unanimidad proyecto de ley que protege a menores hue rfanos de feminicidio diputados gob bo,comisio n de diputados aprueba por unanimidad proyecto de ley que protege a menores hue rfanos de feminicidio diputados gob bo,comisio n de diputados aprueba por unanimidad proyecto de ley que protege a menores hue rfanos de feminicidio diputados gob bo comisio n de diputados aprueba por unanimidad proyecto de ley que protege a menores hue rfanos de feminicidio diputados gob bo comisio n de diputados aprueba por unanimidad proyecto de ley que protege a menores hue rfanos de feminicidio diputados gob bo,2,0.8740751288192258,feminicidio hue rfanos rfanos hue rfanos feminicidio,122,0.5268525393030576,0.015559374416045935,0.4913,Alta
Feminicidios dejan en Puebla a 15 menores de edad sin madre en 2025 - Acento 21,Feminicidios dejan en Puebla a 15 menores de edad sin madre en 2025 Acento 21,https://news.google.com/rss/articles/CBMi4gFBVV95cUxNQmpDeEtudkxDQWFzOWduMW11NjQzNHhPMVBjajFYQXhzYlBERUFZUk5iYV94MDhVd1RwenF5b01jQnJzXy1jM0pRbTRpek1ybkpSSmkxRV9SR3lVa2FHVGNJYVB2V2hSVm83dEdzS2NwS3J2cnlkQV9ZQ09yR0RUd1lyNDFqZ3lySHdGenRGV2NuMFV5d1haeWc5eHFJMHdnVUVodGJ3ZTN4WnJVcTNDelJaRlJscVlZd1M5TE9iNXI5cmpFS2s0ZFluUlpmemQ5S0NPaHkzME5HOWxHcWVzc1lB?oc=5,https://news.google.com/rss/search?q=orfandad+feminicidio+menores&hl=es-419&gl=MX&ceid=MX:es-419,2025-10-07T07:00:00+00:00,0.0,0.5918,0.3196,Media,Si,1,feminicidios dejan en puebla a 15 menores de edad sin madre en 2025 acento 21,feminicidios dejan en puebla a 15 menores de edad sin madre en 2025 acento 21,feminicidios dejan en puebla a 15 menores de edad sin madre en 2025 acento 21 feminicidios dejan en puebla a 15 menores de edad sin madre en 2025 acento 21 feminicidios dejan en puebla a 15 menores de edad sin madre en 2025 acento 21,0,0.8488256828206759,feminicidio ctimas feminicidio vi ctimas feminicidio hijos orfandad,335,0.12545459655120345,0.01573328315945904,0.1981,Baja
"👩🏻‍⚖️ Fue capturado e imputado por un feminicidio ocurrido en Tlajomulco 👩🏻‍⚖️ 🔎 La Vicefiscalía en Investigación Especializada en Atención a Mujeres, Niñas, Niños y Adolescentes, Razón de Género y la Familia logró presentar al señalado ante un juez, - facebook.com","👩🏻‍⚖️ Fue capturado e imputado por un feminicidio ocurrido en Tlajomulco 👩🏻‍⚖️ 🔎 La Vicefiscalía en Investigación Especializada en Atención a Mujeres, Niñas, Niños y Adolescentes, Razón de Género y la Familia logró presentar al señalado ante un juez, facebook.com",https://news.google.com/rss/articles/CBMi7gFBVV95cUxNWE14RmZJOGFGWnpaNWtiRmQ4MktrVncydXI0T0RkQ3RDZVF5cEpjeVdJNzh3NHV2SlhLaHpYXzZ3SFY2bENGN01JaWUxYmxqLVpxanNvS3Q5SmtyNjZEMzg3eVp4ZlUtX1kyWVYwZkloanFRbUhTbjFBV1JmWExLNEk1RW5Iby1FT094THppRzBsRGpqVHJONk04aUNmemdsYVlKT0VhTFJieVhfaHhjWGJjUWhVaXFpcG91MlQ1WG1YOEJud084M1V2U3ZmNlA4TExXUHAyWFI5Tl9pSDUtY1p5NmEyVEFib1BMVVdB?oc=5,https://news.google.com/rss/search?q=feminicidio+ni%C3%B1os+ni%C3%B1as&hl=es-419&gl=MX&ceid=MX:es-419,2025-10-07T07:00:00+00:00,0.5,0.3333,0.7246,Alta,Si,2,fue capturado e imputado por un feminicidio ocurrido en tlajomulco la vicefiscali a en investigacio n especializada en atencio n a mujeres nin as nin os y adolescentes razo n de ge nero y la familia logro presentar al sen alado ante un juez facebook com,fue capturado e imputado por un feminicidio ocurrido en tlajomulco la vicefiscali a en investigacio n especializada en atencio n a mujeres nin as nin os y adolescentes razo n de ge nero y la familia logro presentar al sen alado ante un juez facebook com,fue capturado e imputado por un feminicidio ocurrido en tlajomulco la vicefiscali a en investigacio n especializada en atencio n a mujeres nin as nin os y adolescentes razo n de ge nero y la familia logro presentar al sen alado ante un juez facebook com fue capturado e imputado por un feminicidio ocurrido en tlajomulco la vicefiscali a en investigacio n especializada en atencio n a mujeres nin as nin os y adolescentes razo n de ge nero y la familia logro presentar al sen alado ante un juez facebook com fue capturado e imputado por un feminicidio ocurrido en tlajomulco la vicefiscali a en investigacio n especializada en atencio n a mujeres nin as nin os y adolescentes razo n de ge nero y la familia logro presentar al sen alado ante un juez facebook com,3,0.9071564679363572,feminicidio vi nin vi ctimas ctimas,103,0.5702101287172922,0.014707690021249673,0.4406,Alta
Infantes son más vulnerables a delitos en videojuegos en línea y aumento de “orfandad digital”: Sipinna - El Sol de México,Infantes son más vulnerables a delitos en videojuegos en línea y aumento de “orfandad digital”: Sipinna El Sol de México,https://news.google.com/rss/articles/CBMi3gFBVV95cUxNRzFsbWp5RWMyNTVYNm02eERuZjlqd0NSYlBsb0lRQ3pHczY4X1hmS3BYLUNiRGJTNzBvb0doNFh2WnpsTHl2cjJMTUZIRmJqTFlFSjk4eGVHd09YTUxKRkJyODBvUkF4Qk54MUJuYVN1eldoMC1paHRyRWNPbWd5REtFUlBvXzM2bklDQ3R5ZGV6R0Q3bE1LV3IxM2VCM0FpWnlpZHUtQkNNZUlzYlFoU2p1dktTWWJvbGRHcmFtWjRhTklzQmc3aTRjbzRQUmtzaHRsbHRXQlphQkh3QWc?oc=5,https://news.google.com/rss/search?q=orfandad+violencia+genero+Mexico&hl=es-419&gl=MX&ceid=MX:es-419,2025-10-06T07:00:00+00:00,0.0,0.5918,0.2663,Baja,Si,1,infantes son ma s vulnerables a delitos en videojuegos en li nea y aumento de orfandad digital sipinna el sol de me xico,infantes son ma s vulnerables a delitos en videojuegos en li nea y aumento de orfandad digital sipinna el sol de me xico,infantes son ma s vulnerables a delitos en videojuegos en li nea y aumento de orfandad digital sipinna el sol de me xico infantes son ma s vulnerables a delitos en videojuegos en li nea y aumento de orfandad digital sipinna el sol de me xico infantes son ma s vulnerables a delitos en videojuegos en li nea y aumento de orfandad digital sipinna el sol de me xico,1,0.8671381847020639,feminicidio ctimas vi ctimas vi rfanos,264,0.06912270177321592,0.010272058196326475,0.1639,Baja
Justicia fortalece protección a huérfanos de feminicidio - El Nacional - El diario de los lectores influyentes,Justicia fortalece protección a huérfanos de feminicidio El Nacional - El diario de los lectores influyentes,https://news.google.com/rss/articles/CBMimwFBVV95cUxOUjlYR0hfb1dtc1UzX2R5OTFUM2JwWEFFYjVSVnRYbjY1b21BZ0VhcjdOcjJRWXN5N29feUVXMU0tTHZ5c3Z5WjVtSC01SFdxbWlXeGVTeDFNVGJCTHdqUHVXVlYyNERNWG5GVzRoUUhGWFVUb09SM2otZC1NNjVtUlFPbUJsWkdJN1ItNHNNaUtLQlhwMTFhS0YxWdIBoAFBVV95cUxPdnRyX2x5ZTdVaEdqcDNwbE9ocE9ZV2hNTnpZNEE1RUNObDJYUU1yRGFlQnJLYWJ4bEhQN2VzQTNaNXRoZGdWdFFrc2hUek1FNkV5RzlzOVRvelBHYnUzVjdiWlhERXV6eWZKcGVSSl9ETzBLS0c5T0RGTkVLeXZteUEzMzNWRmFiSDF4TEdVS05TeWJyQzVIZFlCX2NlRGJL?oc=5,https://news.google.com/rss/search?q=feminicidio+hijos+hu%C3%A9rfanos&hl=es-419&gl=MX&ceid=MX:es-419,2025-09-22T07:00:00+00:00,0.5,0.0,0.3025,Media,No,3,justicia fortalece proteccio n a hue rfanos de feminicidio el nacional el diario de los lectores influyentes,justicia fortalece proteccio n a hue rfanos de feminicidio el nacional el diario de los lectores influyentes,justicia fortalece proteccio n a hue rfanos de feminicidio el nacional el diario de los lectores influyentes justicia fortalece proteccio n a hue rfanos de feminicidio el nacional el diario de los lectores influyentes justicia fortalece proteccio n a hue rfanos de feminicidio el nacional el diario de los lectores influyentes,2,0.8542651212125535,feminicidio hue rfanos rfanos hue rfanos feminicidio,112,0.18241007790716143,0.0024706364490889123,0.1825,Baja
"Jueces buscan mitigar el impacto del feminicidio en la vida de niños huérfanos, afirma jueza - Judiciales.net","Jueces buscan mitigar el impacto del feminicidio en la vida de niños huérfanos, afirma jueza Judiciales.net",https://news.google.com/rss/articles/CBMiuwFBVV95cUxNeFJNdTQtb1hZUUNsSWhuLVJKM1JZaU5XaGlrdll3Q21hNV9aQ0tnT01YQjBfd281WVJFVUtNZnJYUm5zZFkzMVdsVklIVWh6VWN0ZGRtc0VkYXVKX29weHcyblYzVGc1SXZONmhSZUtEUWR1Mm43Zkw5SlFBWTE4X1JFZURhb0Rkcnc1QWw3MVB5aF9QNXdoNlpPSEtCclplVkxOVXVlRlV3TUJ1WThMNGhJc19kQk9sckhB?oc=5,https://news.google.com/rss/search?q=feminicidio+menores+hu%C3%A9rfanos&hl=es-419&gl=MX&ceid=MX:es-419,2025-09-21T07:00:00+00:00,0.5,0.0,0.3025,Media,No,3,jueces buscan mitigar el impacto del feminicidio en la vida de nin os hue rfanos afirma jueza judiciales net,jueces buscan mitigar el impacto del feminicidio en la vida de nin os hue rfanos afirma jueza judiciales net,jueces buscan mitigar el impacto del feminicidio en la vida de nin os hue rfanos afirma jueza judiciales net jueces buscan mitigar el impacto del feminicidio en la vida de nin os hue rfanos afirma jueza judiciales net jueces buscan mitigar el impacto del feminicidio en la vida de nin os hue rfanos afirma jueza judiciales net,0,0.7754785429925558,feminicidio ctimas feminicidio vi ctimas feminicidio hijos orfandad,286,0.19527080722594975,0.002129715399646266,0.1824,Baja
Cuestionan ejercicio de paternidad tras acusarlo de violencia feminicida. Caso Birkenbach - cimacnoticias.com.mx,Cuestionan ejercicio de paternidad tras acusarlo de violencia feminicida. Caso Birkenbach cimacnoticias.com.mx,https://news.google.com/rss/articles/CBMiyAFBVV95cUxOU1ZJSnJ2Y1VFdTBpQkFKN0FFNUZGY1BZVTlWYnkxU0QtM0dOYi1oVGM4S2UtWENzUFY0WDEtQ1QzaVlCYkVmaWxOeXBZVnpoVzlzRVh6cEVMU05QaWEwV2pzY0ZiQ2g4Ynd2T2tlLUY1UjBNV0tNRkpFemZyTlhYSVd4WTRwa25yZGxKWXBYOW9oWUJXbnN1WkpFZFZMMG1NdDdWR1JuaW1ZaXVGZ3FvbjZyNk94ZFpsSGRjNjlXYXFtSFVwWEM1cw?oc=5,https://news.google.com/rss/search?q=feminicidio+ni%C3%B1os+ni%C3%B1as&hl=es-419&gl=MX&ceid=MX:es-419,2025-09-19T07:00:00+00:00,0.5,0.0,0.3025,Media,No,1,cuestionan ejercicio de paternidad tras acusarlo de violencia feminicida caso birkenbach cimacnoticias com mx,cuestionan ejercicio de paternidad tras acusarlo de violencia feminicida caso birkenbach cimacnoticias com mx,cuestionan ejercicio de paternidad tras acusarlo de violencia feminicida caso birkenbach cimacnoticias com mx cuestionan ejercicio de paternidad tras acusarlo de violencia feminicida caso birkenbach cimacnoticias com mx cuestionan ejercicio de paternidad tras acusarlo de violencia feminicida caso birkenbach cimacnoticias com mx,1,0.843099098673934,feminicidio ctimas vi ctimas vi rfanos,344,0.22557463627885319,0.06526737204565292,0.2076,Baja
Sinaloa apoya a casi 300 niños y adolescentes huérfanos por feminicidio - debate.com.mx,Sinaloa apoya a casi 300 niños y adolescentes huérfanos por feminicidio debate.com.mx,https://news.google.com/rss/articles/CBMiywFBVV95cUxOdDJWN2dMSU1rVEUzSG1objhoQzk2OXowdmQ0X3BrQ0VJLThla0xEeU5PN2YySEtxQVBLZUVZVDIwM19uN3duczRpcVJwazZ4M25CMlluMEpuNm9NSVZTNHBMY2Vsby1HdHh4c2ZhdWZld0h6QndWRklJOVpoQWp5bkctY05aRzBieEpJQ2ozQjg1bW1lYUJWcVhuYWZPWlVTVW9SVFNzcG8tMDVnSFlpdUJXdDNVN0oyTjFaeGpwTTJfUGF0eFlkamtZONIB0AFBVV95cUxPdzc5c3lQVkZtQk5FNThaeW9UQ010OWpra0tkOFpBTXpEczBPdVBoeEhTS3JFdGhxUlgwd1hQNkNtQ3lXN1NKNUdyYkE0RzVUTk9MS0pPd2RueEo0NzYtaFFpdWVOeTQ1UG8tOE9tclpLUEhhdkRWTFloLVJKaTlBTVZxb1FSQTNhNGo1TV9jczV1X2Y4X3ZXZWw5bU52dV85Wi1mMVpmZi1sQ3hjZEc4a0JWODd6ZW9MLUk2ajI1Xy13Zi1FQ1hDcTdRRmk4Z2dQ?oc=5,https://news.google.com/rss/search?q=feminicidio+hijos+hu%C3%A9rfanos&hl=es-419&gl=MX&ceid=MX:es-419,2025-09-16T07:00:00+00:00,0.5,0.3333,0.7246,Alta,Si,3,sinaloa apoya a casi 300 nin os y adolescentes hue rfanos por feminicidio debate com mx,sinaloa apoya a casi 300 nin os y adolescentes hue rfanos por feminicidio debate com mx,sinaloa apoya a casi 300 nin os y adolescentes hue rfanos por feminicidio debate com mx sinaloa apoya a casi 300 nin os y adolescentes hue rfanos por feminicidio debate com mx sinaloa apoya a casi 300 nin os y adolescentes hue rfanos por feminicidio debate com mx,1,0.8672964194451375,feminicidio ctimas vi ctimas vi rfanos,67,0.13517057899899593,0.0206551724608123,0.443,Alta
Diputada Yañiquez promueve proyecto de ley para proteger a menores cuyas madres murieron víctimas de feminicidio - diputados.gob.bo,Diputada Yañiquez promueve proyecto de ley para proteger a menores cuyas madres murieron víctimas de feminicidio diputados.gob.bo,https://news.google.com/rss/articles/CBMi4AFBVV95cUxPX2tWeHB1aXN0YXcxaEw1Q3BXeXZ6QjRfaDk5VVRHWU5LRzlvcklYNnFMc1NQcllDMC11cHVnNkNmWTh2SVBzT1lrZC1adlVMMVJVX1VTdE1QNXR2Y0NFcVppeVFId2kwLVFsMC04MEpqMlJILTdUTnc1MFhRdHJpa2hnM2xDbzQ0enJtYjh6YUE1bzcydjhIVTZFRlotZEEzbXJvZzFoUktnTUZwdmt1UjBmeGkyc0Y5THNCU1dTcUg0M0kwTEdPR1pqaDRNM0hmbHhDeEZqS0k2bF9wVFgxTw?oc=5,https://news.google.com/rss/search?q=feminicidio+hijos+hu%C3%A9rfanos&hl=es-419&gl=MX&ceid=MX:es-419,2025-09-13T07:00:00+00:00,0.5,0.3548,0.8085,Alta,Si,0,diputada yan iquez promueve proyecto de ley para proteger a menores cuyas madres murieron vi ctimas de feminicidio diputados gob bo,diputada yan iquez promueve proyecto de ley para proteger a menores cuyas madres murieron vi ctimas de feminicidio diputados gob bo,diputada yan iquez promueve proyecto de ley para proteger a menores cuyas madres murieron vi ctimas de feminicidio diputados gob bo diputada yan iquez promueve proyecto de ley para proteger a menores cuyas madres murieron vi ctimas de feminicidio diputados gob bo diputada yan iquez promueve proyecto de ley para proteger a menores cuyas madres murieron vi ctimas de feminicidio diputados gob bo,2,0.8907138066412387,feminicidio hue rfanos rfanos hue rfanos feminicidio,111,0.2734211028094757,0.015359313896926243,0.4912,Alta
"Detienen a pareja por feminicidio de niña de 4 años en Zuazua, Nuevo León - TV Azteca","Detienen a pareja por feminicidio de niña de 4 años en Zuazua, Nuevo León TV Azteca",https://news.google.com/rss/articles/CBMisgFBVV95cUxOZXRxNDlUYmJMdjdlOXVkcWZqYVZGMzI2Y3c5b21hd3llRjNrWlItNnNUVm9wU0FPdVBKX1IzNExWbFZ5ZmYtUUlfUlZPUHdPWkQ0aUtKTm9UaVF4QWRKS25jN2tKWDFfR0pGU0pzTmxqV2NIakY2SUFQYXcwTGd5c0hhS1ZIbjh5bXYzWFlfREluMXVIWnNfZDR1NjR5X2w3QVN6NWlRRGZaY2pOTVl5Nkhn?oc=5,https://news.google.com/rss/search?q=feminicidio+ni%C3%B1os+ni%C3%B1as&hl=es-419&gl=MX&ceid=MX:es-419,2025-09-06T07:00:00+00:00,0.5,0.0,0.3025,Media,No,1,detienen a pareja por feminicidio de nin a de 4 an os en zuazua nuevo leo n tv azteca,detienen a pareja por feminicidio de nin a de 4 an os en zuazua nuevo leo n tv azteca,detienen a pareja por feminicidio de nin a de 4 an os en zuazua nuevo leo n tv azteca detienen a pareja por feminicidio de nin a de 4 an os en zuazua nuevo leo n tv azteca detienen a pareja por feminicidio de nin a de 4 an os en zuazua nuevo leo n tv azteca,1,0.8581431714835459,feminicidio ctimas vi ctimas vi rfanos,165,0.1821000912680086,0.0021797483105632305,0.1824,Baja
Promueve Nora Yessica Merino la “Ley Monzón” para proteger a hijos de mujeres víctimas de feminicidio - Cámara de Diputados,Promueve Nora Yessica Merino la “Ley Monzón” para proteger a hijos de mujeres víctimas de feminicidio Cámara de Diputados,https://news.google.com/rss/articles/CBMi9gFBVV95cUxNOFQzRlMxQU5OZERjQ3FZUWQzX1NzaXI3MFhpdG5mNG5NSkFqLUdYYkFWZE5rbnJUMlpCSjBCLTdxS3J3N1pLUm9YY3JBQXV2SmRKODM2ZVdkSDR0akMweVMxUHZ5QjBEVGx2dlY3dUZOYVFyRmVJWUxvSkM4MGJoWVd2Q09GemdsNEN5Zy0wTUI0VzJZZ0RsS3ZkNFBmMDQzOXFORlI0VmlUQ3pBNlI2UzZsQnF4Ymg5TVhaOVFLaERqRDBhQ0ZxTU9KNVMyOElWWDU3YlNTWW5hNW02VVlqOWFyb0drSUViMXdFME5HWEVlWHg1T2c?oc=5,https://news.google.com/rss/search?q=feminicidio+hijos+menores+M%C3%A9xico&hl=es-419&gl=MX&ceid=MX:es-419,2025-09-02T07:00:00+00:00,0.5,0.375,0.8254,Alta,Si,0,promueve nora yessica merino la ley monzo n para proteger a hijos de mujeres vi ctimas de feminicidio ca mara de diputados,promueve nora yessica merino la ley monzo n para proteger a hijos de mujeres vi ctimas de feminicidio ca mara de diputados,promueve nora yessica merino la ley monzo n para proteger a hijos de mujeres vi ctimas de feminicidio ca mara de diputados promueve nora yessica merino la ley monzo n para proteger a hijos de mujeres vi ctimas de feminicidio ca mara de diputados promueve nora yessica merino la ley monzo n para proteger a hijos de mujeres vi ctimas de feminicidio ca mara de diputados,0,0.8778918370988587,feminicidio ctimas feminicidio vi ctimas feminicidio hijos orfandad,84,0.245207326566652,0.013783130041607727,0.5008,Alta
Congreso de Chihuahua tipifica el feminicidio en su Código Penal - Congreso del Estado de Chihuahua,Congreso de Chihuahua tipifica el feminicidio en su Código Penal Congreso del Estado de Chihuahua,https://news.google.com/rss/articles/CBMibEFVX3lxTE55cXMtNERmc3RGMTdHZFM4SW9UX1c1UHNjQWhtcHhKZDRaWWNoYnB3VEpJZlpudC1NbjFueHp1NkRoQTl0QXI1LU9FNkg1bTQxM2pmQmxoSWVGaGtQeGNwbHR1RldpVktXZ0JZTQ?oc=5,https://news.google.com/rss/search?q=feminicidio+M%C3%A9xico&hl=es-419&gl=MX&ceid=MX:es-419,2025-08-30T20:36:22+00:00,0.5,0.0,0.3025,Media,No,1,congreso de chihuahua tipifica el feminicidio en su co digo penal congreso del estado de chihuahua,congreso de chihuahua tipifica el feminicidio en su co digo penal congreso del estado de chihuahua,congreso de chihuahua tipifica el feminicidio en su co digo penal congreso del estado de chihuahua congreso de chihuahua tipifica el feminicidio en su co digo penal congreso del estado de chihuahua congreso de chihuahua tipifica el feminicidio en su co digo penal congreso del estado de chihuahua,5,0.824730470313231,feminicidio mx com orfandad cimacnoticias,288,0.3071466371473408,0.0019360963027717643,0.1823,Baja
Al menos 156 menores han quedado huérfanos como resultado de un feminicidio desde 2019 - El Nuevo Día,Al menos 156 menores han quedado huérfanos como resultado de un feminicidio desde 2019 El Nuevo Día,https://news.google.com/rss/articles/CBMi0wFBVV95cUxOSXoyakpnUy1CQUdFeC1yUUVodlltTE5lT21Lbzl3aTZYWW41ZW5XSG93MGx6TnU5UlppYzd3bzlCZWtyR3IxdXdzSUZFeFJnSE5melk4eU5hbWxmZXdTUzkwb0U1T19rbG81NjRhR2ZMX1IwX3Vkbm5DTnJYY1FYODRIV2JZQ0R5RzRXLVlvcEpfOVg5bEpUdVlnUFUwRW9jTDZOaFdrZl9DVkVHTlJQand4UlVuRF9qYXpsV3VBZGZRZDlBYWUtS3Z1TDEzbzJGVVB3?oc=5,https://news.google.com/rss/search?q=feminicidio+menores+hu%C3%A9rfanos&hl=es-419&gl=MX&ceid=MX:es-419,2025-08-27T07:00:00+00:00,0.5,0.3548,0.8085,Alta,Si,3,al menos 156 menores han quedado hue rfanos como resultado de un feminicidio desde 2019 el nuevo di a,al menos 156 menores han quedado hue rfanos como resultado de un feminicidio desde 2019 el nuevo di a,al menos 156 menores han quedado hue rfanos como resultado de un feminicidio desde 2019 el nuevo di a al menos 156 menores han quedado hue rfanos como resultado de un feminicidio desde 2019 el nuevo di a al menos 156 menores han quedado hue rfanos como resultado de un feminicidio desde 2019 el nuevo di a,1,0.8558215752939579,feminicidio ctimas vi ctimas vi rfanos,74,0.28733070894456747,0.017603746123958087,0.4921,Alta
Justicia para los hijos de víctimas de feminicidio: ahora la ley los protege y acompaña - Caracol Radio,Justicia para los hijos de víctimas de feminicidio: ahora la ley los protege y acompaña Caracol Radio,https://news.google.com/rss/articles/CBMivgFBVV95cUxPanBWdzdzSHVtNHVsWVhFOTYxTHhQdVRXbVZIWXk1N0h4ZWdSREgzeFUzd01TeDFjZHVHOGpyaEx3Z3lzRWxWQWhBREdKejRfUlZiWTN1eDFxWi1UaXJwX1hnWFB4ekE2TFZNLTNnbENDZ1dnTlNJY3k2NTIzTVg3Yjl2RU83aVVCZk0wb0hlbnlHVlBvdUQ0QWpwS1p3MkFmOWhkTlhhNm9zemdwdXBWckItQXl5czFXVHhmYWp30gHSAUFVX3lxTE1OemZKdmVDblBrdFFhWFA1Yng1UW9KVGUyRWVjZ1c2NzFRNjRSMXMwLTFxZDBtdlJQT2hqSWFjQXlHSGlETEduLUMwWTJfX1A4azRNdUdBMXRtS3FfejBCQ0JZQU1XTUpLTDNpbFFrMXRZYXMtaEN5SHRTbm40UjY2WHdVaHZYQ19YOFdDTHNMQ3hhSXlGUlJlLWZhMlhmeEM2OUxCWTU1TGlLLXlHVnY5Y3Z6cFhOaUVtX2ppei1lbWNnSktUOXlWQVVONk1yaTc2UQ?oc=5,https://news.google.com/rss/search?q=feminicidio+hijos+hu%C3%A9rfanos&hl=es-419&gl=MX&ceid=MX:es-419,2025-08-21T07:00:00+00:00,0.5,0.375,0.8254,Alta,Si,0,justicia para los hijos de vi ctimas de feminicidio ahora la ley los protege y acompan a caracol radio,justicia para los hijos de vi ctimas de feminicidio ahora la ley los protege y acompan a caracol radio,justicia para los hijos de vi ctimas de feminicidio ahora la ley los protege y acompan a caracol radio justicia para los hijos de vi ctimas de feminicidio ahora la ley los protege y acompan a caracol radio justicia para los hijos de vi ctimas de feminicidio ahora la ley los protege y acompan a caracol radio,3,0.8625955694560096,feminicidio vi nin vi ctimas ctimas,145,0.17256255471345414,0.018691300833499864,0.5027,Alta
¡Rexistimos! el feminicidio y la telaraña de poderes - Scielo.org.mx,¡Rexistimos! el feminicidio y la telaraña de poderes Scielo.org.mx,https://news.google.com/rss/articles/CBMiigFBVV95cUxNZTJIRnpXdXQxMU4wLTdUclFPOUJLU3R0Ujk5Wjl1SUtHR0pxX01zd3VZd015bnpnTnRRV2J6WXpNR1BBdDJSRzdOdFBMSUMtLUxKM3dVcERfbkp6cXdneWduUVNXeVRlVGViWHRsVXhNLXE1Ul84Vmg5VnVXY0NlVF92OFNSb1RFNHc?oc=5,https://news.google.com/rss/search?q=feminicidio+M%C3%A9xico&hl=es-419&gl=MX&ceid=MX:es-419,2025-08-19T16:56:47+00:00,0.5,0.0,0.3025,Media,No,1,rexistimos el feminicidio y la telaran a de poderes scielo org mx,rexistimos el feminicidio y la telaran a de poderes scielo org mx,rexistimos el feminicidio y la telaran a de poderes scielo org mx rexistimos el feminicidio y la telaran a de poderes scielo org mx rexistimos el feminicidio y la telaran a de poderes scielo org mx,3,0.8245011801198026,feminicidio vi nin vi ctimas ctimas,248,0.4198958985528557,0.002419717111815061,0.1825,Baja
"Colombia ya tiene Ley de Huérfanos por Feminicidio, gestionada por la representante Carolina Giraldo - Risaraldahoy.com","Colombia ya tiene Ley de Huérfanos por Feminicidio, gestionada por la representante Carolina Giraldo Risaraldahoy.com",https://news.google.com/rss/articles/CBMiwwFBVV95cUxOdDNUbFRlZEVaR0tSY0V4NndzcXpYSkFPd2xFdEpXT1VXRUY1UUNZYUtaVzJ0QVhkY3gzeC13TkJTRHl5OHVMbmhDVWlRNkYxRHdjZUNBcWFiRGdYNXNOcXZFRkh0ZEtXTmpGeURRYzBleVluT0Eyem1QLXdQejgyVkRVRXltMnRNcnlBYmNZbDhWanVxaGhqSkd6b2xUZm9zVXB2cXJySFFVSTRoaURuRTVlaXNzdlB6MmJ1Z0Z2dWdCZTA?oc=5,https://news.google.com/rss/search?q=feminicidio+menores+hu%C3%A9rfanos&hl=es-419&gl=MX&ceid=MX:es-419,2025-08-19T07:00:00+00:00,0.5,0.0,0.3025,Media,No,3,colombia ya tiene ley de hue rfanos por feminicidio gestionada por la representante carolina giraldo risaraldahoy com,colombia ya tiene ley de hue rfanos por feminicidio gestionada por la representante carolina giraldo risaraldahoy com,colombia ya tiene ley de hue rfanos por feminicidio gestionada por la representante carolina giraldo risaraldahoy com colombia ya tiene ley de hue rfanos por feminicidio gestionada por la representante carolina giraldo risaraldahoy com colombia ya tiene ley de hue rfanos por feminicidio gestionada por la representante carolina giraldo risaraldahoy com,3,0.8470102288763472,feminicidio vi nin vi ctimas ctimas,18,0.16707401025376128,0.001831237369786592,0.1822,Baja
Mujer asesinada por su pareja en San Antonio vivía bajo amenazas; sus hijos quedaron solos - Univision,Mujer asesinada por su pareja en San Antonio vivía bajo amenazas; sus hijos quedaron solos Univision,https://news.google.com/rss/articles/CBMipAFBVV95cUxPMElfclN0RkhWV0Y3ajlDRkJuRFRxYXJFRWxnSmpTRzVCTy1aWGRkV3lTdTZpeUZxR25PWjdtTzQxU18tYW52TFNhWkFYTzNhWV9ONFIzTEVKelh5S3FGSVpqS2RYTWZ6UGdYMUlhOVVGLWlEWm04ejlyTGI4VVRoRzJZWmNpMHFJNGRyTUQ3TlJaSE11UTVwSjMyazR5d0xFc3VpTQ?oc=5,https://news.google.com/rss/search?q=asesinato+mujer+hijos+quedaron&hl=es-419&gl=MX&ceid=MX:es-419,2025-08-19T07:00:00+00:00,0.0,0.6078,0.2735,Baja,Si,1,mujer asesinada por su pareja en san antonio vivi a bajo amenazas sus hijos quedaron solos univision,mujer asesinada por su pareja en san antonio vivi a bajo amenazas sus hijos quedaron solos univision,mujer asesinada por su pareja en san antonio vivi a bajo amenazas sus hijos quedaron solos univision mujer asesinada por su pareja en san antonio vivi a bajo amenazas sus hijos quedaron solos univision mujer asesinada por su pareja en san antonio vivi a bajo amenazas sus hijos quedaron solos univision,4,0.8619929275995397,hue hue rfanos rfanos feminicidio rfanos feminicidio,120,0.09587250792222884,0.04465935129698577,0.182,Baja
Colombia hace historia: nueva ley protege a huérfanos de feminicidio y marca un hito en América Latina - Pulzo,Colombia hace historia: nueva ley protege a huérfanos de feminicidio y marca un hito en América Latina Pulzo,https://news.google.com/rss/articles/CBMi3AFBVV95cUxOSWl2M0tjTHZUXzJNOEtGdEJBMG1HXzNkZTNKNlBJN1FMcURtQWQ1d0pHc0JBS0tWN2dVc2trRWRsVVE2T2hGMldaZUdwV3VSVkJUUGp2V2M1YTZVa2Fvbm5Bakotb1lsWEpsNERibjRVWURSUGxjem8tMVpUbi1HWmZsNDIzS21ITEhuUi15bFVyN2p6SjY2cFhhNjM2OVhDeEZwSWkzMGh3cTU5X0Q0YlIycWw0MGhHZ2h2SVhVVTlnVmJSdHF2bktsd29DOHRwM0Z0dmpEc0U0aS1a0gHiAUFVX3lxTE52MFAwUzJQbDhKeExCeHZqM01YV1JGNk5ibW1MZVdVNk1XTmhwVk8tZTZ2YXk0d2wxWlpzLURUTGpXUnA4a3k0ZUliT1FPajRFVm42bGZ3SDBxb0xHMkJKOGU4ZnlubUFpWFFmUmpCWXNaQzhpZm5JeHJxNjlTMUlUSGVzVzdUYmdEd1E1akQ3YlU0bnh0bXVGc1owZUItS0Y0dTc1THM1QXl5ajlRMk9Ja01jQmdKSldSUFI0OFRwSWpvOFlPSWkxMW9qNUtfSWVNR1lKdFAzNHFZRHVwRTNYZ1E?oc=5,https://news.google.com/rss/search?q=feminicidio+hijos+hu%C3%A9rfanos&hl=es-419&gl=MX&ceid=MX:es-419,2025-08-16T07:00:00+00:00,0.5,0.0,0.3025,Media,No,3,colombia hace historia nueva ley protege a hue rfanos de feminicidio y marca un hito en ame rica latina pulzo,colombia hace historia nueva ley protege a hue rfanos de feminicidio y marca un hito en ame rica latina pulzo,colombia hace historia nueva ley protege a hue rfanos de feminicidio y marca un hito en ame rica latina pulzo colombia hace historia nueva ley protege a hue rfanos de feminicidio y marca un hito en ame rica latina pulzo colombia hace historia nueva ley protege a hue rfanos de feminicidio y marca un hito en ame rica latina pulzo,1,0.878755756569376,feminicidio ctimas vi ctimas vi rfanos,100,0.24881464322253,0.0018958695847431089,0.1823,Baja
Sancionada la Ley Huérfanos por Feminicidio: Juliana Aray Franco - Cámara de representantes,Sancionada la Ley Huérfanos por Feminicidio: Juliana Aray Franco Cámara de representantes,https://news.google.com/rss/articles/CBMilAFBVV95cUxPbnM3U0dfWVpXeUZybTZNSzBqU2RpQXdMUnVGbjVqYnh5blp2RUI4akZMbzl0NkhBRWFHY3o2XzV2R0o1REh2Q1FVTnNYSnNDblphYUFId1NMSnExNVpLQU1wUlBGZEVyQ0dtT0hwenJ6TXNyRTRWNUluOXZnUDU3a09odkZNNllLQXlLRVZpcTdzV1JE?oc=5,https://news.google.com/rss/search?q=feminicidio+hijos+hu%C3%A9rfanos&hl=es-419&gl=MX&ceid=MX:es-419,2025-08-15T07:00:00+00:00,0.5,0.0,0.3025,Media,No,3,sancionada la ley hue rfanos por feminicidio juliana aray franco ca mara de representantes,sancionada la ley hue rfanos por feminicidio juliana aray franco ca mara de representantes,sancionada la ley hue rfanos por feminicidio juliana aray franco ca mara de representantes sancionada la ley hue rfanos por feminicidio juliana aray franco ca mara de representantes sancionada la ley hue rfanos por feminicidio juliana aray franco ca mara de representantes,2,0.8515715158918469,feminicidio hue rfanos rfanos hue rfanos feminicidio,144,0.31709877337090164,0.0020289123455734083,0.1823,Baja
“Estos niños no estarán solos”: sancionada la Ley Huérfanos por Feminicidio - larazon.co,“Estos niños no estarán solos”: sancionada la Ley Huérfanos por Feminicidio larazon.co,https://news.google.com/rss/articles/CBMilwFBVV95cUxQckg3RWtOeTZmdWF0R3dkeVptQ1AyUHhiV0ZhN09ITlF5MmN4NzNCT0gxOVFQb0E4TXRUQ0w4VUNBR3RLM09Sa3BibnBhMERvZ0NhTlZQZ0VPcWJ1ZlA2WnM5dElraFAtV1R3ZjU2SnhCS1JCNXFtbGN2Y0o5TE1ua3BLU0dhZWZhSmhXOUxhdDJYYzdwT05j?oc=5,https://news.google.com/rss/search?q=feminicidio+hijos+hu%C3%A9rfanos&hl=es-419&gl=MX&ceid=MX:es-419,2025-08-14T15:34:53+00:00,0.5,0.0,0.3025,Media,No,3,estos nin os no estara n solos sancionada la ley hue rfanos por feminicidio larazon co,estos nin os no estara n solos sancionada la ley hue rfanos por feminicidio larazon co,estos nin os no estara n solos sancionada la ley hue rfanos por feminicidio larazon co estos nin os no estara n solos sancionada la ley hue rfanos por feminicidio larazon co estos nin os no estara n solos sancionada la ley hue rfanos por feminicidio larazon co,2,0.846451612368886,feminicidio hue rfanos rfanos hue rfanos feminicidio,145,0.3531209132854307,0.002259499827328954,0.1824,Baja
Ya fue sancionada la Ley Huérfanos por Feminicidio: ¿De que se trata? - Caracol Radio,Ya fue sancionada la Ley Huérfanos por Feminicidio: ¿De que se trata? Caracol Radio,https://news.google.com/rss/articles/CBMiowFBVV95cUxPWklWOXZocE9JekI4RmRGLVFvNHk4em1na0x5eVJBZDRWVVJUWUR2WmFhZlVZbGN5WWxaaVV3ZDJjZ1dFSV9XNEhaLVE4S2pUUTJJbi1jb3FtUWlzYkF2Q2NyRGZvRGdsc2FGN2twVFRnMlA2U1VxV2pzVUJJYXpXVmo2LVpjVkxyV3JfaTJfQ3g3czhSYTZNNDQ3ZDMzeERaS2hv0gG3AUFVX3lxTE1idW9aZHU5UDE3M3Q0M1dZQU9xV25XdFcxMHhQUHoxOERFWlUtNTlQNjBzSnVfcXBsdmdXN2pOSXpBMS1TR1lYNEowbURXTi1Gb2lRVm5aQjNETG9KRE1CUzgzdWM0ZHRuTDBsZFlxa0FFQWFtbWVRNVh0WTRZRVRjUFBVSHVtZXM5ZUtZRU54TGVjdkJ2NG1JQzBHOTFJVVdreC1nQncyZV9UZUNNMVhjSHlVSkl2bw?oc=5,https://news.google.com/rss/search?q=feminicidio+hijos+hu%C3%A9rfanos&hl=es-419&gl=MX&ceid=MX:es-419,2025-08-14T07:00:00+00:00,0.5,0.0,0.3025,Media,No,3,ya fue sancionada la ley hue rfanos por feminicidio de que se trata caracol radio,ya fue sancionada la ley hue rfanos por feminicidio de que se trata caracol radio,ya fue sancionada la ley hue rfanos por feminicidio de que se trata caracol radio ya fue sancionada la ley hue rfanos por feminicidio de que se trata caracol radio ya fue sancionada la ley hue rfanos por feminicidio de que se trata caracol radio,2,0.8424933582669791,feminicidio hue rfanos rfanos hue rfanos feminicidio,144,0.3531209132854307,0.002399194825869082,0.1825,Baja
La Ley Huérfanos por Feminicidio entra en vigencia tras sanción presidencial - Noticias RCN,La Ley Huérfanos por Feminicidio entra en vigencia tras sanción presidencial Noticias RCN,https://news.google.com/rss/articles/CBMiuAFBVV95cUxNV0VSLXpoQXp3ZXNsdGM4SENYUmpaLU9rd3lySjN6eEs2VUdtWHpzNGRLR1FYeHI4LVJrZXV0VTBtaVVCRE01cmNuVmhsTFhhWms5cmN5YVdKNU8zVVNFOTlsQ1RZem1uMV9sakNpZ1dnUGtrUHpTUDc3eXFYcEp3WWhJVWMySTVJS3VoaGlaSzktb2Q5QldWbk13WWlRZ290c1pmVFIyV0hfVy05RzZKT3VUSlAwZk5G0gG4AUFVX3lxTE5NMWFuRjNZdVJDXzdtRDlsZ3VsWUZhYVZSUUMwYnBhd2FHazZ3UEs1ZU0zYmh0X0dGUEtyMTcxV0t6Wl80Sktyd2pnb2p1ajZMNVpvQ2NheC13dHd4ZWFIdWlpX1hXMTBEZkVuQnRtR05EVkFrUExsMDhhamsyRTdKMkpBZGtuVFRSOV9zbG95NXlKdkVyeDlmd1BvZ1NNUm9mREcwVjlnMmp5Y0FPMzZBalBSTzkwOWw?oc=5,https://news.google.com/rss/search?q=feminicidio+hijos+hu%C3%A9rfanos&hl=es-419&gl=MX&ceid=MX:es-419,2025-08-14T07:00:00+00:00,0.5,0.0,0.3025,Media,No,3,la ley hue rfanos por feminicidio entra en vigencia tras sancio n presidencial noticias rcn,la ley hue rfanos por feminicidio entra en vigencia tras sancio n presidencial noticias rcn,la ley hue rfanos por feminicidio entra en vigencia tras sancio n presidencial noticias rcn la ley hue rfanos por feminicidio entra en vigencia tras sancio n presidencial noticias rcn la ley hue rfanos por feminicidio entra en vigencia tras sancio n presidencial noticias rcn,2,0.8455042398854189,feminicidio hue rfanos rfanos hue rfanos feminicidio,183,0.27311011172726535,0.0020255321609353306,0.1823,Baja
Registra feminicidio tendencia a la baja en los últimos meses - Gob MX,Registra feminicidio tendencia a la baja en los últimos meses Gob MX,https://news.google.com/rss/articles/CBMitAFBVV95cUxPbk1hQmF1blJyZDBtM21UdW9YZUNsNWRvSGlxczhjSVBhS1JDZ1E4WFduN2VGRENkQk5iRVRkMFNrRHRCb0luSzhBc1JzXzM2ZFlhT0pHMkhrSTF6LTd2dTNZbUxqalA3UTNlZW5qT3VxTDhCX2sxb3JlZkJyeEhZX0FpM0FJQnJrUTFGcnd1dDM5NUlveWRLRjJKUTZkOVduY18wSllEcUpBVE16d0V0M3V1TzU?oc=5,https://news.google.com/rss/search?q=feminicidio+M%C3%A9xico&hl=es-419&gl=MX&ceid=MX:es-419,2025-08-10T13:42:39+00:00,0.5,0.0,0.3025,Media,No,1,registra feminicidio tendencia a la baja en los u ltimos meses gob mx,registra feminicidio tendencia a la baja en los u ltimos meses gob mx,registra feminicidio tendencia a la baja en los u ltimos meses gob mx registra feminicidio tendencia a la baja en los u ltimos meses gob mx registra feminicidio tendencia a la baja en los u ltimos meses gob mx,5,0.8241349555790398,feminicidio mx com orfandad cimacnoticias,78,0.1399432867690494,0.0023245480600022853,0.1824,Baja
Al menos 277 infancias han quedado huérfanas por feminicidio en Sinaloa - revistaespejo.com,Al menos 277 infancias han quedado huérfanas por feminicidio en Sinaloa revistaespejo.com,https://news.google.com/rss/articles/CBMirgFBVV95cUxPMDlCV0wtU1ZqanBLdjFmMzgxdHJKUTI1My04NHpnY29YQW04WkNyQ1BBZ05GNkxBUkFjOUs5Zk9oNUhnUW1DTFFIUEoxVF83S21YV2VyY1BGbjZ6M0d1cXJoZDFJTlc3T2FkekJkNm1xbTU5YVgwaUxYODFtT2J5UExPdk5TVzVpeExFSjJ6dFdKZHhaV1pmNk5BSGpYY3ZBeGE2eGRUSWloMkt2RkE?oc=5,https://news.google.com/rss/search?q=feminicidio+hijos+hu%C3%A9rfanos&hl=es-419&gl=MX&ceid=MX:es-419,2025-08-06T07:00:00+00:00,0.5,0.0,0.3025,Media,No,1,al menos 277 infancias han quedado hue rfanas por feminicidio en sinaloa revistaespejo com,al menos 277 infancias han quedado hue rfanas por feminicidio en sinaloa revistaespejo com,al menos 277 infancias han quedado hue rfanas por feminicidio en sinaloa revistaespejo com al menos 277 infancias han quedado hue rfanas por feminicidio en sinaloa revistaespejo com al menos 277 infancias han quedado hue rfanas por feminicidio en sinaloa revistaespejo com,4,0.8545072024393519,hue hue rfanos rfanos feminicidio rfanos feminicidio,137,0.12576138387645713,0.002094129222482166,0.1823,Baja
Feminicidio infantil: el vergonzante recuento de 2025 - FrojiMX,Feminicidio infantil: el vergonzante recuento de 2025 FrojiMX,https://news.google.com/rss/articles/CBMiYEFVX3lxTE1vbjZ6T0c0d1FuTXVqVWkyaHJ5SWlaU004VGdmeDVzZ2luNzVkTzlJRDdkam9xcEZZajRXMGwwakc3SFBzSndVemdiYTlWcmNWZW1jSFVYZE5mQk51UkRjbw?oc=5,https://news.google.com/rss/search?q=feminicidio+ni%C3%B1os+ni%C3%B1as&hl=es-419&gl=MX&ceid=MX:es-419,2025-08-05T07:00:00+00:00,0.5,0.3103,0.707,Alta,Si,1,feminicidio infantil el vergonzante recuento de 2025 frojimx,feminicidio infantil el vergonzante recuento de 2025 frojimx,feminicidio infantil el vergonzante recuento de 2025 frojimx feminicidio infantil el vergonzante recuento de 2025 frojimx feminicidio infantil el vergonzante recuento de 2025 frojimx,3,0.8140766504863929,feminicidio vi nin vi ctimas ctimas,360,0.10919074003581854,0.002640288773638435,0.4253,Alta
El feminicidio en América Latina: ¿vacío legal o déficit del Estado de derecho? - CIDOB,El feminicidio en América Latina: ¿vacío legal o déficit del Estado de derecho? CIDOB,https://news.google.com/rss/articles/CBMiowFBVV95cUxNUHlCRFZzYmZEcUtpYWdxa0k3U0I0MmF4T01xOUt2TjY2enlXblJzX2dfQ1p2YXNNdkpudkNlNk8ycV9iYlRrUDc5RzJKcURnVjFkMG5ET1d5emJZUTRuSjVGRzNncWtiOTd5eGllTWxPSzI2LWI0X0tSeDFVVDhkMXNhTjF4X2c5S0VFcV9TX2pHUmp5UEpLd0ZhTHlDMmMzaHUw?oc=5,https://news.google.com/rss/search?q=feminicidio+M%C3%A9xico&hl=es-419&gl=MX&ceid=MX:es-419,2025-08-01T21:11:57+00:00,0.5,0.0,0.3025,Media,No,1,el feminicidio en ame rica latina vaci o legal o de ficit del estado de derecho cidob,el feminicidio en ame rica latina vaci o legal o de ficit del estado de derecho cidob,el feminicidio en ame rica latina vaci o legal o de ficit del estado de derecho cidob el feminicidio en ame rica latina vaci o legal o de ficit del estado de derecho cidob el feminicidio en ame rica latina vaci o legal o de ficit del estado de derecho cidob,5,0.8564616729015604,feminicidio mx com orfandad cimacnoticias,72,0.32661185247127034,0.001958713281118641,0.1823,Baja
Destinarán 10 mdp a hijos de víctimas de feminicidio - El Sol de México,Destinarán 10 mdp a hijos de víctimas de feminicidio El Sol de México,https://news.google.com/rss/articles/CBMitwFBVV95cUxQUjJ3NGtYUUVBWTBJcE13N25mdzRucGIyQXNNVnNmek4ydVlCMGpKOVFCN1F4YXNwbzgwV1hEaUtBV3Q2UmhicV9MdUtvSFptLWNjajNFVVBTSHVJRkhBRW9kUzRNQndIMnVmcDZJRURtVHNhTW05NE1CT01YSUlwM1dXdTJPdWZYUWozMjVUcmtfTTEwYkRnMUJ2QW83dWd0UjR0Ql9PX2VraHdET2FvNHgyamsxZjQ?oc=5,https://news.google.com/rss/search?q=%22alerta+de+g%C3%A9nero%22+menores&hl=es-419&gl=MX&ceid=MX:es-419,2025-07-31T07:00:00+00:00,0.5,0.375,0.8254,Alta,Si,0,destinara n 10 mdp a hijos de vi ctimas de feminicidio el sol de me xico,destinara n 10 mdp a hijos de vi ctimas de feminicidio el sol de me xico,destinara n 10 mdp a hijos de vi ctimas de feminicidio el sol de me xico destinara n 10 mdp a hijos de vi ctimas de feminicidio el sol de me xico destinara n 10 mdp a hijos de vi ctimas de feminicidio el sol de me xico,0,0.8509933659071934,feminicidio ctimas feminicidio vi ctimas feminicidio hijos orfandad,113,0.2734187184105456,0.019415494398029757,0.503,Alta
Desplazamiento forzado y víctimas indirectas: el otro rostro de la violencia feminicida en SLP - Astrolabio - Diario Digital,Desplazamiento forzado y víctimas indirectas: el otro rostro de la violencia feminicida en SLP Astrolabio - Diario Digital,https://news.google.com/rss/articles/CBMiwgFBVV95cUxPRm9yeGVhM2ZpRm1TMU1aVDgtTm5qdEplUDMwd0lpR1NjRWZKYlpUWWxhYlFRZFdfNkVlVXQ5RTZjOWNTMTJqV2ZRNUhGSHdjZVI3UmVIOU9icUdUZGNmV2VyYjR3SXZKOGFFNTc2UFMwWm83bkhzX2xSTWx6bmt2bC1yYktONVJ6TG96TXlDOFR2akIyUkdxVEVwUFhIRFFlRVpiZ3lEbXhzaDV4alZsQ254Y1dBWVVkc0ZPVFMtUG80UQ?oc=5,https://news.google.com/rss/search?q=%22v%C3%ADctimas+indirectas%22+feminicidio&hl=es-419&gl=MX&ceid=MX:es-419,2025-07-29T07:00:00+00:00,0.5,0.0,0.3025,Media,No,0,desplazamiento forzado y vi ctimas indirectas el otro rostro de la violencia feminicida en slp astrolabio diario digital,desplazamiento forzado y vi ctimas indirectas el otro rostro de la violencia feminicida en slp astrolabio diario digital,desplazamiento forzado y vi ctimas indirectas el otro rostro de la violencia feminicida en slp astrolabio diario digital desplazamiento forzado y vi ctimas indirectas el otro rostro de la violencia feminicida en slp astrolabio diario digital desplazamiento forzado y vi ctimas indirectas el otro rostro de la violencia feminicida en slp astrolabio diario digital,3,0.8560442789283162,feminicidio vi nin vi ctimas ctimas,258,0.18458549017703982,0.07258912712969254,0.2105,Baja
"A mitad del 2025, México suma 338 casos de feminicidio. Defensoras insisten en la prevención - cimacnoticias.com.mx","A mitad del 2025, México suma 338 casos de feminicidio. Defensoras insisten en la prevención cimacnoticias.com.mx",https://news.google.com/rss/articles/CBMiywFBVV95cUxPZGN4Umg4QWdpN0dEdjFDY3lXSjYxVjAxWW9zcDU0MzlKUURwcWRjck95NTIxRnRtNVhHQmZqSkk1OUlUcmZWVkxTdFVhdVh1MzU1OGNPSDhzSHZjYlN3WnRCZ3gta2VhVXF5NUhyV1Vfck16bTdJUG1qenl2Zk5JRVRucjVYZG9lcXlPZ3JQRW5MektDbUhuN2dOaEFoNmFUdjhvVmdiRGJCMWtfaW5qUnZGYS1OM211bURaV1lqeHhiNUYtbVdTSTM3WQ?oc=5,https://news.google.com/rss/search?q=feminicidio+M%C3%A9xico&hl=es-419&gl=MX&ceid=MX:es-419,2025-07-29T07:00:00+00:00,0.5,0.0,0.3025,Media,No,1,a mitad del 2025 me xico suma 338 casos de feminicidio defensoras insisten en la prevencio n cimacnoticias com mx,a mitad del 2025 me xico suma 338 casos de feminicidio defensoras insisten en la prevencio n cimacnoticias com mx,a mitad del 2025 me xico suma 338 casos de feminicidio defensoras insisten en la prevencio n cimacnoticias com mx a mitad del 2025 me xico suma 338 casos de feminicidio defensoras insisten en la prevencio n cimacnoticias com mx a mitad del 2025 me xico suma 338 casos de feminicidio defensoras insisten en la prevencio n cimacnoticias com mx,5,0.8608691127471627,feminicidio mx com orfandad cimacnoticias,344,0.19157615986770565,0.0018065825355778043,0.1822,Baja
Víctimas infantiles del feminicidio: dolor sinfín y justicia que no llega - La Jornada,Víctimas infantiles del feminicidio: dolor sinfín y justicia que no llega La Jornada,https://news.google.com/rss/articles/CBMixgFBVV95cUxOamxJVDRMRE9XTXE0cmVrQ0pLMDUybUxucE1BdjAwWlF6X1BBWHQwV2pKQlBCbW00Zmh6ZHpoMlJIWlhNY0k5THdvNzlKb2h1RnRBS2RyY1NGaEREWkxSTjZLY01OQ2JDR0hrTlNIdFJTUGxIU0JMclQtV1BpSzV5RG81MXd1VGYweWRaZ0RXVzlRZE9TZFhKa2FkUThsbnI0ZldxWWxpNnMtWFJTZEFGODJKaTdjdWV6Rl8wVk80ZkUtT3ZRN1E?oc=5,https://news.google.com/rss/search?q=feminicidio+ni%C3%B1os+ni%C3%B1as&hl=es-419&gl=MX&ceid=MX:es-419,2025-07-28T07:00:00+00:00,0.5,0.0,0.3025,Media,No,0,vi ctimas infantiles del feminicidio dolor sinfi n y justicia que no llega la jornada,vi ctimas infantiles del feminicidio dolor sinfi n y justicia que no llega la jornada,vi ctimas infantiles del feminicidio dolor sinfi n y justicia que no llega la jornada vi ctimas infantiles del feminicidio dolor sinfi n y justicia que no llega la jornada vi ctimas infantiles del feminicidio dolor sinfi n y justicia que no llega la jornada,0,0.8414341516815794,feminicidio ctimas feminicidio vi ctimas feminicidio hijos orfandad,313,0.074814999371055,0.0024169929139565283,0.1825,Baja
Guanajuato: crean fondo para hijos de víctimas de feminicidio - Quadratin Bajío,Guanajuato: crean fondo para hijos de víctimas de feminicidio Quadratin Bajío,https://news.google.com/rss/articles/CBMilwFBVV95cUxQdEVyc183LUt0TWJpSU05d3gwcFZ3Zm9aVnhybG5qWUtUZW1mVENSS1UxUUpERkdWN3NGMGVFN1ZuRGotZWFUS3hGVFBqd1dTSHh5cVFwMEY3cThsRjB2Y3A4aDlDWXMtUVY2YjAzOTZWekR0SURMeHRXQUlLdmtTNm9hY2dEVmFkMzlnNjlpTVdQWXRMTi13?oc=5,https://news.google.com/rss/search?q=%22v%C3%ADctimas+indirectas%22+feminicidio&hl=es-419&gl=MX&ceid=MX:es-419,2025-07-28T07:00:00+00:00,0.5,0.375,0.8254,Alta,Si,0,guanajuato crean fondo para hijos de vi ctimas de feminicidio quadratin baji o,guanajuato crean fondo para hijos de vi ctimas de feminicidio quadratin baji o,guanajuato crean fondo para hijos de vi ctimas de feminicidio quadratin baji o guanajuato crean fondo para hijos de vi ctimas de feminicidio quadratin baji o guanajuato crean fondo para hijos de vi ctimas de feminicidio quadratin baji o,0,0.8425791623679115,feminicidio ctimas feminicidio vi ctimas feminicidio hijos orfandad,351,0.17680735440705467,0.016527304910709743,0.5019,Alta
Aprueban Lineamientos del Fondo Especializado de atención a hijas e hijos de mujeres víctimas de desaparición y feminicidio - Boletines Dependencias,Aprueban Lineamientos del Fondo Especializado de atención a hijas e hijos de mujeres víctimas de desaparición y feminicidio Boletines Dependencias,https://news.google.com/rss/articles/CBMigAJBVV95cUxNVHRGOUN2YUhqUHNJU01YQ2l6RHMzSUtMa1VWaHI2NjlzNExGRlc0UkNOYndVcjFPT0dWa1BoeG81TElxUzA1cHRta3VnOXZySUZsZmhtTkphcVpqLUlIcnpzeW4zWW9XNDVwQi11el9PNEE0WjhHV3FtaTA5SmF4OFZwdnRUbmh3T3k3ZW5DSUhZSjNsM2tUYnJCaE5BVFJIdmMtYmd1THNUUlgwVUJMNmY5bTBQX0M4TGhYREZ2SWtqOE01ci1DN3Y3ajJTOG9kUFZrcUhXZVV3TTNucy1sV2pkMVpYZWg1ZFJGVndUS3h3REJiRjRsSC0wUUgwRmFm?oc=5,https://news.google.com/rss/search?q=feminicidio+ni%C3%B1os+ni%C3%B1as&hl=es-419&gl=MX&ceid=MX:es-419,2025-07-27T07:00:00+00:00,0.5,0.5455,0.968,Alta,Si,0,aprueban lineamientos del fondo especializado de atencio n a hijas e hijos de mujeres vi ctimas de desaparicio n y feminicidio boletines dependencias,aprueban lineamientos del fondo especializado de atencio n a hijas e hijos de mujeres vi ctimas de desaparicio n y feminicidio boletines dependencias,aprueban lineamientos del fondo especializado de atencio n a hijas e hijos de mujeres vi ctimas de desaparicio n y feminicidio boletines dependencias aprueban lineamientos del fondo especializado de atencio n a hijas e hijos de mujeres vi ctimas de desaparicio n y feminicidio boletines dependencias aprueban lineamientos del fondo especializado de atencio n a hijas e hijos de mujeres vi ctimas de desaparicio n y feminicidio boletines dependencias,3,0.8668543096558337,feminicidio vi nin vi ctimas ctimas,84,0.23128438971509735,0.03450120902172581,0.5946,Alta
Puebla Feminicida | Maribel Román es asesinada por su pareja en Chalchicomula de Sesma; tres menores quedan en orfandad - Urbano Puebla,Puebla Feminicida | Maribel Román es asesinada por su pareja en Chalchicomula de Sesma; tres menores quedan en orfandad Urbano Puebla,https://news.google.com/rss/articles/CBMi8AFBVV95cUxPZ2NpNUJJeXhHVU5tcjZNS3R5R2hFTkllT0dTU1VpWTduRmJFQ1dHc2FxamtZRi1sSm1TQ0M1Q25yYkFSRmJSTFFmQm5kVzh4ZVA2MUJFVkFHeXMtWTk5LVlQRGVaTXk0WFR1dkJGQTJuRGxyWVNDdDhNa0YwamxGa3QwNk9qU2tZN01oc3dGX19ocWxJRUQtamZxbUFWUkNrTHEzZlZPcXozNUdJYl9jYUxNQjhHLTIxZm85MW5NZ0MzTllGSnJIUzZqYTQydVJYMTl2OFJESGV1OFQwNm9NNXhsRFpfLUt1bTdqNGoxZ3k?oc=5,https://news.google.com/rss/search?q=orfandad+feminicidio+menores&hl=es-419&gl=MX&ceid=MX:es-419,2025-07-24T07:00:00+00:00,0.0,0.6078,0.2735,Baja,Si,1,puebla feminicida maribel roma n es asesinada por su pareja en chalchicomula de sesma tres menores quedan en orfandad urbano puebla,puebla feminicida maribel roma n es asesinada por su pareja en chalchicomula de sesma tres menores quedan en orfandad urbano puebla,puebla feminicida maribel roma n es asesinada por su pareja en chalchicomula de sesma tres menores quedan en orfandad urbano puebla puebla feminicida maribel roma n es asesinada por su pareja en chalchicomula de sesma tres menores quedan en orfandad urbano puebla puebla feminicida maribel roma n es asesinada por su pareja en chalchicomula de sesma tres menores quedan en orfandad urbano puebla,0,0.8694717019129758,feminicidio ctimas feminicidio vi ctimas feminicidio hijos orfandad,169,0.1531548229867356,0.04027047082453554,0.1802,Baja
Hijos de víctimas de feminicidio tienen una atención tardía y parcial en Jalisco - MILENIO,Hijos de víctimas de feminicidio tienen una atención tardía y parcial en Jalisco MILENIO,https://news.google.com/rss/articles/CBMimwFBVV95cUxQYlVlbUUyMFgwV0JFTkNRTVA4UEhFcjhvdGtjaXJTb2lXU3M2OXV0RHBUVlRvc0E5SWN6UlFfYk1fcmJoZjg1R2ZaMTJEeFNjcDNfclY1djdyWWFaaFdxNXlFaXhrTnZPRXRJdnJiRElmdXFBTHlyV25kMkw4Vl8xY0VzcjhVZXNYRFd0c3ZvTGxtQWNaRlFDOHpCY9IBmwFBVV95cUxPZGxTTmhRa3dGaHF3YWF4cnp1TnJmazFGb3o5RWhWeDdjOTNkeFJTQlJDZGVBVkdLQ0ZrRjZLOEpEeHRZd0l2WTQzSENJNEdlM0dDczVfMl9PZWlOQndYdWNKTGlhSTdEY21pV1h6bTVWTHZoOHlueTFKQ0QtZEhrUF9kcFBiTXZzT2dmb1VPcnAtdm1oQk1LWDJudw?oc=5,https://news.google.com/rss/search?q=feminicidio+hijos+hu%C3%A9rfanos&hl=es-419&gl=MX&ceid=MX:es-419,2025-07-17T07:00:00+00:00,0.5,0.375,0.8254,Alta,Si,0,hijos de vi ctimas de feminicidio tienen una atencio n tardi a y parcial en jalisco milenio,hijos de vi ctimas de feminicidio tienen una atencio n tardi a y parcial en jalisco milenio,hijos de vi ctimas de feminicidio tienen una atencio n tardi a y parcial en jalisco milenio hijos de vi ctimas de feminicidio tienen una atencio n tardi a y parcial en jalisco milenio hijos de vi ctimas de feminicidio tienen una atencio n tardi a y parcial en jalisco milenio,1,0.8393541857107842,feminicidio ctimas vi ctimas vi rfanos,77,0.3380645333609735,0.01713686772662694,0.5021,Alta
Destinan 17.85 pesos diarios a hijos de víctimas de feminicidio y desaparición en Edomex - MILENIO,Destinan 17.85 pesos diarios a hijos de víctimas de feminicidio y desaparición en Edomex MILENIO,https://news.google.com/rss/articles/CBMiqgFBVV95cUxOU0pVS0c0LUYtbmJ3WVRYZjBhTXBYbXpxR1haQUFiY0lzR0RjWXlidmxMeGpHWFgxWV95RG5YRmYwcXVSQTNmZk4xeDVOOEE3ZHY2MzhnYzBzN1U5dmxtY2I0U2ZHd2VaMXpIeEtFVjh0WmpBOXY3bHpWRDdtS0xUUm1TcGN5VjhJbFVjd2luaEJuX1BPZmVyMWhybEZ1YlVrZTBvb3JpRGVyZ9IBqgFBVV95cUxOX2VTTzNXcGtDZkhhQ2o5Y1AyOW1Vci1GNERQOXJ3Y0tKbV9uU0hyMW9JbmJuakpTZ0RuTXRBcmsxVWZVNF9xS0tleU5ZSDZMMDhmLXc1alNNejV2LWZibkFwYzljSndmNlFQUHNVckVTRzEycnpxczJtWkJta2d5S3M5NmhnWGxnci1fTjlEZS1jOGNBMEtiWGdPUVloTGlxelRWVUNfR3dKZw?oc=5,https://news.google.com/rss/search?q=feminicidio+hijos+menores+M%C3%A9xico&hl=es-419&gl=MX&ceid=MX:es-419,2025-07-17T07:00:00+00:00,0.5,0.375,0.8254,Alta,Si,0,destinan 17 85 pesos diarios a hijos de vi ctimas de feminicidio y desaparicio n en edomex milenio,destinan 17 85 pesos diarios a hijos de vi ctimas de feminicidio y desaparicio n en edomex milenio,destinan 17 85 pesos diarios a hijos de vi ctimas de feminicidio y desaparicio n en edomex milenio destinan 17 85 pesos diarios a hijos de vi ctimas de feminicidio y desaparicio n en edomex milenio destinan 17 85 pesos diarios a hijos de vi ctimas de feminicidio y desaparicio n en edomex milenio,4,0.8672366479898137,hue hue rfanos rfanos feminicidio rfanos feminicidio,190,0.1926172606413735,0.014659853719392825,0.5011,Alta
Imaginar caminos para la búsqueda,"Texto y fotos: Erika Lozano Tras casi ocho años de buscar a su hija Guadalupe Pamela Gallardo Volante, la defensora María del Carmen Volante Velázquez, nos comparte cómo se organizó con otras familias buscadoras, qué acciones emprendió para la búsqueda, cómo se transformó esta ciudad y qué respuesta ha obtenido de las autoridades. Ciudad de México, julio de 2025.- Desde las primeras búsquedas en campo en la CDMX, plantones en el Zócalo capitalino y en la Calzada de Tlalpan, la creación de un Memorial para Pamela y las víctimas de desaparición en la ciudad y la toma de espacios públicos como la Glorieta de las Mujeres que Luchan, María Velázquez ha participado en numerosas acciones colectivas para encontrar a su hija desde el 5 de noviembre del 2017, cuando Pamela fue a un evento en el Ajusco y no regresó a casa, el día en que su vida cambió para siempre. “En la Ciudad de México no era visible la desaparición, ni forzada, ni de particulares, ni de nadie. Entonces nos fuimos dando cuenta que esto era grave, para mí, como para muchas mamás que ya traíamos hijas en desaparición. Ahí fui aprendiendo qué era lo que había que hacer”, recuerda Doña Mary, al hablar de su camino recorrido en la búsqueda. En un primer momento, no consideraban que Pame estuviera desaparecida. Al no llegar a casa, la empezaron a buscar con la gente con quien se fue. Su hijo levantó el acta de la denuncia en el Centro de Apoyo a Personas Extraviadas y Ausentes, cuenta Mary que no había un tipo de protocolo para desaparición. Doña Mary y hace un repaso por la falta de instituciones locales especializadas en la búsqueda inmediata. Recuerda que en aquel momento, en la Ciudad de México no existía la Comisión Ejecutiva de Atención a Víctimas (CEAVI), que se crearía en 2019 gracias al impulso de las familias buscadoras. Ante la negligencia del Estado, nuestras acciones 36 horas resistió en un plantón sobre la Calzada de Tlalpan, a la altura del metro Chabacano, el Frente Luciérnagas de Familias Buscadoras de Verdad, Memoria y Justicia. Esta acción fue resultado del hartazgo ante la falta de compromiso de las autoridades, quienes cancelaron una búsqueda agendada el lunes 19 de mayo del 2025. Gracias a la presión de las familias y personas solidarias, se abrió una mesa de diálogo con la Secretaría de Gobernación, la defensora comparte que la intención de esta mesa es arropar a familias de otros estados. Doña Mary cuestiona por qué, tras casi ocho meses en el cargo, la jefa de gobierno, Clara Brugada, y la fiscal Bertha Alcalde, no habían recibido a las madres buscadoras. “Siempre se les ha pedido el diálogo, que escuchen a las madres buscadoras, que escuchen la violencia que se está suscitando. No hay un diálogo con ellos, porque ellos no quieren, no nos permiten hablar en las mesas, nos mitigan, nos callan, nos silencian. Somos madres que buscamos a nuestras hijas en esta lucha y el Estado nos puso aquí”, señala. En los últimos meses, cuenta Doña Mary, ha visto un retroceso debido a los cambios en el gabinete, cuando ya habían establecido mesas de trabajo cada dos meses con la entonces fiscal, Ernestina Godoy, y con Claudia Sheinbaum cuando era jefa de gobierno. “Ahora tenemos que empezar todo otra vez y no se considera la búsqueda inmediata”, comparte. En el momento en que viene el cierre en Tlalpan, es porque tres meses atrás la Fiscalía Especializada para la Búsqueda, Localización e Investigación de Personas Desaparecidas se había comprometido a hacer búsquedas mensuales junto a la  Comisión de Búsqueda. “Mi caminar ha sido unirme a otras compañeras” Mary no olvida que desde el inicio la arropó una amiga que estaba en la lucha por el feminicidio de su hija: Araceli Osorio, madre de Lesvy Berlín Rivera Osorio, quien fue víctima de feminicidio el 3 de mayo del 2017 en Ciudad Universitaria, por su entonces pareja sentimental, Jorge Luis Gonzaléz. “Yo camino con ella (Araceli Osorio). Sigue siendo mi hermana de búsqueda de justicia y de verdad, para poder llegar a donde estoy”. Cuenta cómo en el 2018 se unió a otras madres buscadoras de distintos estados del país, ahí empezó a ver cómo se hacían los rastreos y cómo caminaban en colectivo. Un incremento considerable en la desaparición de personas en la CDMX se dio en los últimos ocho años, según cifras del Registro Nacional de Personas Desaparecidas y No Localizadas , desde el 2018 hay 5 mil 687 casos registrados. En un país donde 120 mil 557 personas se encuentran desaparecidas hasta el día de hoy y que enfrenta una crisis forense, donde al menos 72 mil personas permanecen sin identificar en los Servicios Médicos Forenses, de acuerdo con una investigación realizada por Efraín Tzuc y Mayela Sánchez para A dónde van los desaparecidos . En ese contexto comenzaron a crearse colectivos como Hasta Encontrarles, “con dos compañeras que ya no están en esta tierra, Herminia Valverde y Maricruz López, que trascendieron con el gran dolor de no encontrar a sus hijas”, las trae al presente. Herminia buscaba a Mariela Vanessa Díaz Valverde, estudiante de la Facultad de Filosofía y Letras de la Universidad Nacional Autónoma de México desaparecida el 27 de abril del 2018 y Maricruz buscaba a su hija Sarahí Maricarmen López, desaparecida el 26 de agosto del 2018, quien fue localizada con vida en 2021 por su familia, pero su madre no sobrevivió para reencontrarse con ella. “No nos prepararon para esto, en la violencia de la desaparición no teníamos contexto”, rememora Maricarmen. Pero fue ahí que las acompañaron catedráticas, personas defensoras, abogadas, colectivos solidarios y otras madres en búsqueda. Fueron quienes la impulsaron y le enseñaron de la búsqueda, tanto en vida como en campo, además de cómo entrar a ciertos lugares donde sus hijas pudieron haber sido privadas de la libertad. Este 8 de marzo de 2025, el Frente Luciérnagas hizo su primera aparición en público durante la marcha contra la eliminación de la violencia de género. “Luciérnagas nace donde se junta una familia por homicidio, por feminicidio, por la búsqueda, yo me uno a este contingente de familias. Por eso ya no hablamos de un colectivo, sino de un Frente de Familias de Búsqueda de Justicia, Verdad y Memoria. Y así es como nace, organizándonos con compañeras, sobrinas que son del movimiento”. Un recordatorio del paso del tiempo 2 mil 803 días, un contador le muestra a las y los funcionarios de la Fiscalía General de Justicia la deuda pendiente por encontrar a Pame. Es un memorial instalado por su familia con el acompañamiento del Grupo de Acción por los Derechos Humanos y la Justicia Social. Doña Mary cuenta que, cuando se cumplieron tres años sin saber de Pame, construyeron ese memorial para exigir una fiscalía sensible al tema de la desaparición. “No había mesas, no sabíamos cómo iba nuestra carpeta, nos agredían los MP (Ministerio público)”. En esos años, en el Ajusco se acrecentaron las desapariciones, surgieron más colectivos de familiares afectados por la violencia de la desaparición. Fue entonces que comenzaron a hacer los análisis de contexto para poder entrar a realizar los rastreos. Las primeras búsquedas en el Ajusco las impulsó la familia Gallardo Volante, cuenta Mary que antes no había búsquedas aquí. “¿Cómo lo fuimos impulsando? Marchando, gritando, exigiendo”. Cuando hacen una búsqueda por Pame, buscan a todas las personas desaparecidas, comparte Maricarmen que en este camino ha aprendido que si encuentra un resto óseo o un cuerpo, esa información se irá a una carpeta abierta para otras familias buscadoras, para que puedan hacer confronta de lo encontrado. Eso no lo aprendió con las autoridades, si no con académicas, abogadas, con otras madres buscadoras. Un espacio para el encuentro Cuando en el 2021 es tomada la Glorieta de las Mujeres que Luchan por colectivas feministas, Mary es arropada por ellas. Recuerda que esta Glorieta de Memoria se tomó por esas madres que fueron o asesinadas, o violentadas o amenazadas, o que ya no están en esta tierra buscando justicia para sus hijas, sus hijos, y en esa lucha deben de ser reconocidas. “Yo vengo a acompañar, a que ellas me arropen, y yo arroparlas a ellas, porque es la forma para decirle al Estado, a un gobierno que seguimos en una violencia sin llegar a una justicia y a una verdad. ¿Y dónde están nuestras hijas y nuestros hijos desaparecidos?. Desde el espacio de la Glorieta, se acompañan diversas luchas de mujeres, de madres, hijas o hermanas en búsqueda de sus familiares, sobrevivientes de violencia feminicida, defensoras del territorio, artistas, periodistas, académicas, que han sostenido este espacio en el corazón político del país para recordarle a la sociedad todas esas demandas sin resolver, pero también para construir un lugar para el encuentro. “Hablamos desde el dolor, pero también desde el amor” Mary hace un llamado a la sociedad, a todos los medios de comunicación, a todas las madres, hermanas, hijos, a que volteen a ver a las familias que buscan a sus seres queridos. “Apoyémonos, dennos amor, aceptémonos como somos, no somos perfectos. También habrá momentos en que me rompa. Pero es porque los que están a cargo de estos lugares de servidores públicos no han volteado a ver al pueblo. No han volteado a ver a su pueblo que les da tanto. Ustedes son los ojos de Pame”, concluye. La Brigada de Búsqueda en el Ajusco está prevista para ser retomada los días 14, 15, 17 y 18 de julio del presente año. La familia Gallardo Volante hace una invitación abierta a la sociedad civil a solidarizarse. The post Imaginar caminos para la búsqueda first appeared on luchadoras .",https://luchadoras.mx/lo-mas-leido/imaginar-caminos-para-la-busqueda/?utm_source=rss&utm_medium=rss&utm_campaign=imaginar-caminos-para-la-busqueda,https://luchadoras.mx/feed/,2025-07-16T20:03:15+00:00,0.2084,0.1607,0.271,Baja,Si,1,imaginar caminos para la bu squeda,texto y fotos erika lozano tras casi ocho an os de buscar a su hija guadalupe pamela gallardo volante la defensora mari a del carmen volante vela zquez nos comparte co mo se organizo con otras familias buscadoras que acciones emprendio para la bu squeda co mo se transformo esta ciudad y que respuesta ha obtenido de las autoridades ciudad de me xico julio de 2025 desde las primeras bu squedas en campo en la cdmx plantones en el zo calo capitalino y en la calzada de tlalpan la creacio n de un memorial para pamela y las vi ctimas de desaparicio n en la ciudad y la toma de espacios pu blicos como la glorieta de las mujeres que luchan mari a vela zquez ha participado en numerosas acciones colectivas para encontrar a su hija desde el 5 de noviembre del 2017 cuando pamela fue a un evento en el ajusco y no regreso a casa el di a en que su vida cambio para siempre en la ciudad de me xico no era visible la desaparicio n ni forzada ni de particulares ni de nadie entonces nos fuimos dando cuenta que esto era grave para mi como para muchas mama s que ya trai amos hijas en desaparicio n ahi fui aprendiendo que era lo que habi a que hacer recuerda don a mary al hablar de su camino recorrido en la bu squeda en un primer momento no consideraban que pame estuviera desaparecida al no llegar a casa la empezaron a buscar con la gente con quien se fue su hijo levanto el acta de la denuncia en el centro de apoyo a personas extraviadas y ausentes cuenta mary que no habi a un tipo de protocolo para desaparicio n don a mary y hace un repaso por la falta de instituciones locales especializadas en la bu squeda inmediata recuerda que en aquel momento en la ciudad de me xico no existi a la comisio n ejecutiva de atencio n a vi ctimas ceavi que se creari a en 2019 gracias al impulso de las familias buscadoras ante la negligencia del estado nuestras acciones 36 horas resistio en un planto n sobre la calzada de tlalpan a la altura del metro chabacano el frente lucie rnagas de familias buscadoras de verdad memoria y justicia esta accio n fue resultado del hartazgo ante la falta de compromiso de las autoridades quienes cancelaron una bu squeda agendada el lunes 19 de mayo del 2025 gracias a la presio n de las familias y personas solidarias se abrio una mesa de dia logo con la secretari a de gobernacio n la defensora comparte que la intencio n de esta mesa es arropar a familias de otros estados don a mary cuestiona por que tras casi ocho meses en el cargo la jefa de gobierno clara brugada y la fiscal bertha alcalde no habi an recibido a las madres buscadoras siempre se les ha pedido el dia logo que escuchen a las madres buscadoras que escuchen la violencia que se esta suscitando no hay un dia logo con ellos porque ellos no quieren no nos permiten hablar en las mesas nos mitigan nos callan nos silencian somos madres que buscamos a nuestras hijas en esta lucha y el estado nos puso aqui sen ala en los u ltimos meses cuenta don a mary ha visto un retroceso debido a los cambios en el gabinete cuando ya habi an establecido mesas de trabajo cada dos meses con la entonces fiscal ernestina godoy y con claudia sheinbaum cuando era jefa de gobierno ahora tenemos que empezar todo otra vez y no se considera la bu squeda inmediata comparte en el momento en que viene el cierre en tlalpan es porque tres meses atra s la fiscali a especializada para la bu squeda localizacio n e investigacio n de personas desaparecidas se habi a comprometido a hacer bu squedas mensuales junto a la comisio n de bu squeda mi caminar ha sido unirme a otras compan eras mary no olvida que desde el inicio la arropo una amiga que estaba en la lucha por el feminicidio de su hija araceli osorio madre de lesvy berli n rivera osorio quien fue vi ctima de feminicidio el 3 de mayo del 2017 en ciudad universitaria por su entonces pareja sentimental jorge luis gonzale z yo camino con ella araceli osorio sigue siendo mi hermana de bu squeda de justicia y de verdad para poder llegar a donde estoy cuenta co mo en el 2018 se unio a otras madres buscadoras de distintos estados del pai s ahi empezo a ver co mo se haci an los rastreos y co mo caminaban en colectivo un incremento considerable en la desaparicio n de personas en la cdmx se dio en los u ltimos ocho an os segu n cifras del registro nacional de personas desaparecidas y no localizadas desde el 2018 hay 5 mil 687 casos registrados en un pai s donde 120 mil 557 personas se encuentran desaparecidas hasta el di a de hoy y que enfrenta una crisis forense donde al menos 72 mil personas permanecen sin identificar en los servicios me dicos forenses de acuerdo con una investigacio n realizada por efrai n tzuc y mayela sa nchez para a do nde van los desaparecidos en ese contexto comenzaron a crearse colectivos como hasta encontrarles con dos compan eras que ya no esta n en esta tierra herminia valverde y maricruz lo pez que trascendieron con el gran dolor de no encontrar a sus hijas las trae al presente herminia buscaba a mariela vanessa di az valverde estudiante de la facultad de filosofi a y letras de la universidad nacional auto noma de me xico desaparecida el 27 de abril del 2018 y maricruz buscaba a su hija sarahi maricarmen lo pez desaparecida el 26 de agosto del 2018 quien fue localizada con vida en 2021 por su familia pero su madre no sobrevivio para reencontrarse con ella no nos prepararon para esto en la violencia de la desaparicio n no teni amos contexto rememora maricarmen pero fue ahi que las acompan aron catedra ticas personas defensoras abogadas colectivos solidarios y otras madres en bu squeda fueron quienes la impulsaron y le ensen aron de la bu squeda tanto en vida como en campo adema s de co mo entrar a ciertos lugares donde sus hijas pudieron haber sido privadas de la libertad este 8 de marzo de 2025 el frente lucie rnagas hizo su primera aparicio n en pu blico durante la marcha contra la eliminacio n de la violencia de ge nero lucie rnagas nace donde se junta una familia por homicidio por feminicidio por la bu squeda yo me uno a este contingente de familias por eso ya no hablamos de un colectivo sino de un frente de familias de bu squeda de justicia verdad y memoria y asi es como nace organiza ndonos con compan eras sobrinas que son del movimiento un recordatorio del paso del tiempo 2 mil 803 di as un contador le muestra a las y los funcionarios de la fiscali a general de justicia la deuda pendiente por encontrar a pame es un memorial instalado por su familia con el acompan amiento del grupo de accio n por los derechos humanos y la justicia social don a mary cuenta que cuando se cumplieron tres an os sin saber de pame construyeron ese memorial para exigir una fiscali a sensible al tema de la desaparicio n no habi a mesas no sabi amos co mo iba nuestra carpeta nos agredi an los mp ministerio pu blico en esos an os en el ajusco se acrecentaron las desapariciones surgieron ma s colectivos de familiares afectados por la violencia de la desaparicio n fue entonces que comenzaron a hacer los ana lisis de contexto para poder entrar a realizar los rastreos las primeras bu squedas en el ajusco las impulso la familia gallardo volante cuenta mary que antes no habi a bu squedas aqui co mo lo fuimos impulsando marchando gritando exigiendo cuando hacen una bu squeda por pame buscan a todas las personas desaparecidas comparte maricarmen que en este camino ha aprendido que si encuentra un resto o seo o un cuerpo esa informacio n se ira a una carpeta abierta para otras familias buscadoras para que puedan hacer confronta de lo encontrado eso no lo aprendio con las autoridades si no con acade micas abogadas con otras madres buscadoras un espacio para el encuentro cuando en el 2021 es tomada la glorieta de las mujeres que luchan por colectivas feministas mary es arropada por ellas recuerda que esta glorieta de memoria se tomo por esas madres que fueron o asesinadas o violentadas o amenazadas o que ya no esta n en esta tierra buscando justicia para sus hijas sus hijos y en esa lucha deben de ser reconocidas yo vengo a acompan ar a que ellas me arropen y yo arroparlas a ellas porque es la forma para decirle al estado a un gobierno que seguimos en una violencia sin llegar a una justicia y a una verdad y do nde esta n nuestras hijas y nuestros hijos desaparecidos desde el espacio de la glorieta se acompan an diversas luchas de mujeres de madres hijas o hermanas en bu squeda de sus familiares sobrevivientes de violencia feminicida defensoras del territorio artistas periodistas acade micas que han sostenido este espacio en el corazo n poli tico del pai s para recordarle a la sociedad todas esas demandas sin resolver pero tambie n para construir un lugar para el encuentro hablamos desde el dolor pero tambie n desde el amor mary hace un llamado a la sociedad a todos los medios de comunicacio n a todas las madres hermanas hijos a que volteen a ver a las familias que buscan a sus seres queridos apoye monos dennos amor acepte monos como somos no somos perfectos tambie n habra momentos en que me rompa pero es porque los que esta n a cargo de estos lugares de servidores pu blicos no han volteado a ver al pueblo no han volteado a ver a su pueblo que les da tanto ustedes son los ojos de pame concluye la brigada de bu squeda en el ajusco esta prevista para ser retomada los di as 14 15 17 y 18 de julio del presente an o la familia gallardo volante hace una invitacio n abierta a la sociedad civil a solidarizarse the post imaginar caminos para la bu squeda first appeared on luchadoras,imaginar caminos para la bu squeda imaginar caminos para la bu squeda texto y fotos erika lozano tras casi ocho an os de buscar a su hija guadalupe pamela gallardo volante la defensora mari a del carmen volante vela zquez nos comparte co mo se organizo con otras familias buscadoras que acciones emprendio para la bu squeda co mo se transformo esta ciudad y que respuesta ha obtenido de las autoridades ciudad de me xico julio de 2025 desde las primeras bu squedas en campo en la cdmx plantones en el zo calo capitalino y en la calzada de tlalpan la creacio n de un memorial para pamela y las vi ctimas de desaparicio n en la ciudad y la toma de espacios pu blicos como la glorieta de las mujeres que luchan mari a vela zquez ha participado en numerosas acciones colectivas para encontrar a su hija desde el 5 de noviembre del 2017 cuando pamela fue a un evento en el ajusco y no regreso a casa el di a en que su vida cambio para siempre en la ciudad de me xico no era visible la desaparicio n ni forzada ni de particulares ni de nadie entonces nos fuimos dando cuenta que esto era grave para mi como para muchas mama s que ya trai amos hijas en desaparicio n ahi fui aprendiendo que era lo que habi a que hacer recuerda don a mary al hablar de su camino recorrido en la bu squeda en un primer momento no consideraban que pame estuviera desaparecida al no llegar a casa la empezaron a buscar con la gente con quien se fue su hijo levanto el acta de la denuncia en el centro de apoyo a personas extraviadas y ausentes cuenta mary que no habi a un tipo de protocolo para desaparicio n don a mary y hace un repaso por la falta de instituciones locales especializadas en la bu squeda inmediata recuerda que en aquel momento en la ciudad de me xico no existi a la comisio n ejecutiva de atencio n a vi ctimas ceavi que se creari a en 2019 gracias al impulso de las familias buscadoras ante la negligencia del estado nuestras acciones 36 horas resistio en un planto n sobre la calzada de tlalpan a la altura del metro chabacano el frente lucie rnagas de familias buscadoras de verdad memoria y justicia esta accio n fue resultado del hartazgo ante la falta de compromiso de las autoridades quienes cancelaron una bu squeda agendada el lunes 19 de mayo del 2025 gracias a la presio n de las familias y personas solidarias se abrio una mesa de dia logo con la secretari a de gobernacio n la defensora comparte que la intencio n de esta mesa es arropar a familias de otros estados don a mary cuestiona por que tras casi ocho meses en el cargo la jefa de gobierno clara brugada y la fiscal bertha alcalde no habi an recibido a las madres buscadoras siempre se les ha pedido el dia logo que escuchen a las madres buscadoras que escuchen la violencia que se esta suscitando no hay un dia logo con ellos porque ellos no quieren no nos permiten hablar en las mesas nos mitigan nos callan nos silencian somos madres que buscamos a nuestras hijas en esta lucha y el estado nos puso aqui sen ala en los u ltimos meses cuenta don a mary ha visto un retroceso debido a los cambios en el gabinete cuando ya habi an establecido mesas de trabajo cada dos meses con la entonces fiscal ernestina godoy y con claudia sheinbaum cuando era jefa de gobierno ahora tenemos que empezar todo otra vez y no se considera la bu squeda inmediata comparte en el momento en que viene el cierre en tlalpan es porque tres meses atra s la fiscali a especializada para la bu squeda localizacio n e investigacio n de personas desaparecidas se habi a comprometido a hacer bu squedas mensuales junto a la comisio n de bu squeda mi caminar ha sido unirme a otras compan eras mary no olvida que desde el inicio la arropo una amiga que estaba en la lucha por el feminicidio de su hija araceli osorio madre de lesvy berli n rivera osorio quien fue vi ctima de feminicidio el 3 de mayo del 2017 en ciudad universitaria por su entonces pareja sentimental jorge luis gonzale z yo camino con ella araceli osorio sigue siendo mi hermana de bu squeda de justicia y de verdad para poder llegar a donde estoy cuenta co mo en el 2018 se unio a otras madres buscadoras de distintos estados del pai s ahi empezo a ver co mo se haci an los rastreos y co mo caminaban en colectivo un incremento considerable en la desaparicio n de personas en la cdmx se dio en los u ltimos ocho an os segu n cifras del registro nacional de personas desaparecidas y no localizadas desde el 2018 hay 5 mil 687 casos registrados en un pai s donde 120 mil 557 personas se encuentran desaparecidas hasta el di a de hoy y que enfrenta una crisis forense donde al menos 72 mil personas permanecen sin identificar en los servicios me dicos forenses de acuerdo con una investigacio n realizada por efrai n tzuc y mayela sa nchez para a do nde van los desaparecidos en ese contexto comenzaron a crearse colectivos como hasta encontrarles con dos compan eras que ya no esta n en esta tierra herminia valverde y maricruz lo pez que trascendieron con el gran dolor de no encontrar a sus hijas las trae al presente herminia buscaba a mariela vanessa di az valverde estudiante de la facultad de filosofi a y letras de la universidad nacional auto noma de me xico desaparecida el 27 de abril del 2018 y maricruz buscaba a su hija sarahi maricarmen lo pez desaparecida el 26 de agosto del 2018 quien fue localizada con vida en 2021 por su familia pero su madre no sobrevivio para reencontrarse con ella no nos prepararon para esto en la violencia de la desaparicio n no teni amos contexto rememora maricarmen pero fue ahi que las acompan aron catedra ticas personas defensoras abogadas colectivos solidarios y otras madres en bu squeda fueron quienes la impulsaron y le ensen aron de la bu squeda tanto en vida como en campo adema s de co mo entrar a ciertos lugares donde sus hijas pudieron haber sido privadas de la libertad este 8 de marzo de 2025 el frente lucie rnagas hizo su primera aparicio n en pu blico durante la marcha contra la eliminacio n de la violencia de ge nero lucie rnagas nace donde se junta una familia por homicidio por feminicidio por la bu squeda yo me uno a este contingente de familias por eso ya no hablamos de un colectivo sino de un frente de familias de bu squeda de justicia verdad y memoria y asi es como nace organiza ndonos con compan eras sobrinas que son del movimiento un recordatorio del paso del tiempo 2 mil 803 di as un contador le muestra a las y los funcionarios de la fiscali a general de justicia la deuda pendiente por encontrar a pame es un memorial instalado por su familia con el acompan amiento del grupo de accio n por los derechos humanos y la justicia social don a mary cuenta que cuando se cumplieron tres an os sin saber de pame construyeron ese memorial para exigir una fiscali a sensible al tema de la desaparicio n no habi a mesas no sabi amos co mo iba nuestra carpeta nos agredi an los mp ministerio pu blico en esos an os en el ajusco se acrecentaron las desapariciones surgieron ma s colectivos de familiares afectados por la violencia de la desaparicio n fue entonces que comenzaron a hacer los ana lisis de contexto para poder entrar a realizar los rastreos las primeras bu squedas en el ajusco las impulso la familia gallardo volante cuenta mary que antes no habi a bu squedas aqui co mo lo fuimos impulsando marchando gritando exigiendo cuando hacen una bu squeda por pame buscan a todas las personas desaparecidas comparte maricarmen que en este camino ha aprendido que si encuentra un resto o seo o un cuerpo esa informacio n se ira a una carpeta abierta para otras familias buscadoras para que puedan hacer confronta de lo encontrado eso no lo aprendio con las autoridades si no con acade micas abogadas con otras madres buscadoras un espacio para el encuentro cuando en el 2021 es tomada la glorieta de las mujeres que luchan por colectivas feministas mary es arropada por ellas recuerda que esta glorieta de memoria se tomo por esas madres que fueron o asesinadas o violentadas o amenazadas o que ya no esta n en esta tierra buscando justicia para sus hijas sus hijos y en esa lucha deben de ser reconocidas yo vengo a acompan ar a que ellas me arropen y yo arroparlas a ellas porque es la forma para decirle al estado a un gobierno que seguimos en una violencia sin llegar a una justicia y a una verdad y do nde esta n nuestras hijas y nuestros hijos desaparecidos desde el espacio de la glorieta se acompan an diversas luchas de mujeres de madres hijas o hermanas en bu squeda de sus familiares sobrevivientes de violencia feminicida defensoras del territorio artistas periodistas acade micas que han sostenido este espacio en el corazo n poli tico del pai s para recordarle a la sociedad todas esas demandas sin resolver pero tambie n para construir un lugar para el encuentro hablamos desde el dolor pero tambie n desde el amor mary hace un llamado a la sociedad a todos los medios de comunicacio n a todas las madres hermanas hijos a que volteen a ver a las familias que buscan a sus seres queridos apoye monos dennos amor acepte monos como somos no somos perfectos tambie n habra momentos en que me rompa pero es porque los que esta n a cargo de estos lugares de servidores pu blicos no han volteado a ver al pueblo no han volteado a ver a su pueblo que les da tanto ustedes son los ojos de pame concluye la brigada de bu squeda en el ajusco esta prevista para ser retomada los di as 14 15 17 y 18 de julio del presente an o la familia gallardo volante hace una invitacio n abierta a la sociedad civil a solidarizarse the post imaginar caminos para la bu squeda first appeared on luchadoras,2,0.9410137479337675,feminicidio hue rfanos rfanos hue rfanos feminicidio,293,0.1530389419560359,0.04640648073594604,0.1812,Baja
Huérfanos por feminicidio en Jalisco se enfrentan al duelo y la culpa - MILENIO,Huérfanos por feminicidio en Jalisco se enfrentan al duelo y la culpa MILENIO,https://news.google.com/rss/articles/CBMigAFBVV95cUxNLUd3UTJUNE8xVWV0R0V3NHlRNG9nN054YzBKLXRWSEVUazhzYlUyNGdSbGtDVUlnTmdqMktUNjF4U2ZFUWxpa1RKNlZ0eW8xbVpXcmtHamZEMmVYOW5nYS13RDVLaExERTFOMkRnZ003MWJKampJckJOMVBCZHpfQtIBgAFBVV95cUxOdUNCTk54b0hvNlhIOW5xSjB2N25UV25yQUtUSFFmY1l5ZzIwbTB4X09TNVIxRTBsakJvS2FaR25NN3JFbWFha0NMdHVwMWZncW9IY3hYUV9qVm9rTHZvdldaU01CQXFhOW1iLTg0ZFRQTE4ydHQ2dU1GVk1URHNyZQ?oc=5,https://news.google.com/rss/search?q=feminicidio+menores+hu%C3%A9rfanos&hl=es-419&gl=MX&ceid=MX:es-419,2025-07-16T07:00:00+00:00,0.5,0.0,0.3025,Media,No,3,hue rfanos por feminicidio en jalisco se enfrentan al duelo y la culpa milenio,hue rfanos por feminicidio en jalisco se enfrentan al duelo y la culpa milenio,hue rfanos por feminicidio en jalisco se enfrentan al duelo y la culpa milenio hue rfanos por feminicidio en jalisco se enfrentan al duelo y la culpa milenio hue rfanos por feminicidio en jalisco se enfrentan al duelo y la culpa milenio,4,0.8170599114531072,hue hue rfanos rfanos feminicidio rfanos feminicidio,77,0.1911861701725441,0.0024236475381481074,0.1825,Baja
"Anorexia, ansiedad y depresión: son enfermedades que niñas y niños huérfanos por feminicidio en Guanajuato son - MILENIO","Anorexia, ansiedad y depresión: son enfermedades que niñas y niños huérfanos por feminicidio en Guanajuato son MILENIO",https://news.google.com/rss/articles/CBMirwFBVV95cUxQRnFEdEJxSzZXemlheUJ0YXBJd2NjSENTN0gzQjlMNUJ3dHBrOGFPVmtrRXhRcGNtWE5ad1FiMUlBR1NfY2pLd2doSDRqc0l0VXh0Z0FxMnVJYXg3c3VyRktnbUs5V2puMUloSHpLM0NwWVVQa1JTVjVXVkRMVE5GNWtwNWlrU2Y4OUFvOG8xS2ladjNCZm1xaVlud2tmVTVmN2ZHZ2FOTVI0bmsyWXBR0gGvAUFVX3lxTE9mSFF6NTdheGJMdnFJa3dJRzNLQlIzMnM3RXVrLWVXZ04wUWt4R2tMdDM3QjJwQnc5dzVjZ3Jzd1VGMGtCczVvOW05ZWJjUTlCbk5OWUhjSTByeklPRi1kakJCZ3ZJZF9UakVCckZzWEU5bU5ENS16emRWMG0tNWRnaGVtVGNWenpuWm1TejhsQVJtcXFXRlhPZzUzYWNoREEwUHdHSDJyV2xrcEdGNEE?oc=5,https://news.google.com/rss/search?q=feminicidio+hijos+hu%C3%A9rfanos&hl=es-419&gl=MX&ceid=MX:es-419,2025-07-16T07:00:00+00:00,0.5,0.0,0.3025,Media,No,3,anorexia ansiedad y depresio n son enfermedades que nin as y nin os hue rfanos por feminicidio en guanajuato son milenio,anorexia ansiedad y depresio n son enfermedades que nin as y nin os hue rfanos por feminicidio en guanajuato son milenio,anorexia ansiedad y depresio n son enfermedades que nin as y nin os hue rfanos por feminicidio en guanajuato son milenio anorexia ansiedad y depresio n son enfermedades que nin as y nin os hue rfanos por feminicidio en guanajuato son milenio anorexia ansiedad y depresio n son enfermedades que nin as y nin os hue rfanos por feminicidio en guanajuato son milenio,4,0.8641589093121659,hue hue rfanos rfanos feminicidio rfanos feminicidio,166,0.3186931599741902,0.0018140491839588639,0.1822,Baja
"Audiencia clave definirá custodia de hijos de Ángela, empresaria víctima de feminicidio en Nayarit - Telediario México","Audiencia clave definirá custodia de hijos de Ángela, empresaria víctima de feminicidio en Nayarit Telediario México",https://news.google.com/rss/articles/CBMiqgFBVV95cUxObDJYZmtqdGxMRHRkZ09JNkNad3lhWHM4M3VYRUJrZXNQY2ZsZ1p1RkF4TmFWV0kwcDN5a19tZ25zRWRxNjFlV01mbFZvUzVUU2txcy1lb3VheVYwRXhCbTAwczhocG1uQUxjMGlVMWFIYUdzOXBYNnBXd0IwWHhLWmhWWHpFd082cGZDLTlTQlpaMHZOaTZmSVl0eGtmZUFWWjZnS3hUTjdUd9IBqgFBVV95cUxNNUlXT2FaSkRMUDEzVDNvQlA4TXNmQWQ1cFkwWXhOeC1LZU5GYmp3WmFzeEJDYmhlU1FEUnpod2NzdmNoeWQwMzJtVG5WOVRQbFVROGw5OGpXM2FkYkNWdWhrUGc3OW94N0w4eTF0Tm8zc29sRU9pSUxJaEFmMFdMblMtOHQ3UTZMX2hYZlVRbHdORmJRSUgwSXVlaHl3dXBQRnV3S2RsNmdTZw?oc=5,https://news.google.com/rss/search?q=feminicidio+hijos+menores+M%C3%A9xico&hl=es-419&gl=MX&ceid=MX:es-419,2025-07-16T07:00:00+00:00,0.5,0.5,0.93,Alta,Si,0,audiencia clave definira custodia de hijos de a ngela empresaria vi ctima de feminicidio en nayarit telediario me xico,audiencia clave definira custodia de hijos de a ngela empresaria vi ctima de feminicidio en nayarit telediario me xico,audiencia clave definira custodia de hijos de a ngela empresaria vi ctima de feminicidio en nayarit telediario me xico audiencia clave definira custodia de hijos de a ngela empresaria vi ctima de feminicidio en nayarit telediario me xico audiencia clave definira custodia de hijos de a ngela empresaria vi ctima de feminicidio en nayarit telediario me xico,3,0.8589670434521914,feminicidio vi nin vi ctimas ctimas,257,0.17878293735132167,0.043857482134010084,0.5755,Alta
Libia Dennise anuncia fondo de 5 millones para apoyar a niños huérfanos por feminicidio o desaparición en Guan - MILENIO,Libia Dennise anuncia fondo de 5 millones para apoyar a niños huérfanos por feminicidio o desaparición en Guan MILENIO,https://news.google.com/rss/articles/CBMiqAFBVV95cUxQZW5ILUtnOU9jNnpaYlVUQzBYbWlpdWlMN0tpdnRTck95cFBFOUhhWUxQN1R2WmVvMktITV9UYXZGbXFHU2dmOURfd2k5dFFhTWFsNHFCN1JDZ1IzVm1Iem9QNmtYTnpmT0pPTWRlRGpLellNbGIzc2dzaU5iV0RsVHhld09UeUhabkJGeWN6SlVEam8tdGpZZE5WQlZsclhIUTdyc2lxTjnSAagBQVVfeXFMTXVsNEtDSE90UDV3dGVXWWwwQkMweS1TdXh3WDVhZHFGc0pxbEVnTmR5M3JveWkzVDNGZGw2ZHFMV1JyVlVLdnIzXzlTMF9PREloX3MxZldPNWhESVBCNHBMTWRydldRV2xfNUhRRS1FSEthVzNraHI1N1dLMGk3TFo4SjZoOGJ6cnluMWpMYjg2bHlRdlRNTi0zOTgzUno4WVFXcXlTNDd2?oc=5,https://news.google.com/rss/search?q=feminicidio+hijos+hu%C3%A9rfanos&hl=es-419&gl=MX&ceid=MX:es-419,2025-07-14T07:00:00+00:00,0.5,0.0,0.3025,Media,No,3,libia dennise anuncia fondo de 5 millones para apoyar a nin os hue rfanos por feminicidio o desaparicio n en guan milenio,libia dennise anuncia fondo de 5 millones para apoyar a nin os hue rfanos por feminicidio o desaparicio n en guan milenio,libia dennise anuncia fondo de 5 millones para apoyar a nin os hue rfanos por feminicidio o desaparicio n en guan milenio libia dennise anuncia fondo de 5 millones para apoyar a nin os hue rfanos por feminicidio o desaparicio n en guan milenio libia dennise anuncia fondo de 5 millones para apoyar a nin os hue rfanos por feminicidio o desaparicio n en guan milenio,4,0.8719956895629443,hue hue rfanos rfanos feminicidio rfanos feminicidio,62,0.23457013352522874,0.0018483482836215857,0.1822,Baja
Sonia Vianey fue asesinada frente a sus hijos en Quintana Roo; investigan a pareja por feminicidio - TV Azteca,Sonia Vianey fue asesinada frente a sus hijos en Quintana Roo; investigan a pareja por feminicidio TV Azteca,https://news.google.com/rss/articles/CBMijAFBVV95cUxPTlktR2J4dDRwZHk1QTRYSUhnQ19vcUJhLVZjN2tocDUzUmJHVVZKUXdJY2p0VW5WVGd5ZmJ6dkkwdVUxczdaYUJLeVQyZC1BUzU1MVpPVUlVeVAtSlZvdnhQNmZvcmJFS0ptRFc5MGpNd1dpbkoxemtURU8wVUwtQTR5WWRRai1mZkFTbQ?oc=5,https://news.google.com/rss/search?q=DIF+custodia+feminicidio+hijos&hl=es-419&gl=MX&ceid=MX:es-419,2025-07-14T07:00:00+00:00,0.5,0.375,0.8254,Alta,Si,1,sonia vianey fue asesinada frente a sus hijos en quintana roo investigan a pareja por feminicidio tv azteca,sonia vianey fue asesinada frente a sus hijos en quintana roo investigan a pareja por feminicidio tv azteca,sonia vianey fue asesinada frente a sus hijos en quintana roo investigan a pareja por feminicidio tv azteca sonia vianey fue asesinada frente a sus hijos en quintana roo investigan a pareja por feminicidio tv azteca sonia vianey fue asesinada frente a sus hijos en quintana roo investigan a pareja por feminicidio tv azteca,3,0.8690577623523712,feminicidio vi nin vi ctimas ctimas,134,0.1821000912680086,0.013185354526477247,0.5005,Alta
Niñas y niños huérfanos por feminicidio o desaparición recibirán apoyo económico en Guanajuato - Yahoo,Niñas y niños huérfanos por feminicidio o desaparición recibirán apoyo económico en Guanajuato Yahoo,https://news.google.com/rss/articles/CBMitAFBVV95cUxNLUI2ZjdmZXloSmdyS2RHb2xlLWJTX2pETlVtNjZ4Wk5CSFdKbEZlSmRpZXV5cFdubTJwSnhkWUVac29mMURiZnJWRGdvZ29iaV9vZXdwOVVUSUVhVXgyR0VPbDBmMVdmUG9hcHItSjFMWnZIdzRCWnFUS0xmUTUtMjA1bVZSRE5qTUk5T3Y5QUduczE5TVIyU05HWEYyMm9vYjlhWkxnWE5ndVBhRnRXdEF4a2Y?oc=5,https://news.google.com/rss/search?q=feminicidio+hijos+hu%C3%A9rfanos&hl=es-419&gl=MX&ceid=MX:es-419,2025-07-14T07:00:00+00:00,0.5,0.0,0.3025,Media,No,3,nin as y nin os hue rfanos por feminicidio o desaparicio n recibira n apoyo econo mico en guanajuato yahoo,nin as y nin os hue rfanos por feminicidio o desaparicio n recibira n apoyo econo mico en guanajuato yahoo,nin as y nin os hue rfanos por feminicidio o desaparicio n recibira n apoyo econo mico en guanajuato yahoo nin as y nin os hue rfanos por feminicidio o desaparicio n recibira n apoyo econo mico en guanajuato yahoo nin as y nin os hue rfanos por feminicidio o desaparicio n recibira n apoyo econo mico en guanajuato yahoo,4,0.8734747735417981,hue hue rfanos rfanos feminicidio rfanos feminicidio,163,0.3186931599741902,0.001922365823741696,0.1823,Baja
"Arequipa: dos feminicidios en un solo fin de semana, 4 menores quedan en la orfandad - El Búho.pe","Arequipa: dos feminicidios en un solo fin de semana, 4 menores quedan en la orfandad El Búho.pe",https://news.google.com/rss/articles/CBMirgFBVV95cUxQdWlIWU5HRmNXT0tjWl82OFg3VmJmNkF6QXpzT0tBMG96QnU3LTc3bzBZMTFMT3lBV0dQczRhdnloSXVqSWhpaGZhd3FWRnlobDlXUEJYRUp4RXUxWi1YejZxZG5YeG9XNHU4Smp1WENqX2pmVFpEdnhPaDVlQ09IMG9maGlDWDd6M1RwLW5sYlBxcGhJelFzRHFXb1FtUDlxbmVSUmluNURKOHJVWlE?oc=5,https://news.google.com/rss/search?q=orfandad+feminicidio+menores&hl=es-419&gl=MX&ceid=MX:es-419,2025-07-07T07:00:00+00:00,0.0,0.6078,0.3282,Media,Si,1,arequipa dos feminicidios en un solo fin de semana 4 menores quedan en la orfandad el bu ho pe,arequipa dos feminicidios en un solo fin de semana 4 menores quedan en la orfandad el bu ho pe,arequipa dos feminicidios en un solo fin de semana 4 menores quedan en la orfandad el bu ho pe arequipa dos feminicidios en un solo fin de semana 4 menores quedan en la orfandad el bu ho pe arequipa dos feminicidios en un solo fin de semana 4 menores quedan en la orfandad el bu ho pe,0,0.8515109838966105,feminicidio ctimas feminicidio vi ctimas feminicidio hijos orfandad,303,0.1807368623779886,0.026193726025004714,0.2074,Baja
El asesinato de una mujer y sus tres hijas de nueve y 11 años eleva las alertas sobre la violencia infantil y de género en Sonora - EL PAÍS,El asesinato de una mujer y sus tres hijas de nueve y 11 años eleva las alertas sobre la violencia infantil y de género en Sonora EL PAÍS,https://news.google.com/rss/articles/CBMigAJBVV95cUxPTDBqeG5MNEQ2NWQtOU9lNEJ6Qm1BN3ZlTVo2Z1FEMGE1bnRzNy1iWUQxTW9IZHJkUW9ERTRFYVMta1FzSmV2bjAzbzExT2JlZS1HUHFWRFVqWTAteXU4Mkk1REtLenE3ajNSYkR3UUx2UFFKRnNpalhFZExsd0UxWk9DQUFnQV9wSFJyNjRvODJGd0lBNmlyRm1fSEt4WmRyeXJKRnRQb2JWNWY3bGJNUUpqdGtJZXlQRkM3WVAwdlhjSkVSR3dBTUROUHBVY0w3czZ1YVpoWmtHU3Z5bnJRblVjYXJ2R2VleV9XSFZ6V296Vmt5M1RKSnBfTjE0NTJw0gGUAkFVX3lxTE9keWlYNFBEZ1lQSnBjTE9xcThrOEVQUnQxUjlKcHVHeUZmTURzckIzVElyQVV2WGVJZGtKc1B1V1hHMjVPVGwzRlIteVZTU1J4dkxhdXp0THJwc05YLU4tMFA4LWU4ZjBpVUxIUkR4ck9TcHBxd1F3SXg2RWhMSUZRVUpKWkJqUXduRGY5ZGFxQjFVdk5aUmN5Szk1OUVvVXVDNGhLLWVYUU1Ub09oYXZ6ZXI1a1VTZUg4Vi1hR2MyQ0Y0dnhEYkE5QjFtTDJncklzZzdIU29YbmFsc2hBamZueVF5SV9HTGNyTjB4ZEY3YmRfMmlzZU83SXFlTjdQSlVPWFBzVUx1ZTEyN0FYR2pwaTllYg?oc=5,https://news.google.com/rss/search?q=feminicidio+M%C3%A9xico&hl=es-419&gl=MX&ceid=MX:es-419,2025-07-07T07:00:00+00:00,0.4737,0.5122,0.9133,Alta,Si,1,el asesinato de una mujer y sus tres hijas de nueve y 11 an os eleva las alertas sobre la violencia infantil y de ge nero en sonora el pai s,el asesinato de una mujer y sus tres hijas de nueve y 11 an os eleva las alertas sobre la violencia infantil y de ge nero en sonora el pai s,el asesinato de una mujer y sus tres hijas de nueve y 11 an os eleva las alertas sobre la violencia infantil y de ge nero en sonora el pai s el asesinato de una mujer y sus tres hijas de nueve y 11 an os eleva las alertas sobre la violencia infantil y de ge nero en sonora el pai s el asesinato de una mujer y sus tres hijas de nueve y 11 an os eleva las alertas sobre la violencia infantil y de ge nero en sonora el pai s,5,0.8784248901332512,feminicidio mx com orfandad cimacnoticias,1,0.10092558899096986,0.14450940731794995,0.6058,Alta
Detienen a presunto implicado en feminicidio de tres niñas y su madre en Sonora - Expansión Política,Detienen a presunto implicado en feminicidio de tres niñas y su madre en Sonora Expansión Política,https://news.google.com/rss/articles/CBMiqgFBVV95cUxNRDIzOEEya2ZOUFRkdlA1dXZxV3RnME9jVlJwUGRRM185eTlnam9YaHhCZ1BNaFluckV2UWl5UF9MNWNjQnF4NVc4Y3lPTTZnb2c4aUtLb196N0p2aThkZkhYTE1VaGZjdmZvalZ1OWJaNmNvbzBvdmY3LVduejlQYmVnUUxzLVVNcC1SN1YzNlUwYjI4MDNDcXdZck9rd3ROOWhZVXBMMEdsd9IBtwFBVV95cUxNZkI1WWc4VlZQTDh5YVY3TzY0dG1HUXJhUzJqUFlVNVBHZTlROXpaRmlOWFhYc2JzSXh5c0kyU0RRTUh6RVFsU01Zb1l4VG9zeDVteE50V2pYd3dKNHRLX3pHdFlBVEVtcThmNldFa0xuYzVoN3VuanduYy14WFlxeFlyT0hSS1V3VUxMM1NwRk9HRHQ1TVp5UjROWVg2SzNMTTR0RkE2TUlxbjhNR1hwT0Uzbnc2TDQ?oc=5,https://news.google.com/rss/search?q=feminicidio+ni%C3%B1os+ni%C3%B1as&hl=es-419&gl=MX&ceid=MX:es-419,2025-07-07T07:00:00+00:00,0.5,0.0,0.3025,Media,No,2,detienen a presunto implicado en feminicidio de tres nin as y su madre en sonora expansio n poli tica,detienen a presunto implicado en feminicidio de tres nin as y su madre en sonora expansio n poli tica,detienen a presunto implicado en feminicidio de tres nin as y su madre en sonora expansio n poli tica detienen a presunto implicado en feminicidio de tres nin as y su madre en sonora expansio n poli tica detienen a presunto implicado en feminicidio de tres nin as y su madre en sonora expansio n poli tica,3,0.8635197664093766,feminicidio vi nin vi ctimas ctimas,352,0.2841307089695659,0.0019501357810131049,0.1823,Baja
Procesan a sujeto por triple homicidio infantil y feminicidio en Sonora - Aristegui Noticias,Procesan a sujeto por triple homicidio infantil y feminicidio en Sonora Aristegui Noticias,https://news.google.com/rss/articles/CBMitwFBVV95cUxNYzg4eVlJbVhXOWh4b1RSQmt6Y1J2N2dsSnB6bzFjei1LVGVUdV9qb2p4S2NJcGx1dlRmY05Vc0pGTFVhMDR1S0VkX3JKZmJFZElSbS0yczl1ZDk1clpwdmdpNnRlQzFJSGNUOUpZRmhFUkRqZVJBSlZSVVZMNVlxOEhNTkdXdWszQ19GcmdMVFVRRXNsYnNrZ2ZIa0VkV0REOXc3WVlZSTQwMHB4UmpFQVlUVVFhY2s?oc=5,https://news.google.com/rss/search?q=feminicidio+ni%C3%B1os+ni%C3%B1as&hl=es-419&gl=MX&ceid=MX:es-419,2025-07-07T07:00:00+00:00,0.5,0.3103,0.707,Alta,Si,1,procesan a sujeto por triple homicidio infantil y feminicidio en sonora aristegui noticias,procesan a sujeto por triple homicidio infantil y feminicidio en sonora aristegui noticias,procesan a sujeto por triple homicidio infantil y feminicidio en sonora aristegui noticias procesan a sujeto por triple homicidio infantil y feminicidio en sonora aristegui noticias procesan a sujeto por triple homicidio infantil y feminicidio en sonora aristegui noticias,3,0.8446470829941544,feminicidio vi nin vi ctimas ctimas,250,0.09224131135330021,0.03678412679576592,0.4389,Alta
Duro relato de hija de Rosa Elvira Cely y la lucha para proteger a otros huérfanos por feminicidio - Noticias Caracol,Duro relato de hija de Rosa Elvira Cely y la lucha para proteger a otros huérfanos por feminicidio Noticias Caracol,https://news.google.com/rss/articles/CBMi5gFBVV95cUxNcDJDSjBDSmpkNXBsblNoVlZhVWptaWh0ZTczaUZXSk5DSWtIajNSTFVSczAteGRqOElSVk9Ua1pzOGFWem5PN2thc2JZQVpGOU5oVVhsTUtCcUluZEhvdXlGSVp3WTZiTWdMMmVfU0hXQU9qMjNMWUVQNFkzQlBCYTUyVldpRTQ4RjUzaW1UdklBcU5aSEhVaFRZNl9CN0ZmVGR6X0d6LWJYa2szckM3SEdkbjdjRVBOOFVqbGdKd3EzZDNmMzBlZ0ExMHUwNXFEM0dnamdWLWpqeUpqbDNvaW8tQkxKQdIB8wFBVV95cUxPOUhWTTFRV0ZlT1VHQ0VoZjFNRk13WWRDTk1yNU1PWlNkVFlEbEEzU2NoNVBkanJXbUVMWmJ0eHJ4YlpiZ3lLa0RNVGZkZ3hRcXpyV2xNVjhiUzVPT3JMU3NBWTB3eGpER2U0b1hULVBnb19SWHBzMUdFVjBuYXd6bWstbm5SamNGQVhJNmpuSUptQ0RRT2hCSF80MExZVC1iME11MWpJTlYtZVNJVkx6QmJrdEFiV1N0bWVLUV9yVHN6Y2lkMnB4RjFweXdKVk1nUUFlalVqUFZPbllMc1lkYlBGanZ3S0U1aEs4Z3ViTnhvZXM?oc=5,https://news.google.com/rss/search?q=feminicidio+hijos+hu%C3%A9rfanos&hl=es-419&gl=MX&ceid=MX:es-419,2025-07-06T07:00:00+00:00,0.5,0.375,0.8254,Alta,Si,3,duro relato de hija de rosa elvira cely y la lucha para proteger a otros hue rfanos por feminicidio noticias caracol,duro relato de hija de rosa elvira cely y la lucha para proteger a otros hue rfanos por feminicidio noticias caracol,duro relato de hija de rosa elvira cely y la lucha para proteger a otros hue rfanos por feminicidio noticias caracol duro relato de hija de rosa elvira cely y la lucha para proteger a otros hue rfanos por feminicidio noticias caracol duro relato de hija de rosa elvira cely y la lucha para proteger a otros hue rfanos por feminicidio noticias caracol,1,0.8573046017657574,feminicidio ctimas vi ctimas vi rfanos,276,0.22421878905225,0.0017068144140783075,0.4959,Alta
"Violencia: La niña de 9 años asesinada, una de los 70 huérfanos por feminicidio - 14ymedio","Violencia: La niña de 9 años asesinada, una de los 70 huérfanos por feminicidio 14ymedio",https://news.google.com/rss/articles/CBMieEFVX3lxTE10SDliMEh5c0R5MzdhUXNoUVJ3Nk95QzBTRTJjSXdyV0tUUk91SGdWTExrcHhQbjJiMzVlT2lTOHRjZzVHeG8wazIwVTJvWG0wUkRWZUxNSFg0bHNsZVFWNnpTbnN4aXNoYkJaRlJSZGFUZHJjcHBmbNIBfkFVX3lxTE5oZDhXMHh2aEZkaVN4TjBadlF5SnpSUW1kUF9ZOVdaOFZVeHo3LVlMczhmRF82bUs0cjRkNmoybnFIT0V2ZUZ4bU03d2NJd2NPMWlXUzdmcG1aUE9OSlIwUnNFNU9sTlRrVzRoTWgwUm9hMjlndW95NVduR2J5UQ?oc=5,https://news.google.com/rss/search?q=feminicidio+menores+hu%C3%A9rfanos&hl=es-419&gl=MX&ceid=MX:es-419,2025-06-30T07:00:00+00:00,0.5,0.0,0.3025,Media,No,3,violencia la nin a de 9 an os asesinada una de los 70 hue rfanos por feminicidio 14ymedio,violencia la nin a de 9 an os asesinada una de los 70 hue rfanos por feminicidio 14ymedio,violencia la nin a de 9 an os asesinada una de los 70 hue rfanos por feminicidio 14ymedio violencia la nin a de 9 an os asesinada una de los 70 hue rfanos por feminicidio 14ymedio violencia la nin a de 9 an os asesinada una de los 70 hue rfanos por feminicidio 14ymedio,2,0.846196267135304,feminicidio hue rfanos rfanos hue rfanos feminicidio,83,0.1835079686903051,0.02953222699643965,0.1933,Baja
Crean en Guanajuato fondo de 5 mdp para menores de edad víctimas indirectas de feminicidio - La Jornada,Crean en Guanajuato fondo de 5 mdp para menores de edad víctimas indirectas de feminicidio La Jornada,https://news.google.com/rss/articles/CBMi5AFBVV95cUxQWTVnS25yMURqVVEtekZGcDNBVFNKY1FrbFl4YTZNMVRxaGgzcndRM2Y0M0lEX0tzVUhVUUZKZ1JqMmJscG1WSnNkaDJEZEhwVkIxbFV1WnFrNjR2QkcweEozTG5rU091ZXlTcDVtektkdjJGQzhtc0RPbFhVSlpzR0FOa0V1TDR6SWxmSF9paFphbXAtT3EzZElCMlhJUXpvWkpqUFZHbzZhakNaellSOGk5Tk1kcmNjUWp2dm5BbmFqSUlMSVRPVWJONVJlOURMdWxwY3ZIRWRjbEZNcko1WHNuaVI?oc=5,https://news.google.com/rss/search?q=%22v%C3%ADctimas+indirectas%22+feminicidio&hl=es-419&gl=MX&ceid=MX:es-419,2025-06-27T07:00:00+00:00,0.5,0.5918,1.0,Alta,Si,0,crean en guanajuato fondo de 5 mdp para menores de edad vi ctimas indirectas de feminicidio la jornada,crean en guanajuato fondo de 5 mdp para menores de edad vi ctimas indirectas de feminicidio la jornada,crean en guanajuato fondo de 5 mdp para menores de edad vi ctimas indirectas de feminicidio la jornada crean en guanajuato fondo de 5 mdp para menores de edad vi ctimas indirectas de feminicidio la jornada crean en guanajuato fondo de 5 mdp para menores de edad vi ctimas indirectas de feminicidio la jornada,3,0.8616512447552831,feminicidio vi nin vi ctimas ctimas,155,0.1741252451237411,0.038336900530931514,0.6153,Alta
Beneficios a huérfanos por feminicidio pasa a último debate en Senado - Senado.gov.co,Beneficios a huérfanos por feminicidio pasa a último debate en Senado Senado.gov.co,https://news.google.com/rss/articles/CBMiyAFBVV95cUxNMVk0czA0NEY5Mms1YVBjRmpGV21BSS1waU5jaWhQa0ozLU50ZTZiSTFTNXNlbm1rdXRGbnVQY3JVeWNjX0k1Q1RBRlFPeDE5SXluTUY2WWxTa1V5TGNfaGRNb2dUbTY2V2ZzNU1Pc2FMcmxlMUc1WXRtNWJMWHJjeTBDQXR4N1JINEUtbTUxMmtkekhnaE1PdzZoWVdOOUZYbjVTV3dzb2xTcjNXVWg2NWM0OHZoaTh4Rm1ZSDdTV2dpd3NJTHdldA?oc=5,https://news.google.com/rss/search?q=feminicidio+hijos+hu%C3%A9rfanos&hl=es-419&gl=MX&ceid=MX:es-419,2025-06-26T07:00:00+00:00,0.5,0.0,0.3025,Media,No,3,beneficios a hue rfanos por feminicidio pasa a u ltimo debate en senado senado gov co,beneficios a hue rfanos por feminicidio pasa a u ltimo debate en senado senado gov co,beneficios a hue rfanos por feminicidio pasa a u ltimo debate en senado senado gov co beneficios a hue rfanos por feminicidio pasa a u ltimo debate en senado senado gov co beneficios a hue rfanos por feminicidio pasa a u ltimo debate en senado senado gov co,3,0.8546906039723444,feminicidio vi nin vi ctimas ctimas,222,0.23076320089542582,0.001963410837350321,0.1823,Baja
"Apoya Gobierno de la Gente a niñas, niños y adolescentes víctimas indirectas de feminicidio y desaparición de sus madres - Boletines Dependencias","Apoya Gobierno de la Gente a niñas, niños y adolescentes víctimas indirectas de feminicidio y desaparición de sus madres Boletines Dependencias",https://news.google.com/rss/articles/CBMi-wFBVV95cUxPZlBFUVNDd2FRS0g4OGREdThuSndRUGpxY1YtamREa2dyUEwzX19Za2hGQUJfUWV3MHhKMl9oSGY1dGd3X0NJMnVUVktLM3pJRGhuS243Tmg2UW93bDQzOF96STl5MGI4ejg1aTd6NklNejktVFc5UGdxSHkwZWQzelZUUFBnZ0NYWm9iM0pTT0hqZ2RobXhrUFdoUDh1MFQ0bHMyLVZ5NFRFODV3cm9XeDdPdzhCRDJmTFV0WW5qODc5cFNrbHYzMXNFNlA2aFV3MlNuUzRiNnNTblg0d05XeGxEbF9LdWNYLWZmRW9IUjRhUHk2NVZreUhFYw?oc=5,https://news.google.com/rss/search?q=feminicidio+ni%C3%B1os+ni%C3%B1as&hl=es-419&gl=MX&ceid=MX:es-419,2025-06-26T07:00:00+00:00,0.5,0.3333,0.7246,Alta,Si,2,apoya gobierno de la gente a nin as nin os y adolescentes vi ctimas indirectas de feminicidio y desaparicio n de sus madres boletines dependencias,apoya gobierno de la gente a nin as nin os y adolescentes vi ctimas indirectas de feminicidio y desaparicio n de sus madres boletines dependencias,apoya gobierno de la gente a nin as nin os y adolescentes vi ctimas indirectas de feminicidio y desaparicio n de sus madres boletines dependencias apoya gobierno de la gente a nin as nin os y adolescentes vi ctimas indirectas de feminicidio y desaparicio n de sus madres boletines dependencias apoya gobierno de la gente a nin as nin os y adolescentes vi ctimas indirectas de feminicidio y desaparicio n de sus madres boletines dependencias,3,0.8826109883156449,feminicidio vi nin vi ctimas ctimas,312,0.37705290554565346,0.03436088350454029,0.4485,Alta
Ya puedes renovar tu descuento en predial para grupos vulnerables; se integran víctimas indirectas de feminicidio - Al Contacto,Ya puedes renovar tu descuento en predial para grupos vulnerables; se integran víctimas indirectas de feminicidio Al Contacto,https://news.google.com/rss/articles/CBMi6gFBVV95cUxOcmF0MHBfLXI2SWtPS3N4MUNPMHRib0kxckVxNW04RldJVHNjVUYzRUt0dVY1TlU4ZGo5eW9IemxEdG1FTWFCME42Njl0eE1aQzFkaWpVLWFiel82TEQ5V0oxTUpMdkZvQ2ZxbV93Um1sYUc1U0JETUsyWWU1SFJkRzZjWjVDOFEwYjNlc2piemRaajdJZFpsdGQteF8zSjkyTnJReF95X3JQeVU4SDVPRjNqR0RFc2VQYkw5b1E5aXJjQXZNWkJwMGlhMVRhOUJ2T25NWTk0QkMzR0tYT2ZYblFNLThIdXk4U2c?oc=5,https://news.google.com/rss/search?q=%22v%C3%ADctimas+indirectas%22+feminicidio&hl=es-419&gl=MX&ceid=MX:es-419,2025-06-24T07:00:00+00:00,0.5,0.0,0.3025,Media,No,0,ya puedes renovar tu descuento en predial para grupos vulnerables se integran vi ctimas indirectas de feminicidio al contacto,ya puedes renovar tu descuento en predial para grupos vulnerables se integran vi ctimas indirectas de feminicidio al contacto,ya puedes renovar tu descuento en predial para grupos vulnerables se integran vi ctimas indirectas de feminicidio al contacto ya puedes renovar tu descuento en predial para grupos vulnerables se integran vi ctimas indirectas de feminicidio al contacto ya puedes renovar tu descuento en predial para grupos vulnerables se integran vi ctimas indirectas de feminicidio al contacto,1,0.87215190249841,feminicidio ctimas vi ctimas vi rfanos,247,0.20149783664653712,0.016945916996910972,0.1883,Baja
"En caso inusual, Estados Unidos sanciona a líder del Cartel de Jalisco por feminicidio en México - InSight Crime","En caso inusual, Estados Unidos sanciona a líder del Cartel de Jalisco por feminicidio en México InSight Crime",https://news.google.com/rss/articles/CBMitAFBVV95cUxQQnJPOVF4V1paNHpfMV82QVJPLS1Demp1M2JpZlBJZlBESUlOdjg4Q3VxTWtXUUplYW1GdVdDSnFheHJXTEx5VFNzNXJUWVljY1l0bGZYcm9XeWNuYlAydU1Qa2MyTVFHTk10SGU1SGVtOVU1WUQxMzEyQlpSSFlZNDZEeU1ZZ1R0SzVUb0hjN1hkRGJIYlM1WWdzQkR1aHVDRHdUamVoZGFJbV91M1NNQXFNdUo?oc=5,https://news.google.com/rss/search?q=feminicidio+M%C3%A9xico&hl=es-419&gl=MX&ceid=MX:es-419,2025-06-20T07:00:00+00:00,0.5,0.0,0.3025,Media,No,1,en caso inusual estados unidos sanciona a li der del cartel de jalisco por feminicidio en me xico insight crime,en caso inusual estados unidos sanciona a li der del cartel de jalisco por feminicidio en me xico insight crime,en caso inusual estados unidos sanciona a li der del cartel de jalisco por feminicidio en me xico insight crime en caso inusual estados unidos sanciona a li der del cartel de jalisco por feminicidio en me xico insight crime en caso inusual estados unidos sanciona a li der del cartel de jalisco por feminicidio en me xico insight crime,2,0.8644203967246494,feminicidio hue rfanos rfanos hue rfanos feminicidio,4,0.12952454597493396,0.0017609694354763356,0.1822,Baja
Avala jueza que médico acusado de tentativa de feminicidio en Puebla conserve custodia de sus hijos - El Sol de México,Avala jueza que médico acusado de tentativa de feminicidio en Puebla conserve custodia de sus hijos El Sol de México,https://news.google.com/rss/articles/CBMi4AFBVV95cUxPYmt5WVZRcS1GZGZGc3loN3BtTEdHcXVwVzRKYTN3V1BhSXdEeHByTDJRY2pJUXdRLVJKTHBJZFRCekp5c01ULVJsMWZCd01OMndBWll2TVR1NDZRZzVFd3ROeFhqbGFMd0tHdml2cFlPNVRDQVp1ZGJlUEY5SWFfYlFtblJxZWRYOEdTX0N4Nk56MldvOG1hRlNhdkxPdWw0Y1BnOGhBQkNnME9Gaks4YzlMWFBiS2NGZVpBTTNLTTFCM2t2V2U2Q2lqdVZJS0RWZVdDZE5SU1p0VlE1Yk16Nw?oc=5,https://news.google.com/rss/search?q=DIF+custodia+feminicidio+hijos&hl=es-419&gl=MX&ceid=MX:es-419,2025-06-19T07:00:00+00:00,0.5,0.5,0.93,Alta,Si,1,avala jueza que me dico acusado de tentativa de feminicidio en puebla conserve custodia de sus hijos el sol de me xico,avala jueza que me dico acusado de tentativa de feminicidio en puebla conserve custodia de sus hijos el sol de me xico,avala jueza que me dico acusado de tentativa de feminicidio en puebla conserve custodia de sus hijos el sol de me xico avala jueza que me dico acusado de tentativa de feminicidio en puebla conserve custodia de sus hijos el sol de me xico avala jueza que me dico acusado de tentativa de feminicidio en puebla conserve custodia de sus hijos el sol de me xico,3,0.8618344126330012,feminicidio vi nin vi ctimas ctimas,355,0.20832511008383192,0.04547157846255236,0.5762,Alta
PRI propone incluir a niñas y niños huérfanos por feminicidio en el registro nacional de delitos contra mujeres - Hoja de Ruta Digital,PRI propone incluir a niñas y niños huérfanos por feminicidio en el registro nacional de delitos contra mujeres Hoja de Ruta Digital,https://news.google.com/rss/articles/CBMi2AFBVV95cUxQbHMxT0FvcEU3S0E0ZEZibEFiZDZSYXIxbHJ2TUxRUWxsZXN1Uy1vTlNQQnZqTzFwR3RYQlpMcHdFUG1kNW9mQUdtWUJsQkhsM1Jabm9WM2xMNDVZNEFnTmZFTGhfYTdIYjJMUzBPMkUydVhKUERFZGhLR2dPalN2dl9rT09XZXh0TjJXVy0zMU9ua2I5UTZCWmtfRFVNS21yUENiX2FJSjg4ZEtfbzBWTEJVZEF6bVBqOUtDZDhUQTVSRWRnQnZzVXEyR1Z5dEp0VnIwU0wzOEE?oc=5,https://news.google.com/rss/search?q=feminicidio+hijos+hu%C3%A9rfanos&hl=es-419&gl=MX&ceid=MX:es-419,2025-06-12T07:00:00+00:00,0.5,0.0,0.3025,Media,No,3,pri propone incluir a nin as y nin os hue rfanos por feminicidio en el registro nacional de delitos contra mujeres hoja de ruta digital,pri propone incluir a nin as y nin os hue rfanos por feminicidio en el registro nacional de delitos contra mujeres hoja de ruta digital,pri propone incluir a nin as y nin os hue rfanos por feminicidio en el registro nacional de delitos contra mujeres hoja de ruta digital pri propone incluir a nin as y nin os hue rfanos por feminicidio en el registro nacional de delitos contra mujeres hoja de ruta digital pri propone incluir a nin as y nin os hue rfanos por feminicidio en el registro nacional de delitos contra mujeres hoja de ruta digital,4,0.8871440723277451,hue hue rfanos rfanos feminicidio rfanos feminicidio,163,0.2221730562943353,0.0018047799816251822,0.1822,Baja
El feminicidio de Jovita: 350 metros perseguida por su agresor y sin que nadie le auxiliara - EL PAÍS,El feminicidio de Jovita: 350 metros perseguida por su agresor y sin que nadie le auxiliara EL PAÍS,https://news.google.com/rss/articles/CBMizAFBVV95cUxOeFhvYVE0em9MSW9EOWhJeWpyX2R0ZFh2NU5LWlpsb3poQXZPSjdyQzNSQ2tnZjVaQWZDTVk0ZTVkM01EQmZBTjJGbTlGbW1waVFnaXUxbUxBZVlOV1VhNmEtb09wMFhUWk1IQVc3TWppdEFMYVNuVVVKOGNxdXloMG5zOGh6YjhJSHp0ZzlJZTZrTE8zTDFuRXJmNkpody0zNnRmNktEVFhyVzgwdWdPN04zd2ZZWlN2NTBEMmVUSWR1cDFQNDIzdk13MC3SAeABQVVfeXFMUG5QU1FydF9rbURGRHhETURvN2RVZzFpaEJxYjNjZVFNX1FBNlRHT0Q2UG0xTVlwb2tJSEZnQkxrczBJUTJlUzI2aTlMZXVRQjRyekdoeWw2OXdOazY4LTBDN3FZcHU5SDNMTlUxWWxRMzBUYkpoRnBMOFcxYTlpbXJ4UlZIQWNPTlBxcjFHaWwtT2tXdFFYSkhsVDFTTXRpMWFsTHA3dzEwT1RqRG1oWVRFUjR1RmUwMXNIa28xU2tkSjJrUWRTMnl5X09IX1FtcEtQMTJiN0QtSDlhOV91eUI?oc=5,https://news.google.com/rss/search?q=feminicidio+M%C3%A9xico&hl=es-419&gl=MX&ceid=MX:es-419,2025-06-07T07:00:00+00:00,0.5,0.0,0.3025,Media,No,1,el feminicidio de jovita 350 metros perseguida por su agresor y sin que nadie le auxiliara el pai s,el feminicidio de jovita 350 metros perseguida por su agresor y sin que nadie le auxiliara el pai s,el feminicidio de jovita 350 metros perseguida por su agresor y sin que nadie le auxiliara el pai s el feminicidio de jovita 350 metros perseguida por su agresor y sin que nadie le auxiliara el pai s el feminicidio de jovita 350 metros perseguida por su agresor y sin que nadie le auxiliara el pai s,4,0.8481618413715041,hue hue rfanos rfanos feminicidio rfanos feminicidio,184,0.04277398834222203,0.0028600428443387995,0.1826,Baja
FGE Chiapas y FGE Oaxaca aprehenden a presunto responsable de feminicidio - Fiscalía General del Estado de Chiapas,FGE Chiapas y FGE Oaxaca aprehenden a presunto responsable de feminicidio Fiscalía General del Estado de Chiapas,https://news.google.com/rss/articles/CBMiiwFBVV95cUxQclhvQXFVc2RQX05MbUZzaU9mS2hpTGFmdENwTzBZNzVqVlRBSVNNZEtOdnZXeFRvZzZNZnlOSlE4YllNVXpwbUJ1Qk1JZHdPMVJTWl93THJXelFzTUpqUHFOZXdaQTk3N2ZEMmMzZFlMVGhxdkF5bVVINDg1Rk5NY0oyRkwzbWp5aVBn?oc=5,https://news.google.com/rss/search?q=feminicidio+ni%C3%B1os+ni%C3%B1as&hl=es-419&gl=MX&ceid=MX:es-419,2025-06-06T07:00:00+00:00,0.5,0.0,0.3025,Media,No,1,fge chiapas y fge oaxaca aprehenden a presunto responsable de feminicidio fiscali a general del estado de chiapas,fge chiapas y fge oaxaca aprehenden a presunto responsable de feminicidio fiscali a general del estado de chiapas,fge chiapas y fge oaxaca aprehenden a presunto responsable de feminicidio fiscali a general del estado de chiapas fge chiapas y fge oaxaca aprehenden a presunto responsable de feminicidio fiscali a general del estado de chiapas fge chiapas y fge oaxaca aprehenden a presunto responsable de feminicidio fiscali a general del estado de chiapas,5,0.858069706650214,feminicidio mx com orfandad cimacnoticias,213,0.3218085938486789,0.0016579165305311773,0.1822,Baja
Garantiza Ceave atención continua a menores huérfanos por feminicidio - La Opción de Chihuahua,Garantiza Ceave atención continua a menores huérfanos por feminicidio La Opción de Chihuahua,https://news.google.com/rss/articles/CBMiwgFBVV95cUxOT3BuaEZyQUdCRHJUd1EtR2ZfdHg4RGM0aUdQY3Q0S0puaFJjX29TV1NOdTBkYmF3cDgzUWMwWVNIY1psemVNVGdVbDJGU1Q3a3NfaE91a2E5QlF3ZWp2eWtDXzZpVmdMR2dwRlpFb2ZQS2YtYzdEdllhOHJoSklVMlptUVdTNXZMN2poMFMtQ05FNXFGRWQyUEh2TnphQUlaNkQ2Q09FbHlyWEpoZHAyVHFEVExwYTNWVUVhZmE4NDNrZ9IBxwFBVV95cUxOTnpMRm1JQXJwV1luOWNrRllBUUR1ZmNkcVhsMk1jNERvWjd6NVhmN0RncWJzNnFWWVY4aWQzS21ZOWxFbzBKRXlGdkdhdjZBMGRJTGVmM3FWNmt2Y2ZhdjBiWDN6b0RpY3k4V1JuVlJrRzMxaWJzemRhWjM4bkRBNnpNNkdWdmxad21ONHFuNm8xanV1aHZEeDh5dG9ndmtCNFFwT05Ob2Q1eXVHdlBKSVNyTHgyLXQwbXJsWklrT0pGSXU1cnZB?oc=5,https://news.google.com/rss/search?q=orfandad+feminicidio+menores&hl=es-419&gl=MX&ceid=MX:es-419,2025-06-05T07:00:00+00:00,0.5,0.3548,0.8085,Alta,Si,3,garantiza ceave atencio n continua a menores hue rfanos por feminicidio la opcio n de chihuahua,garantiza ceave atencio n continua a menores hue rfanos por feminicidio la opcio n de chihuahua,garantiza ceave atencio n continua a menores hue rfanos por feminicidio la opcio n de chihuahua garantiza ceave atencio n continua a menores hue rfanos por feminicidio la opcio n de chihuahua garantiza ceave atencio n continua a menores hue rfanos por feminicidio la opcio n de chihuahua,1,0.8386202660031375,feminicidio ctimas vi ctimas vi rfanos,104,0.1919885283338044,0.01871437171650476,0.4926,Alta
El feminicidio de Lorena Jaqueline en Guanajuato: 12 días desaparecida y la grabación de su presunto asesino cargando un cuerpo - EL PAÍS,El feminicidio de Lorena Jaqueline en Guanajuato: 12 días desaparecida y la grabación de su presunto asesino cargando un cuerpo EL PAÍS,https://news.google.com/rss/articles/CBMi_AFBVV95cUxPMlJyV3NkclAwMkZZMEZSQ19wR0dYdmExUUZNX2JRTGVtYVZ1N0QyOGU5NGdFeThqY1dORHRoa3dUT2lsLVhyc2tTeUxibnMyZ1BWNi1FdVlDMmFtVE9vdWQyaUZZZk5YQ3JaMjd2OUxyd0lpQ0RLRFY5UkhUa0Y4OWpveWxTY3YwS2owclpWZ20yUDQ2N2hNQ2ZLZGtGaks0cUFSbmg0c2k5a08zLXhfeTJHaFVCWUF2ZnJwbThYMlhHR0QxT2xTMUtLMThSendUa0oxeWtpTk02Y1liNEpiWDdhTmdHS0JLSDdsWm8yWDZxMGVZcy0zc1NUSjA?oc=5,https://news.google.com/rss/search?q=feminicidio+M%C3%A9xico&hl=es-419&gl=MX&ceid=MX:es-419,2025-06-05T07:00:00+00:00,0.5,0.0,0.3025,Media,No,1,el feminicidio de lorena jaqueline en guanajuato 12 di as desaparecida y la grabacio n de su presunto asesino cargando un cuerpo el pai s,el feminicidio de lorena jaqueline en guanajuato 12 di as desaparecida y la grabacio n de su presunto asesino cargando un cuerpo el pai s,el feminicidio de lorena jaqueline en guanajuato 12 di as desaparecida y la grabacio n de su presunto asesino cargando un cuerpo el pai s el feminicidio de lorena jaqueline en guanajuato 12 di as desaparecida y la grabacio n de su presunto asesino cargando un cuerpo el pai s el feminicidio de lorena jaqueline en guanajuato 12 di as desaparecida y la grabacio n de su presunto asesino cargando un cuerpo el pai s,3,0.8790842467556391,feminicidio vi nin vi ctimas ctimas,94,0.06842121926580635,0.0015861718921021172,0.1821,Baja
Proyecto de ley “Huérfanos por Feminicidio” listo para sanción presidencial: estas son las ayudas que el Estado le dará a los hijos de las víctimas - Infobae,Proyecto de ley “Huérfanos por Feminicidio” listo para sanción presidencial: estas son las ayudas que el Estado le dará a los hijos de las víctimas Infobae,https://news.google.com/rss/articles/CBMizAFBVV95cUxQVjlBNmFDNmZ5Q3lTdlpSVWNGNEZ0MEZkdEJVREtyaUdERFNqamdPVlVDOE9UaTlzRGhZYV9ZMnBoSXBPM0NaalJsZTBtN0RvWmZSSnJlN0o5ZFFsU3ZYbmxVOE9vdk80QVl0SFBhbkFZYUhIRGtpWXkxaVF0M3ZSMmJFWEZGOUVYbDhOOVZfb2YzWTBDdFpPeUF4ZXhvdGRMcWg0cTFXZTdxa21SWDB4MDdudUljRWx5a2tfQjE0aWJlQ1Z4NlNLWHdLQUTSAecBQVVfeXFMTjBHV3VKX1B5UFpvTUNZQ3JSWHJOZl9RX0hLYzJHc29FaUp6SmhkNE5vcFI4bF9LbHZEQnE1aGhhRVZ2bkFkSE5zbXpMWWJSMWtTX1kzUHJ3VGtaZkk0cktmZWd5anBkRlJzMi1GMnBkdk51QWNhU2xPVm5pbXhyUVY1T04taHBlcERKY29BT3h2cUhGSVBxRU5aUnpNenY2VXFpeS16V1VuUTVWS0x6djdjUUVlU3M0WlVrQmNTLTNLS25lMzVVeWJ3b2NPLW4tLVhhQ2hpSmxDMTlPME15aVExVVEzNUd3?oc=5,https://news.google.com/rss/search?q=feminicidio+hijos+hu%C3%A9rfanos&hl=es-419&gl=MX&ceid=MX:es-419,2025-06-05T07:00:00+00:00,0.5,0.375,0.8254,Alta,Si,3,proyecto de ley hue rfanos por feminicidio listo para sancio n presidencial estas son las ayudas que el estado le dara a los hijos de las vi ctimas infobae,proyecto de ley hue rfanos por feminicidio listo para sancio n presidencial estas son las ayudas que el estado le dara a los hijos de las vi ctimas infobae,proyecto de ley hue rfanos por feminicidio listo para sancio n presidencial estas son las ayudas que el estado le dara a los hijos de las vi ctimas infobae proyecto de ley hue rfanos por feminicidio listo para sancio n presidencial estas son las ayudas que el estado le dara a los hijos de las vi ctimas infobae proyecto de ley hue rfanos por feminicidio listo para sancio n presidencial estas son las ayudas que el estado le dara a los hijos de las vi ctimas infobae,2,0.8727631929675655,feminicidio hue rfanos rfanos hue rfanos feminicidio,146,0.27311011172726535,0.013316112015646366,0.5006,Alta
Hijos de víctimas de feminicidio recibirán estos beneficios hasta los 25 años - Ámbito Jurídico,Hijos de víctimas de feminicidio recibirán estos beneficios hasta los 25 años Ámbito Jurídico,https://news.google.com/rss/articles/CBMixwFBVV95cUxPUlhSVkxPWlljbUdKMkg4UVZ1ZzdLamlXQmFWcUhmazZFa1p3YU5xTXBBQTJ0WDR2bXNLTDZUWlNfUDRhYUpVaEgwZEdRVUQ3YlBYUjFWRXhUNXdNX09fZ2U5dnQ5VF9nd1drbnIzd0I4OWNFMEVWWVhBS01yQUQ0aTNMVUptWVhBZHlmVFBabzd1TjZfZUdUMHJEMUg2bTg1TGl5QV9TU0tYTmpGYW41UWJJQlJSUHBrUDNDcGJBRXF6cmpocmVJ?oc=5,https://news.google.com/rss/search?q=feminicidio+ni%C3%B1os+ni%C3%B1as&hl=es-419&gl=MX&ceid=MX:es-419,2025-06-03T07:00:00+00:00,0.5,0.375,0.8254,Alta,Si,0,hijos de vi ctimas de feminicidio recibira n estos beneficios hasta los 25 an os a mbito juri dico,hijos de vi ctimas de feminicidio recibira n estos beneficios hasta los 25 an os a mbito juri dico,hijos de vi ctimas de feminicidio recibira n estos beneficios hasta los 25 an os a mbito juri dico hijos de vi ctimas de feminicidio recibira n estos beneficios hasta los 25 an os a mbito juri dico hijos de vi ctimas de feminicidio recibira n estos beneficios hasta los 25 an os a mbito juri dico,4,0.8617693179665407,hue hue rfanos rfanos feminicidio rfanos feminicidio,351,0.15060167758115117,0.016515299548139288,0.5018,Alta
¿Cómo acceder al programa de apoyo a huérfanos de feminicidio en Coahuila? - adn 40,¿Cómo acceder al programa de apoyo a huérfanos de feminicidio en Coahuila? adn 40,https://news.google.com/rss/articles/CBMioAFBVV95cUxQdnJXck5HTGRfVTZ2cjZha3RjdnZoZjRNT1VFWmRGNVNham9QbjhLMnZuUV8wSWhnLU9SSG45dTRMY01fb2w5NGhTVUhFakJkTm5zVHhXUWo1bnA4NldKbWtQRjhJcVgwUmJ2Rm5VN0dVMnloY1hwMXRlWVhqejVXU1RCTll6cHBZYXpYaW42MGxlQ3hWWDBjYzVXTmRWTk8t?oc=5,https://news.google.com/rss/search?q=feminicidio+hijos+hu%C3%A9rfanos&hl=es-419&gl=MX&ceid=MX:es-419,2025-05-28T07:00:00+00:00,0.5,0.0,0.3025,Media,No,3,co mo acceder al programa de apoyo a hue rfanos de feminicidio en coahuila adn 40,co mo acceder al programa de apoyo a hue rfanos de feminicidio en coahuila adn 40,co mo acceder al programa de apoyo a hue rfanos de feminicidio en coahuila adn 40 co mo acceder al programa de apoyo a hue rfanos de feminicidio en coahuila adn 40 co mo acceder al programa de apoyo a hue rfanos de feminicidio en coahuila adn 40,1,0.8545091861081381,feminicidio ctimas vi ctimas vi rfanos,117,0.20887385668772576,0.0022375839320334383,0.1824,Baja
A dos años del feminicidio de la payasita Fanny en Altamira: ¿qué pasa con los niños huérfanos por violencia? - El Sol de México,A dos años del feminicidio de la payasita Fanny en Altamira: ¿qué pasa con los niños huérfanos por violencia? El Sol de México,https://news.google.com/rss/articles/CBMi6wFBVV95cUxPODJFQjdDYkctNWNKSjlJanpLLUNKSnpjcHg3bnJGNldGVlRncVUzZXl4MlpWMVROMUphVWl3dXNINGtKY2FlRDlCeEdad3BfNnlXcE14bVRwaXN5eG83QVBWa3RoMXBtLUFTRGpsVkpUWjJUSlowbk1KbUdKeHpsWDZBZ1lJbG90c3ItNFA3cFVPWGJJX3J2NkpFcEg0My1DQ3dVM0ppZDJlZGxEaV9XY1VUQVlZRWdxeFAxLXRaMGRCV2JsSkxPTFZLNllyNVhRT3B1dklwSFFJVG9MN29NZlRMcHQ5QThyd3Jn?oc=5,https://news.google.com/rss/search?q=feminicidio+hijos+hu%C3%A9rfanos&hl=es-419&gl=MX&ceid=MX:es-419,2025-05-26T07:00:00+00:00,0.5,0.0,0.3025,Media,No,3,a dos an os del feminicidio de la payasita fanny en altamira que pasa con los nin os hue rfanos por violencia el sol de me xico,a dos an os del feminicidio de la payasita fanny en altamira que pasa con los nin os hue rfanos por violencia el sol de me xico,a dos an os del feminicidio de la payasita fanny en altamira que pasa con los nin os hue rfanos por violencia el sol de me xico a dos an os del feminicidio de la payasita fanny en altamira que pasa con los nin os hue rfanos por violencia el sol de me xico a dos an os del feminicidio de la payasita fanny en altamira que pasa con los nin os hue rfanos por violencia el sol de me xico,4,0.8658518509048573,hue hue rfanos rfanos feminicidio rfanos feminicidio,235,0.16334087391017607,0.027795196924522838,0.1926,Baja
Indignación en Suba por el asesinato de una mujer a manos de la policía - Colombia Informa,Indignación en Suba por el asesinato de una mujer a manos de la policía Colombia Informa,https://news.google.com/rss/articles/CBMiqAFBVV95cUxPQTRhV3V2eV90NjFtcS1HcjBjdDBQZ2Y2LVVObTU3a0M1Q3I3d19KN2F4MlBKdERUN1p0MldSV1UyYzBMRXRwZjFMelg0ZDRmOUE2TFJZczhJSG9xMU44dWV3cU1ubVRxYVhWMDI4SGpvQmxYbDdCSXVpQXNtdmZEWUt5VmJRWmFXTWVGd1RCNUhPYnhZeUhZRVU3cWx3SnpMRFdVRnotNHc?oc=5,https://news.google.com/rss/search?q=asesinato+mujer+hijos+quedaron&hl=es-419&gl=MX&ceid=MX:es-419,2025-05-25T07:00:00+00:00,0.4737,0.0,0.2866,Baja,No,1,indignacio n en suba por el asesinato de una mujer a manos de la polici a colombia informa,indignacio n en suba por el asesinato de una mujer a manos de la polici a colombia informa,indignacio n en suba por el asesinato de una mujer a manos de la polici a colombia informa indignacio n en suba por el asesinato de una mujer a manos de la polici a colombia informa indignacio n en suba por el asesinato de una mujer a manos de la polici a colombia informa,1,0.8358214639501881,feminicidio ctimas vi ctimas vi rfanos,359,0.1233758091150664,0.14732580720231442,0.2309,Media
"Después del feminicidio de mi hija Fátima no vivo, sobrevivo: Lorena Gutiérrez - SinEmbargo","Después del feminicidio de mi hija Fátima no vivo, sobrevivo: Lorena Gutiérrez SinEmbargo",https://news.google.com/rss/articles/CBMisAFBVV95cUxOZUlYWnJXejIxMnBsaWRNbTczcHpWTVFjVHVJc3RjNGQzSWxCU1ZVU2pZcEdDT2pLX0FZdU9iaGNTVGlOdmRjWHRrWFBoZGFEaWZGcGdzU0FCTXg3bGt4cE9uTzdDUjJMMUw2bjNDX2Q0LTJJR3hlSmVwcmhBTDVnQnRzNEdGd1JSaktOb2JabTdNaFlLZUJwMHZHMDM3TUJuRE5DaXJTVm0tT0J4YllzbQ?oc=5,https://news.google.com/rss/search?q=feminicidio+NNA+victimas+indirectas&hl=es-419&gl=MX&ceid=MX:es-419,2025-05-24T07:00:00+00:00,0.5,0.375,0.8254,Alta,Si,1,despue s del feminicidio de mi hija fa tima no vivo sobrevivo lorena gutie rrez sinembargo,despue s del feminicidio de mi hija fa tima no vivo sobrevivo lorena gutie rrez sinembargo,despue s del feminicidio de mi hija fa tima no vivo sobrevivo lorena gutie rrez sinembargo despue s del feminicidio de mi hija fa tima no vivo sobrevivo lorena gutie rrez sinembargo despue s del feminicidio de mi hija fa tima no vivo sobrevivo lorena gutie rrez sinembargo,4,0.8436046989049596,hue hue rfanos rfanos feminicidio rfanos feminicidio,199,0.2777890111582315,0.0017018896845541072,0.4959,Alta
Asigna Edomex 14.6 mdp para respaldar a víctimas de feminicidio y desaparición - Plana Mayor,Asigna Edomex 14.6 mdp para respaldar a víctimas de feminicidio y desaparición Plana Mayor,https://news.google.com/rss/articles/CBMiqAFBVV95cUxQT0NlNl9kRG9SSk5tWGkzUGF4cVJ2RTlzMTF3UVZRYkJYbzRFX3VCb0t1SEQ0QUk0V2pFZENiT0ZLQTI4RDhtRW9YSFl1bk55N3BNZlpHZVdLQUh4MmdJTmNoVEpxNnpFbWlKcTU4OUUxeVFJV2dpWEZySExaQlkzYUdKV3d0ekxWU1pvVGRZcThYRk94RXd1QUd2d1RmTnU4NERoakdRTko?oc=5,https://news.google.com/rss/search?q=feminicidio+ni%C3%B1os+ni%C3%B1as&hl=es-419&gl=MX&ceid=MX:es-419,2025-05-22T07:00:00+00:00,0.5,0.0,0.3025,Media,No,0,asigna edomex 14 6 mdp para respaldar a vi ctimas de feminicidio y desaparicio n plana mayor,asigna edomex 14 6 mdp para respaldar a vi ctimas de feminicidio y desaparicio n plana mayor,asigna edomex 14 6 mdp para respaldar a vi ctimas de feminicidio y desaparicio n plana mayor asigna edomex 14 6 mdp para respaldar a vi ctimas de feminicidio y desaparicio n plana mayor asigna edomex 14 6 mdp para respaldar a vi ctimas de feminicidio y desaparicio n plana mayor,2,0.8463649442968136,feminicidio hue rfanos rfanos hue rfanos feminicidio,158,0.1926172606413735,0.001965888066240258,0.1823,Baja
Atiende el DIF Hidalgo solo un caso de orfandad por feminicidio - Criterio Hidalgo,Atiende el DIF Hidalgo solo un caso de orfandad por feminicidio Criterio Hidalgo,https://news.google.com/rss/articles/CBMirAFBVV95cUxNYW50MDNranhONFFZUS1kbTB4VUNBX0R3b0dGeUMxUEVEUDVOdXlzWXdDcDRUQ0dxTkhSYk5SZHoyc2Q5aGdVQlhYU29Qbi1LQjBCWXBlR1NzejJ5WG5QcUFveEdZdHZwSkZleDhXc2w0QklQMXhXOU0ydWdDSEdRRHlGbGFscjVOVlB1QW16czdfWnR2UnRjeS1hZDVVeFlfU29uLTJMcVdad21x?oc=5,https://news.google.com/rss/search?q=orfandad+feminicidio+menores&hl=es-419&gl=MX&ceid=MX:es-419,2025-05-21T07:00:00+00:00,0.5,0.5833,0.9997,Alta,Si,1,atiende el dif hidalgo solo un caso de orfandad por feminicidio criterio hidalgo,atiende el dif hidalgo solo un caso de orfandad por feminicidio criterio hidalgo,atiende el dif hidalgo solo un caso de orfandad por feminicidio criterio hidalgo atiende el dif hidalgo solo un caso de orfandad por feminicidio criterio hidalgo atiende el dif hidalgo solo un caso de orfandad por feminicidio criterio hidalgo,1,0.8171588471693875,feminicidio ctimas vi ctimas vi rfanos,246,0.0834318792350558,0.04948057447704326,0.6196,Alta
Se cumplen 3 años del feminicidio de Cecilia Monzón - cimacnoticias.com.mx,Se cumplen 3 años del feminicidio de Cecilia Monzón cimacnoticias.com.mx,https://news.google.com/rss/articles/CBMilwFBVV95cUxNaVpEMzhZY3JSYjh4WUM2NVpYTXZmekhUcXJyMXNUN2l1VWg5ZUhZcGg1X1JmT3N5Q0pxTHZwRmMxLTg0Y3J5N3UxWUMyVWFCY3I1Rlgwa1VNZnNmWnh4Mm13UThDcURvZ3M5QVlvTTBqZ3lGczNScDROa1NPcWgzeXAwZHlhU2hnbWkzSGc4SUl6UFZteGZv?oc=5,https://news.google.com/rss/search?q=feminicidio+M%C3%A9xico&hl=es-419&gl=MX&ceid=MX:es-419,2025-05-21T07:00:00+00:00,0.5,0.0,0.3025,Media,No,1,se cumplen 3 an os del feminicidio de cecilia monzo n cimacnoticias com mx,se cumplen 3 an os del feminicidio de cecilia monzo n cimacnoticias com mx,se cumplen 3 an os del feminicidio de cecilia monzo n cimacnoticias com mx se cumplen 3 an os del feminicidio de cecilia monzo n cimacnoticias com mx se cumplen 3 an os del feminicidio de cecilia monzo n cimacnoticias com mx,5,0.8441912334780473,feminicidio mx com orfandad cimacnoticias,344,0.2355467624141847,0.002220812871991464,0.1824,Baja
Diputada poblana Gissel Santander propone creación de Registro de Victimas Indirectas de Feminicidio - Periódico Central,Diputada poblana Gissel Santander propone creación de Registro de Victimas Indirectas de Feminicidio Periódico Central,https://news.google.com/rss/articles/CBMi4wFBVV95cUxPeUZNa2lfVGYwSTZuTHI2bmdmdFdoNEVNTG44YXd2QXo2VTVhV1luSEdYZk1JRnBsYW9JUFJuUXQ2NWFiS2RsaC1ORVNHZTNSREFFV3poQmdobmw1TGl4czhER2tMYTdHVWNwb1Q2NGFEcmRQNFgxZHNzdDFqMUVUb215OXZOUHg1NG8xOHBuMHRqQV9aMlZNendBaXZxa0FyS0tBYUF3MDBlRi04WUFRMURMZFhMUTZWcWphaW9GTFg2SnAzUk9tM3B4b2VaNTFrQUgxTjZXbkF4RFlJZnV1SVNhZw?oc=5,https://news.google.com/rss/search?q=%22v%C3%ADctimas+indirectas%22+feminicidio&hl=es-419&gl=MX&ceid=MX:es-419,2025-05-18T07:00:00+00:00,0.5,0.5,0.93,Alta,Si,1,diputada poblana gissel santander propone creacio n de registro de victimas indirectas de feminicidio perio dico central,diputada poblana gissel santander propone creacio n de registro de victimas indirectas de feminicidio perio dico central,diputada poblana gissel santander propone creacio n de registro de victimas indirectas de feminicidio perio dico central diputada poblana gissel santander propone creacio n de registro de victimas indirectas de feminicidio perio dico central diputada poblana gissel santander propone creacio n de registro de victimas indirectas de feminicidio perio dico central,0,0.876441161763117,feminicidio ctimas feminicidio vi ctimas feminicidio hijos orfandad,283,0.16317321065537818,0.10184458339893467,0.5987,Alta
La SCJN reconoce a la familia de Fátima Quintana como víctima indirecta de su feminicidio - Proceso,La SCJN reconoce a la familia de Fátima Quintana como víctima indirecta de su feminicidio Proceso,https://news.google.com/rss/articles/CBMi3gFBVV95cUxNUFY0Z0lpNmZITkN1ZEpyQWNrSGVYdnpCc01HT2hraGNMY3RtTTBnWjRNNGh3OV8wOFlReDVteGpPeXJHb0t2N3U0UnhGVXBoX0dvZTY3R2xpX1V2TUpNZ2J1SGxuVVlGcTdKUUF4NjVIN1hLalVuQ1l4OU4zNm9VcHc5U1ZqdE5MM0FQQkVJLUhJTlBVdnZfVnI3dncyMXdoM0pFUVpxQ3o4UnczR3dxdWVHUGJtSk1RMWROeVYxeVp6LUVqNnVPRlJ0ZVZUWThnMDFibUREUVBHaGhQWHfSAd4BQVVfeXFMTVBWNGdJaTZmSE5DdWRKckFja0hlWHZ6QnNNR09oa2hjTGN0bU0wZ1o0TTRodzlfMDhZUXg1bXhqT3lyR29Ldjd1NFJ4RlVwaF9Hb2U2N0dsaV9Vdk1KTWdidUhsblVZRnE3SlFBeDY1SDdYS2pVbkNZeDlOMzZvVXB3OVNWanROTDNBUEJFSS1ISU5QVXZ2X1ZyN3Z3MjF3aDNKRVFacUN6OFJ3M0d3cXVlR1BibUpNUTFkTnlWMXlaei1FajZ1T0ZSdGVWVFk4ZzAxYm1ERFFQR2hoUFh3?oc=5,https://news.google.com/rss/search?q=%22v%C3%ADctimas+indirectas%22+feminicidio&hl=es-419&gl=MX&ceid=MX:es-419,2025-05-16T07:00:00+00:00,0.5,0.0,0.3025,Media,No,0,la scjn reconoce a la familia de fa tima quintana como vi ctima indirecta de su feminicidio proceso,la scjn reconoce a la familia de fa tima quintana como vi ctima indirecta de su feminicidio proceso,la scjn reconoce a la familia de fa tima quintana como vi ctima indirecta de su feminicidio proceso la scjn reconoce a la familia de fa tima quintana como vi ctima indirecta de su feminicidio proceso la scjn reconoce a la familia de fa tima quintana como vi ctima indirecta de su feminicidio proceso,3,0.8669409737000465,feminicidio vi nin vi ctimas ctimas,197,0.6275997411275841,0.002015679793059645,0.1823,Baja
Diez años después del feminicidio de Fátima Quintana su familia es reconocida como víctima; Corte ordena reparación integral - Animal Politico,Diez años después del feminicidio de Fátima Quintana su familia es reconocida como víctima; Corte ordena reparación integral Animal Politico,https://news.google.com/rss/articles/CBMipgFBVV95cUxOV3RsY19uMmN6b0ZxaEdQakdLRWstclRYUzU3TWdaQ2ZPLWp4ZG1lLUxkNTRWZmdialJYNnVDUkQzR1ptNGQ4YlFweUJiLTdMcmo3V2Rvdm5sOFR4XzhyU3FrSG1LaEhYLTBSVmtvdXZzdmNvNWdVNkV1bjNibXZ5Y2ZKLUM4OVJTbnBwQUdNOHRFS2l3b2huUnE4RHpxN0taTzlQZmhn?oc=5,https://news.google.com/rss/search?q=feminicidio+NNA+victimas+indirectas&hl=es-419&gl=MX&ceid=MX:es-419,2025-05-16T07:00:00+00:00,0.5,0.0,0.3025,Media,No,0,diez an os despue s del feminicidio de fa tima quintana su familia es reconocida como vi ctima corte ordena reparacio n integral animal politico,diez an os despue s del feminicidio de fa tima quintana su familia es reconocida como vi ctima corte ordena reparacio n integral animal politico,diez an os despue s del feminicidio de fa tima quintana su familia es reconocida como vi ctima corte ordena reparacio n integral animal politico diez an os despue s del feminicidio de fa tima quintana su familia es reconocida como vi ctima corte ordena reparacio n integral animal politico diez an os despue s del feminicidio de fa tima quintana su familia es reconocida como vi ctima corte ordena reparacio n integral animal politico,1,0.6958270721307195,feminicidio ctimas vi ctimas vi rfanos,194,0.1854654765768574,0.001497979703519759,0.1821,Baja
"Una batalla de siete años y un fallo histórico de la SCJN para la familia de Fátima Gutiérrez, víctima de feminicidio - Infobae","Una batalla de siete años y un fallo histórico de la SCJN para la familia de Fátima Gutiérrez, víctima de feminicidio Infobae",https://news.google.com/rss/articles/CBMi4wFBVV95cUxQM0RrTXl2QVduTE5OTko2NzhubGhENDJObVQ1UTdORkgxUkZwb1Q3azZja0Nrd3pBTUpOWGFxR2hkQzM0Q0VXSzNzamVlMXp2NVNHcTRDdVowM1lUeHJRcUJFenc1VUlPZUZoTHlBWnItYm44czc3NFd5ajVkTzlTSjI4Tks1ZlJSaXM4dWFSYURIa2g1amdKeEFZS1pmdllxS3BpZTNENWQxa0IxR3dvWTJpbW9pak1yWVo5eXM2VzctWU5wVGdqSWhCaUMtZlE2N0ZIczVHbUZrU0hLTEJ6QmZvONIB_gFBVV95cUxQblpiRmtvNE1INmRlUzNVUTRzdEkxYkd3bmVwVmRURnBBbkduV1RpRUhpclhyekNwelE3SzJNOVNEMlVOMHBBd3RBd09INFNGOHNlbUh0QmRtTlNaZFZBVlZ0WDMwOF9RbUhFYzd4Y0FQR2R1VG1uVEExM0h3R28yMkFoY1pVTnl4MjRjWkVHYjgyT1BLSkktSWstbm1TYWtGMGhmQm56Y3R1b2xaeUhzNlJQUTFNQ3JHMGIxR1dVYU9uQVhoN2VtZTFOT2ZfMG9NWVVvNUc4NzV3akQyZXVVdDRBYm9VTU5ZSWVGVnlTWUp4VmllZFMwdHRFLXJRUQ?oc=5,https://news.google.com/rss/search?q=%22v%C3%ADctimas+indirectas%22+feminicidio&hl=es-419&gl=MX&ceid=MX:es-419,2025-05-15T07:00:00+00:00,0.5,0.0,0.3025,Media,No,0,una batalla de siete an os y un fallo histo rico de la scjn para la familia de fa tima gutie rrez vi ctima de feminicidio infobae,una batalla de siete an os y un fallo histo rico de la scjn para la familia de fa tima gutie rrez vi ctima de feminicidio infobae,una batalla de siete an os y un fallo histo rico de la scjn para la familia de fa tima gutie rrez vi ctima de feminicidio infobae una batalla de siete an os y un fallo histo rico de la scjn para la familia de fa tima gutie rrez vi ctima de feminicidio infobae una batalla de siete an os y un fallo histo rico de la scjn para la familia de fa tima gutie rrez vi ctima de feminicidio infobae,2,0.883871678155296,feminicidio hue rfanos rfanos hue rfanos feminicidio,205,0.22910742193772182,0.0014678407826273854,0.1821,Baja
SCJN reconoce a familia de Fátima Quintana como víctimas indirectas de su feminicidio en Edomex - Telediario México,SCJN reconoce a familia de Fátima Quintana como víctimas indirectas de su feminicidio en Edomex Telediario México,https://news.google.com/rss/articles/CBMipwFBVV95cUxOUURad3lWUjlScVpLb1c2MFJKQnRMODA3YUVFNW5XYzBZdXhNSUtTQTY2YXFMbk5rSWItVmRTQU1OaHZtblFrQ0ZYNTF0Z2lwekgtZF93RFhjSVVUMlhzTFZmVTlkcXh1OGFELUt2cFEySm5HcGR6Q1dJekxrRWw1TUFsMnpPQ2llWVQ2cjlNc1Y2aFd2THYtRkYzWUdremdkdzZYZU8yUdIBpwFBVV95cUxQSmtPQmZfY3V5dHJuVGlJTkc0UmotSXBOYkp0RmctTDM0dVMtNmdLMk83aGNQcm9GbUt4TjRpNl91TzZhNXpCTW5MNUdIV0NDZm1aLXcyODVKWW5rcG9wdEhZbXN4QUZLRjVBelc0Q0Mtc0xKOFl2ZFZNcjlJM0cxZVo2X3pDOS1HUzF2MzhNTTRPUU9JMm9Lc0NNTkJhYVplbl9xRzBFSQ?oc=5,https://news.google.com/rss/search?q=%22v%C3%ADctimas+indirectas%22+feminicidio&hl=es-419&gl=MX&ceid=MX:es-419,2025-05-15T07:00:00+00:00,0.5,0.0,0.3025,Media,No,0,scjn reconoce a familia de fa tima quintana como vi ctimas indirectas de su feminicidio en edomex telediario me xico,scjn reconoce a familia de fa tima quintana como vi ctimas indirectas de su feminicidio en edomex telediario me xico,scjn reconoce a familia de fa tima quintana como vi ctimas indirectas de su feminicidio en edomex telediario me xico scjn reconoce a familia de fa tima quintana como vi ctimas indirectas de su feminicidio en edomex telediario me xico scjn reconoce a familia de fa tima quintana como vi ctimas indirectas de su feminicidio en edomex telediario me xico,3,0.870672262878863,feminicidio vi nin vi ctimas ctimas,194,0.6275997411275841,0.018745592701246892,0.189,Baja
La SCJN reconoce a familia de la niña Fátima como víctima indirecta de su feminicidio - SinEmbargo,La SCJN reconoce a familia de la niña Fátima como víctima indirecta de su feminicidio SinEmbargo,https://news.google.com/rss/articles/CBMivAFBVV95cUxONE9JY0xNcFMxYkctcjYwVG5ia1ZXWnFaOEVWSjhOTjFydlM2cHZMb0t2Ykt0RTFxTEstaXU4N3EtblhFbzZCdEZfaXBsdHU4dUVUNWN4TDFMLW1rN29DN3hTdk1UX0I2OEVBdDl3T1dqRkpOY0FoWlpQUzVQY21BenRDUktWbi1DY2pNbDFObWJNVTFxQm5YbGdKZ3VpWkcxbkl3WVozdmRmRGFjVlcwYXRLaEQ3ZWYwVHRiQQ?oc=5,https://news.google.com/rss/search?q=%22v%C3%ADctimas+indirectas%22+feminicidio&hl=es-419&gl=MX&ceid=MX:es-419,2025-05-15T07:00:00+00:00,0.5,0.0,0.3025,Media,No,0,la scjn reconoce a familia de la nin a fa tima como vi ctima indirecta de su feminicidio sinembargo,la scjn reconoce a familia de la nin a fa tima como vi ctima indirecta de su feminicidio sinembargo,la scjn reconoce a familia de la nin a fa tima como vi ctima indirecta de su feminicidio sinembargo la scjn reconoce a familia de la nin a fa tima como vi ctima indirecta de su feminicidio sinembargo la scjn reconoce a familia de la nin a fa tima como vi ctima indirecta de su feminicidio sinembargo,3,0.8661233077428478,feminicidio vi nin vi ctimas ctimas,208,0.5781505617711382,0.0020017469905927883,0.1823,Baja
"Sentencia de la SCJN, precedente para víctimas colaterales de feminicidio: Lorena Gutiérrez - MILENIO","Sentencia de la SCJN, precedente para víctimas colaterales de feminicidio: Lorena Gutiérrez MILENIO",https://news.google.com/rss/articles/CBMikgFBVV95cUxQeVh4MTBhQ3hISG12dG0zQnNucVBVVUZaalV4M2hCZ2pyRXpNMGM5bXdybVlLaWdfQV80WmFYaF81LUtkVDBuUUIyYk9WcnBUOUYtOFNLQVRMWlhtYV9XTVFvUUpuaXpjX1lHRnF4LTRISXl1QUp4VEtHb0preFRqNTNYZWd0b2lILUJQOGxYTmhCd9IBkgFBVV95cUxONkVqRmxpd0lDcDVEcWxCVDV2enExZ1E2ckdNQjU4bHRiSHJzeUtBa0NCejlRWVNzaGJTdWFnSlFmWHprR21NN1Q3VXpDSERWZ3AzMUQzN25vSjBxOXRCVTN3VUlVSDc1VEpSQ2RYZ0c4b2FOdFI0bnlMZ2M5d1NsUHRKZkZZZmhuZDBMaWFZTVdPQQ?oc=5,https://news.google.com/rss/search?q=%22v%C3%ADctimas+indirectas%22+feminicidio&hl=es-419&gl=MX&ceid=MX:es-419,2025-05-15T07:00:00+00:00,0.5,0.0,0.3025,Media,No,0,sentencia de la scjn precedente para vi ctimas colaterales de feminicidio lorena gutie rrez milenio,sentencia de la scjn precedente para vi ctimas colaterales de feminicidio lorena gutie rrez milenio,sentencia de la scjn precedente para vi ctimas colaterales de feminicidio lorena gutie rrez milenio sentencia de la scjn precedente para vi ctimas colaterales de feminicidio lorena gutie rrez milenio sentencia de la scjn precedente para vi ctimas colaterales de feminicidio lorena gutie rrez milenio,5,0.8605523379733108,feminicidio mx com orfandad cimacnoticias,189,0.2777890111582315,0.0401341055886112,0.1976,Baja
Habrá disculpa pública a familia de Fátima tras reconocerlas como víctimas indirectas del feminicidio - MILENIO,Habrá disculpa pública a familia de Fátima tras reconocerlas como víctimas indirectas del feminicidio MILENIO,https://news.google.com/rss/articles/CBMisAFBVV95cUxOOTJnNjNqY3NLNmNIckhHLWx2TTUzWXZKMGZnZGQwSlE3ZzktNDlZeV8tTTFuanp0YVl2R09VVzhCQVIzUnB3RFdieUpGaHM4RTNWN2JzU0tTMVAxM1JYeVBLU2oxZmNCVVBWc0lMWGh0aHRTSl9qYXpQZmtyT1ZISFp1Nnd5bl9WQkwyRTVNd1prUGNfUE1lbmRPdlNVc1FjN1NKcE5tbUVMUEhacTREUdIBsAFBVV95cUxQdTJ5VmZRZGFRdEdTMjZUV0xFcklxR2VVeDNFMmhpNXF4NnFwN25HODM0aE1CRU82NXYwSk1BaEVhOGxBT0JmUlhpQ3JkckRjNTZOMDBqX1dyeHV3Ry04Sm44U2lBU0JjS1NOdWtSNU5QTS0wTkR5R3cwTldwbXRWakltbmlCcjhCX1pIWWMxWjZLSV80MmJvbFJuZnRHVDhBSjZEaEdrMDNZdjJPTUFSdA?oc=5,https://news.google.com/rss/search?q=%22v%C3%ADctimas+indirectas%22+feminicidio&hl=es-419&gl=MX&ceid=MX:es-419,2025-05-15T07:00:00+00:00,0.5,0.0,0.3025,Media,No,0,habra disculpa pu blica a familia de fa tima tras reconocerlas como vi ctimas indirectas del feminicidio milenio,habra disculpa pu blica a familia de fa tima tras reconocerlas como vi ctimas indirectas del feminicidio milenio,habra disculpa pu blica a familia de fa tima tras reconocerlas como vi ctimas indirectas del feminicidio milenio habra disculpa pu blica a familia de fa tima tras reconocerlas como vi ctimas indirectas del feminicidio milenio habra disculpa pu blica a familia de fa tima tras reconocerlas como vi ctimas indirectas del feminicidio milenio,3,0.8674505424915427,feminicidio vi nin vi ctimas ctimas,197,0.2904493967255649,0.017204953006895826,0.1884,Baja
Justicia para Fátima; Suprema Corte reconoce a familia de menor como víctimas indirectas de feminicidio - El Universal,Justicia para Fátima; Suprema Corte reconoce a familia de menor como víctimas indirectas de feminicidio El Universal,https://news.google.com/rss/articles/CBMi7AFBVV95cUxNZ3JMamctR1dTa2FYRDFYZ3FyVnNad0hXX0x2ai1fQlA1WWxWemtSN0pUaDBsYl9vY193TzJQck95ZDF4akxMU1UtUmlNM19rU1VZN0FzQWEtY2x4TmZtN3lYMFBXdGNCOXFwdER4bnU2WXpTZDRsMDBYeWRKWWkxNTI3SDJkc2EyVTI3bzMxenFYN3pNU3NjZEh1UEFmVEJJYTl2NUJ5RHJFNDlTUUkzNV9LcnhjbVdGWUlRSW00Vnh0dXVLSWN5Vi1VbnVzSXpVaWZ0WFlDRG1PRGNVd3FteGE0bGVRZTZzN0JJd9IBgAJBVV95cUxQRmJsamNjVVllUjZkY2dIZEFQeC1fNG9IeWJSakZGREZrSEpBTFQtS1pNc1pJcFJXR3c1VkVuTlY4eFZNNFJIMjhWZlBqY2NLOVVpaHB1Nk53R3Z3SXFJT2F6UmhXaV9PWWJFd2hFaVJSMThPVzlJR3Nva2hZRnRMVlpMUmkwUHdEZGxlNmlGYmo2MnlVNDhfTjZlTFBuUjVJU2c2Uk5PTVlxMHB5d2FCZjEwUWY1cXJjRGFjeXNKcWRQdUFnX0ZTbWVfNENhaUZQNjNxSEQxWUFocXNOMnpHaEl5N0JEMUQtREVDd3lWX2NBbkJ2Z2NvMjJlTHB1blNK?oc=5,https://news.google.com/rss/search?q=%22v%C3%ADctimas+indirectas%22+feminicidio&hl=es-419&gl=MX&ceid=MX:es-419,2025-05-15T07:00:00+00:00,0.5,0.3548,0.7411,Alta,Si,0,justicia para fa tima suprema corte reconoce a familia de menor como vi ctimas indirectas de feminicidio el universal,justicia para fa tima suprema corte reconoce a familia de menor como vi ctimas indirectas de feminicidio el universal,justicia para fa tima suprema corte reconoce a familia de menor como vi ctimas indirectas de feminicidio el universal justicia para fa tima suprema corte reconoce a familia de menor como vi ctimas indirectas de feminicidio el universal justicia para fa tima suprema corte reconoce a familia de menor como vi ctimas indirectas de feminicidio el universal,3,0.8684706127955375,feminicidio vi nin vi ctimas ctimas,208,0.37654134777335163,0.019646224331243953,0.4525,Alta
Histórico: SCJN reconoce a padres de Fátima como víctimas y exige prevenir feminicidio - La Jornada,Histórico: SCJN reconoce a padres de Fátima como víctimas y exige prevenir feminicidio La Jornada,https://news.google.com/rss/articles/CBMizwFBVV95cUxNeDBoQUs5OG50Z0k5U2JDSzBYbEpjeDFQdFdWb2pIbk40VnlCTlVrTG5Sak9rVG1pczJybGRfS3JBUkZJamhzU3R5WnhldlE1M1Q0MTVhM2VwWjkwOGpIVTRreWIyOURTSmhYMkpqaldYak5XUC1feUhYQVduR0lhZmU5TDRiRm1uUHdDYTZqYnZnQ0V4UjNXTE1tMWl2akJvVTJ4aV9xTEVxVFRQMnVEdkhmMjRfUkhmbFZOU21Kb1R4TDlfOVNtUk54WGNtNjA?oc=5,https://news.google.com/rss/search?q=%22v%C3%ADctimas+indirectas%22+feminicidio&hl=es-419&gl=MX&ceid=MX:es-419,2025-05-14T07:00:00+00:00,0.5,0.0,0.3025,Media,No,0,histo rico scjn reconoce a padres de fa tima como vi ctimas y exige prevenir feminicidio la jornada,histo rico scjn reconoce a padres de fa tima como vi ctimas y exige prevenir feminicidio la jornada,histo rico scjn reconoce a padres de fa tima como vi ctimas y exige prevenir feminicidio la jornada histo rico scjn reconoce a padres de fa tima como vi ctimas y exige prevenir feminicidio la jornada histo rico scjn reconoce a padres de fa tima como vi ctimas y exige prevenir feminicidio la jornada,0,0.8732501096232029,feminicidio ctimas feminicidio vi ctimas feminicidio hijos orfandad,204,0.3792170191912879,0.0016804876743793458,0.1822,Baja
La Suprema Corte reconoce a la familia de la niña Fátima Quintana como víctima indirecta de su feminicidio - EL PAÍS,La Suprema Corte reconoce a la familia de la niña Fátima Quintana como víctima indirecta de su feminicidio EL PAÍS,https://news.google.com/rss/articles/CBMi5AFBVV95cUxOc2FLVFJFOWxlZjRXRXdaSi1xVXFGaTltOW5xTzBmTGcyNGFWVEl3OUs4YXFsbXBUYWk2LU5Db1lyUWJ3Z0I5TUNNVHVVcUs1X2cyZHA5dlBGaEFGR3F2d2N4dnBKNE5fWXU5R012UDdwSGZCSFpZS2sxMGgzWjN5TFpvVXJudkRSek9nU1ozOW5pRml3UTI0UnF2VHQ2UGN2YVJkN3NzZEt3REpNRXdjbmtiQWxaQXRPQlFzRE1uZThGMU1ldEFRM0szSWZpaktmVnNYd3NETjJab1dGSll5aFdRT27SAfgBQVVfeXFMUFRJc0xOYVZLeTlUUGl3TFNuSC1Ha2xnM1BycHlQVU56NERnUDQ1WHBnWW9rcWdRUEhwMlVtS3J4ZjJRRmZ4UHZSOUtLOV9HUWdwV2ltcjN4amdnbi1BYllaQlk5QjNKc0dlVmFWbFJkTTFSU2lxdVhiOGNfcVdSRjNWaGxzME01ZWxacW9FSVVfOHBISDFKZW8xTXFXMHpRVm42c2U1TmJ4dEVaZ3JST3ZaY3FuYnQxU0JvaGtSSkpRUmc0czlKQ2FRMnY3VGM2anRDSVBWelV0amNvZ2dmWDExdU52bzJKQWRUM2ItWEhmSmNTNlhwQUU?oc=5,https://news.google.com/rss/search?q=feminicidio+M%C3%A9xico&hl=es-419&gl=MX&ceid=MX:es-419,2025-05-14T07:00:00+00:00,0.5,0.0,0.3025,Media,No,0,la suprema corte reconoce a la familia de la nin a fa tima quintana como vi ctima indirecta de su feminicidio el pai s,la suprema corte reconoce a la familia de la nin a fa tima quintana como vi ctima indirecta de su feminicidio el pai s,la suprema corte reconoce a la familia de la nin a fa tima quintana como vi ctima indirecta de su feminicidio el pai s la suprema corte reconoce a la familia de la nin a fa tima quintana como vi ctima indirecta de su feminicidio el pai s la suprema corte reconoce a la familia de la nin a fa tima quintana como vi ctima indirecta de su feminicidio el pai s,3,0.8783235349105891,feminicidio vi nin vi ctimas ctimas,194,0.5871236714916608,0.0018133131792822197,0.1822,Baja
Corte avala reconocer a familiares como víctimas indirectas de feminicidio • Actualidad - Forbes México,Corte avala reconocer a familiares como víctimas indirectas de feminicidio • Actualidad Forbes México,https://news.google.com/rss/articles/CBMingFBVV95cUxPajV4NDFaNGdYTThBZEtiYmpaYVhLaVk4UUFVS3pFNGJsMW5tMEJpai1ZRXQ4ZVZCXzJCMmhycDg2SmJLX3FkVVpTemF1Ui0xbklwNEhkS0R3UHNTZ0hhaHVzcXJqZkZsak95cGtPOVRIU3dCR3dsTTQ2V0gyVjlXM1NlckdVOFNaSndkanJpMjJrMVo5U0FDbklQeGN5dw?oc=5,https://news.google.com/rss/search?q=%22v%C3%ADctimas+indirectas%22+feminicidio&hl=es-419&gl=MX&ceid=MX:es-419,2025-05-14T07:00:00+00:00,0.5,0.0,0.3025,Media,No,0,corte avala reconocer a familiares como vi ctimas indirectas de feminicidio actualidad forbes me xico,corte avala reconocer a familiares como vi ctimas indirectas de feminicidio actualidad forbes me xico,corte avala reconocer a familiares como vi ctimas indirectas de feminicidio actualidad forbes me xico corte avala reconocer a familiares como vi ctimas indirectas de feminicidio actualidad forbes me xico corte avala reconocer a familiares como vi ctimas indirectas de feminicidio actualidad forbes me xico,5,0.8535810923327225,feminicidio mx com orfandad cimacnoticias,206,0.1836364754778722,0.0209596523188876,0.1899,Baja
Suprema Corte mexicana vota y reconoce a padres de Fátima como víctimas indirectas de su feminicidio - cimacnoticias.com.mx,Suprema Corte mexicana vota y reconoce a padres de Fátima como víctimas indirectas de su feminicidio cimacnoticias.com.mx,https://news.google.com/rss/articles/CBMi2AFBVV95cUxNc1B1dE80a3piMlpiSGRBYWZSUUJXSUU2c2FJWE1SYzdXQXJxWUpIX3FqdEFiaE5SYkhjbXl1T1dtN3hNWlgyZE5qa3I4NnNNRVJwWDJlR21ncklGZUR6UmViZEJ4NkZnR0w1TzhFdFgycVhSYVNqdkQtWGVMNmRHNTNwaXVNd3hFd0U0M1drelNQdFdBdnJ4NUpKX0h0ZTlJNzZuSnpVZ0FaRFBtQ0QxTDJ6YjlFZ094WldJU2lQM0x5eVowemlIMDJEOVdPOXpSaG5UNGU5OGQ?oc=5,https://news.google.com/rss/search?q=%22v%C3%ADctimas+indirectas%22+feminicidio&hl=es-419&gl=MX&ceid=MX:es-419,2025-05-14T07:00:00+00:00,0.5,0.0,0.3025,Media,No,0,suprema corte mexicana vota y reconoce a padres de fa tima como vi ctimas indirectas de su feminicidio cimacnoticias com mx,suprema corte mexicana vota y reconoce a padres de fa tima como vi ctimas indirectas de su feminicidio cimacnoticias com mx,suprema corte mexicana vota y reconoce a padres de fa tima como vi ctimas indirectas de su feminicidio cimacnoticias com mx suprema corte mexicana vota y reconoce a padres de fa tima como vi ctimas indirectas de su feminicidio cimacnoticias com mx suprema corte mexicana vota y reconoce a padres de fa tima como vi ctimas indirectas de su feminicidio cimacnoticias com mx,2,0.710785692205333,feminicidio hue rfanos rfanos hue rfanos feminicidio,205,0.3792170191912879,0.01809678051062637,0.1887,Baja
"Otorgan amparo a padres de Fátima, víctima de feminicidio - Reforma","Otorgan amparo a padres de Fátima, víctima de feminicidio Reforma",https://news.google.com/rss/articles/CBMilAFBVV95cUxPcTlMUDl3OHZ6V1lLQVd6X0o2ZGdrTWdEVTZ5WHVVS2VFUjREX0pUOEtLZGMzclRKYnpvUW5aa2VBdUptS1VqM1pucEVac2JDZlZTVjhHU0dMaTY0eVZEMjV0M3RhWWk3NWFuVkZCcUN5RW54N0poMDhLQmN4cnc0X3dQUmVRRUw1T0hRZ0NhZUlxdTQ3?oc=5,https://news.google.com/rss/search?q=%22v%C3%ADctimas+indirectas%22+feminicidio&hl=es-419&gl=MX&ceid=MX:es-419,2025-05-14T07:00:00+00:00,0.5,0.0,0.3025,Media,No,0,otorgan amparo a padres de fa tima vi ctima de feminicidio reforma,otorgan amparo a padres de fa tima vi ctima de feminicidio reforma,otorgan amparo a padres de fa tima vi ctima de feminicidio reforma otorgan amparo a padres de fa tima vi ctima de feminicidio reforma otorgan amparo a padres de fa tima vi ctima de feminicidio reforma,2,0.8519162559981747,feminicidio hue rfanos rfanos hue rfanos feminicidio,204,0.27827136224131693,0.0024933895808800103,0.1825,Baja
Reconoce la Corte como víctimas indirectas de feminicidio a padres de niña Fátima - El Sol de México - El Sol de México,Reconoce la Corte como víctimas indirectas de feminicidio a padres de niña Fátima - El Sol de México El Sol de México,https://news.google.com/rss/articles/CBMiygFBVV95cUxQMXliNDNqNllKM0NSVVNDZ3BfWm84bEgybmc5Nk5ZZ1NaMDJsa01BVjBLS0Jtbm50el9TTDMybldtVGVWamJDaGxZQ096RnNNdG93TTZuSnR1ZU1UVFBWTFNSTE1sRFlZNk9oUmpITmpNU3JSSGRMdVJ2YWJYS2xHNzF3bkVCS2RGbm81aERza1RHdy1jSFdVUFUxRjNxNEJYVk5RWEd3Zk1STWtlQWYwTDZsT3pobXJ3cnBSeE5mekRJd1NfQVd6R0hn?oc=5,https://news.google.com/rss/search?q=%22v%C3%ADctimas+indirectas%22+feminicidio&hl=es-419&gl=MX&ceid=MX:es-419,2025-05-14T07:00:00+00:00,0.5,0.0,0.3025,Media,No,0,reconoce la corte como vi ctimas indirectas de feminicidio a padres de nin a fa tima el sol de me xico el sol de me xico,reconoce la corte como vi ctimas indirectas de feminicidio a padres de nin a fa tima el sol de me xico el sol de me xico,reconoce la corte como vi ctimas indirectas de feminicidio a padres de nin a fa tima el sol de me xico el sol de me xico reconoce la corte como vi ctimas indirectas de feminicidio a padres de nin a fa tima el sol de me xico el sol de me xico reconoce la corte como vi ctimas indirectas de feminicidio a padres de nin a fa tima el sol de me xico el sol de me xico,5,0.8627313142841201,feminicidio mx com orfandad cimacnoticias,204,0.2780700839607902,0.018336509276336847,0.1888,Baja
La SCJN da resolución histórica para víctimas indirectas por feminicidio; referente el caso de Fátima Quintana - Reporte Indigo,La SCJN da resolución histórica para víctimas indirectas por feminicidio; referente el caso de Fátima Quintana Reporte Indigo,https://news.google.com/rss/articles/CBMi-wFBVV95cUxOMkZ3eVF5Y0FtQ2JkZUlsQWVvMndPbXN3eWhKb0lhc2FpNlFNbVRXNmo0SGt0Ql9SQUpvOW10SFE3MXdoR3V4eFVCMlg4R0xGSmVGNG5vTm9OemFGYmtaNEZQRTBWd2drdmNVVzRoVF9NLTVtZ21yUnJrdlgzaHEyM3lZR3FKZWVkOUJIaU1OT3MwWnc5ZDFKeWJPRjM0VVpoMThRa2pFU3JVdjRKTEZoZERQMFBiT3F2LWJfSURuYjJuMTFkV09KTjFBNFdyZHV0Yy13UXlHS2VQeFFaWHdLeDJRWjdWRkU0MTUtb1lHRm1KMVhZOVVGRXhwTdIBgAJBVV95cUxPNmpyRFhCNDlWVUoxMjF3QWJVaUdQekFobEx2MC1zY194TmlhcjB0Vl9JSzdDMFJuZEkzUVpHZUZXbnJleExHbU51dzVZT0pNdG16UFB6YWFQVGUweVl0RzVkUHlsWU5XWmFSLXV0OGxKSUg2eTF2SnhvSzh1WXJJWmVmT2xsT1N4SXNjVC1iZmoyMGg2NjFqeFhHektXeWN3Nzh2UUh3R09tTVcxQ3RMMm4zeWltZ3ZsdElTRFhwQV9USGlBTXp2b3dkaDlGOTF2Q29sSkhVLXdFYkNhVUJGcUd4MkRPalp1ZmRqRU5xV3Y1QU9laTVEOEZSRXcxS0RP?oc=5,https://news.google.com/rss/search?q=%22v%C3%ADctimas+indirectas%22+feminicidio&hl=es-419&gl=MX&ceid=MX:es-419,2025-05-14T07:00:00+00:00,0.5,0.0,0.3025,Media,No,0,la scjn da resolucio n histo rica para vi ctimas indirectas por feminicidio referente el caso de fa tima quintana reporte indigo,la scjn da resolucio n histo rica para vi ctimas indirectas por feminicidio referente el caso de fa tima quintana reporte indigo,la scjn da resolucio n histo rica para vi ctimas indirectas por feminicidio referente el caso de fa tima quintana reporte indigo la scjn da resolucio n histo rica para vi ctimas indirectas por feminicidio referente el caso de fa tima quintana reporte indigo la scjn da resolucio n histo rica para vi ctimas indirectas por feminicidio referente el caso de fa tima quintana reporte indigo,4,0.6213330772202347,hue hue rfanos rfanos feminicidio rfanos feminicidio,197,0.27190493419569167,0.015090271812936127,0.1875,Baja
"La orfandad invisible, menores afectados por el feminicidio en México - elvalle.com.mx","La orfandad invisible, menores afectados por el feminicidio en México elvalle.com.mx",https://news.google.com/rss/articles/CBMipgFBVV95cUxPa2MtSTl3X2ZQVmpPZTZRb3dsSTBydURLRXJhc2FiWkxPUFFLck00b2p4YndoUmNzVDRMUEQ5cDlEaGduaU5PeU5xYURkdndMejRLZ3oyS0FCRmJrSlRPYXVzb3VneGNhOGJ2cUJFdDlZdm9uOE1TVkwtUmhkTXktd3hSeHlXVlQyTnpvVlVYOHZmR0VqZUQ2dVRlR05sME5ZVzRCTjF3?oc=5,https://news.google.com/rss/search?q=feminicidio+ni%C3%B1os+ni%C3%B1as&hl=es-419&gl=MX&ceid=MX:es-419,2025-05-11T07:00:00+00:00,0.5,0.738,1.0,Alta,Si,1,la orfandad invisible menores afectados por el feminicidio en me xico elvalle com mx,la orfandad invisible menores afectados por el feminicidio en me xico elvalle com mx,la orfandad invisible menores afectados por el feminicidio en me xico elvalle com mx la orfandad invisible menores afectados por el feminicidio en me xico elvalle com mx la orfandad invisible menores afectados por el feminicidio en me xico elvalle com mx,1,0.84990548338997,feminicidio ctimas vi ctimas vi rfanos,344,0.21645621302193577,0.03798720133720696,0.6152,Alta
"Rosita, madre de tres niños, es víctima de feminicidio en Querétaro; detienen a su pareja - El Financiero","Rosita, madre de tres niños, es víctima de feminicidio en Querétaro; detienen a su pareja El Financiero",https://news.google.com/rss/articles/CBMi1AFBVV95cUxNOUw0VHFHbDg3REtweHRZazA1WjVvVnVJSnY5cVBfTzl2NVRFZjJuczZBdXNqSkJfcUtUbVZLLTZHcEpDeUp2WlVyZVdWWGsyVXJYaktMSGR1WGFUTW9MSzA4RzE2WUt1VEYyU0lLX0hLZTBKUHEzbUcwQ2VJeWlFdHNrLUd3ZzVGZWN2cG5LSTNnMFRhTFNVR1I5TjVQRVBDZDZRaDEteGxBUEFDZU5rZ0luTDRlZkJ5OENXM0ZuN2plYktOVmx0S2c3MTRTWnBORzRJbg?oc=5,https://news.google.com/rss/search?q=feminicidio+hijos+hu%C3%A9rfanos&hl=es-419&gl=MX&ceid=MX:es-419,2025-05-08T07:00:00+00:00,0.5,0.0,0.3025,Media,No,0,rosita madre de tres nin os es vi ctima de feminicidio en quere taro detienen a su pareja el financiero,rosita madre de tres nin os es vi ctima de feminicidio en quere taro detienen a su pareja el financiero,rosita madre de tres nin os es vi ctima de feminicidio en quere taro detienen a su pareja el financiero rosita madre de tres nin os es vi ctima de feminicidio en quere taro detienen a su pareja el financiero rosita madre de tres nin os es vi ctima de feminicidio en quere taro detienen a su pareja el financiero,3,0.8648301906026613,feminicidio vi nin vi ctimas ctimas,304,0.17111539898294234,0.001878887697622235,0.1823,Baja
Homicidio doloso baja 25% en 7 meses; feminicidio también cae en el sexenio de Sheinbaum: SESNSP - El Economista,Homicidio doloso baja 25% en 7 meses; feminicidio también cae en el sexenio de Sheinbaum: SESNSP El Economista,https://news.google.com/rss/articles/CBMi0AFBVV95cUxNNHZoTG4wNi03MHZsWnozLUJST21GMWtpWlVIVHVGQ1hOQkMtZ0RHckNreXU0dFF1VjM0d1E4OTVXRTAzakVpX09oc01mMFhfYzJ6TXc2NjZmNGl4M1VzaHpZb3lyaVhDeFhjR3VTOTlGalBsYmRPRWZ1WWt6Rm4wT3l2bzRDRTNNX0JUNkdBc0R2bW9KZ2U0ZmN0QVhFZTdaeUYwU19JODFNbGpqY0VEbS1FdGpxakpnYlpNMHZERHNpS05KdWJuQkM4THZTUHpz0gHWAUFVX3lxTFBKZmhMWnZ3a3p2WDJoSUw4WG1vem5INFptaW45REEzRExPbjVzQ3F1djNKNEwtbWU1QndHU1g0dmFKWTFYNkxYRXlLb2ZoRmhlYVpnMGVSaW9WcEVlaUZyQW9KVlZNT0s5b1paUlQ2QjB3NnAxa1pRdF9uU2c1WVBCNnFaQkhTXzREN0lCblZ1Vk5IVkdneTdzNEExQmxlXzVuOG9sZ0Q0VkN5YUZrUktCS29HWUt6UGR5TFd1MlVIRUV4SnFTdWRITnlvTXlYOWV1VjcxMlE?oc=5,https://news.google.com/rss/search?q=feminicidio+M%C3%A9xico&hl=es-419&gl=MX&ceid=MX:es-419,2025-05-08T07:00:00+00:00,0.5,0.0,0.3025,Media,No,1,homicidio doloso baja 25 en 7 meses feminicidio tambie n cae en el sexenio de sheinbaum sesnsp el economista,homicidio doloso baja 25 en 7 meses feminicidio tambie n cae en el sexenio de sheinbaum sesnsp el economista,homicidio doloso baja 25 en 7 meses feminicidio tambie n cae en el sexenio de sheinbaum sesnsp el economista homicidio doloso baja 25 en 7 meses feminicidio tambie n cae en el sexenio de sheinbaum sesnsp el economista homicidio doloso baja 25 en 7 meses feminicidio tambie n cae en el sexenio de sheinbaum sesnsp el economista,0,0.8590762835337956,feminicidio ctimas feminicidio vi ctimas feminicidio hijos orfandad,147,0.09925134237385412,0.03083335036267328,0.1938,Baja
Dos menores huérfanos deja víctima de feminicidio - lanacion.com.co,Dos menores huérfanos deja víctima de feminicidio lanacion.com.co,https://news.google.com/rss/articles/CBMihAFBVV95cUxOckd4OFR2dkR0MFJmMjhFb0pwX1dQanhBcVhheUlMMjYySm14S2JaZVZtTjFLYU54YlY1OTU1eE82QXJzV0J0Z2N5U0h1YTRQdGpPVVJoYmxzT0g2a1VJMkZ1SUQ1WHNWOEdsZ1k1ZVU4a1E1M09OcnBMQzlqcUl6bTQ2OFY?oc=5,https://news.google.com/rss/search?q=feminicidio+menores+hu%C3%A9rfanos&hl=es-419&gl=MX&ceid=MX:es-419,2025-05-05T07:00:00+00:00,0.5,0.3548,0.8085,Alta,Si,0,dos menores hue rfanos deja vi ctima de feminicidio lanacion com co,dos menores hue rfanos deja vi ctima de feminicidio lanacion com co,dos menores hue rfanos deja vi ctima de feminicidio lanacion com co dos menores hue rfanos deja vi ctima de feminicidio lanacion com co dos menores hue rfanos deja vi ctima de feminicidio lanacion com co,3,0.8508741464749999,feminicidio vi nin vi ctimas ctimas,104,0.14935022906190232,0.02112305434158848,0.4935,Alta
No se construirá la paz de Chiapas mientras haya violencia feminicida: Jorge Llaven - Fiscalía General del Estado de Chiapas,No se construirá la paz de Chiapas mientras haya violencia feminicida: Jorge Llaven Fiscalía General del Estado de Chiapas,https://news.google.com/rss/articles/CBMiiwFBVV95cUxNcERUVkN1X05XMmRvY2hUdHp0RHEzSldiSVRManlWdnlyendxTW5BTXZsVWM0YTRhemdRU2ZiVkIyM1BJNUE5T2RENERsWE94aHFqdFBaWG5hY1AzQlJPZnRPRXczLVEtVUZoR2swQUFhNDFQTjNoRWxPMklLTU9VU0ZlU0dWN2VGdUVn?oc=5,https://news.google.com/rss/search?q=feminicidio+ni%C3%B1os+ni%C3%B1as&hl=es-419&gl=MX&ceid=MX:es-419,2025-05-01T07:00:00+00:00,0.5,0.0,0.3025,Media,No,1,no se construira la paz de chiapas mientras haya violencia feminicida jorge llaven fiscali a general del estado de chiapas,no se construira la paz de chiapas mientras haya violencia feminicida jorge llaven fiscali a general del estado de chiapas,no se construira la paz de chiapas mientras haya violencia feminicida jorge llaven fiscali a general del estado de chiapas no se construira la paz de chiapas mientras haya violencia feminicida jorge llaven fiscali a general del estado de chiapas no se construira la paz de chiapas mientras haya violencia feminicida jorge llaven fiscali a general del estado de chiapas,2,0.869784895365405,feminicidio hue rfanos rfanos hue rfanos feminicidio,181,0.3218085938486789,0.05699457969546492,0.2043,Baja
Toluca: Asociación de huérfanos por feminicidio regala alegría en el Día del Niño - El Universal Edomex,Toluca: Asociación de huérfanos por feminicidio regala alegría en el Día del Niño El Universal Edomex,https://news.google.com/rss/articles/CBMizwFBVV95cUxOSENPa1FFSTk5U2xZNExKenVNWTE0blljcDdmV0pZSVEyNkRDNFpYTy0zcXhLTVdkbC0xUGFvLThVdUpONWh6MGozMnBfcW1IcmN4LTc5LUc1VEl5aXo1SzdVa3R3VlFtQzdHNGg0LVd6NG5CbTdWNWc3TFVTYkZHTWhmaGxUTGNOa2hGOHEzSUxDY2x0RmRQN1BNeFNUMnkwQk9uMW5QcVBmWEpvYWpEYmVhWGhkOC10UWEzOFlkMjI3alA0dFNlVzZVMjRQVFnSAeMBQVVfeXFMTnM5dW1YZzM0a0tPdWI4Q2ZuNDd6UUpEZUZILWUtMk15bjkwTnBLbjlFU2lESHZ3Qk9NU1dPbExpbEFJZ2xHTll6OGlmSVRYVVI5NzVRTjZMOHZ5NEUwSXhJMGpmNER4WEl5czB0clBUQW5pWV90OExyeUMzRWVOME1jMnJJblMwRmI4MklOR1Fuc1ZocnYxZmdVUWhIeHdWQWJGRWg5cDkxMXdRU280T0RJQlhmVTlzTWJ5Vm5Ua3JhVE9EYkJTeHFlMzMyeEtjLTEtU1c5aWVBYXc4U1NHRXRMSHM?oc=5,https://news.google.com/rss/search?q=feminicidio+hijos+hu%C3%A9rfanos&hl=es-419&gl=MX&ceid=MX:es-419,2025-04-26T07:00:00+00:00,0.5,0.0,0.3025,Media,No,3,toluca asociacio n de hue rfanos por feminicidio regala alegri a en el di a del nin o el universal edomex,toluca asociacio n de hue rfanos por feminicidio regala alegri a en el di a del nin o el universal edomex,toluca asociacio n de hue rfanos por feminicidio regala alegri a en el di a del nin o el universal edomex toluca asociacio n de hue rfanos por feminicidio regala alegri a en el di a del nin o el universal edomex toluca asociacio n de hue rfanos por feminicidio regala alegri a en el di a del nin o el universal edomex,5,0.8555722016654727,feminicidio mx com orfandad cimacnoticias,238,0.21842534760411927,0.0020534565500775087,0.1823,Baja
Detienen a presunto responsable de feminicidio en Izúcar; mujer dejó en la orfandad a tres menores - El Sol de México,Detienen a presunto responsable de feminicidio en Izúcar; mujer dejó en la orfandad a tres menores El Sol de México,https://news.google.com/rss/articles/CBMi4wFBVV95cUxNQ3ZpSC1TeU5FeElNc2w0U2ZOZHdBX1lzSTdvX3FScVJDdXY0VE44UWxna3Y2cFpKV0Q2Wlo2N0FjYXpWRVdMYkxMeXQ3ZzlPZWJmd1hLcXhndFFERi1WWHJ2T1NWbVFtd2VHbnhxNUZHSjFsaC03Z2F3QlpGeHpiWXFCbktIbWdlR2JGNTljRHdYdmFOMDFwN2pPSWZXTDNnQUlhR2VKVHlDaFptYUpvbVVXbHhPRzhRRXlxTTdxUGhpYjZ6QUUwSDBNRzFQdno3WXhJUGF6VUUtc2dnMzVxTEdiRQ?oc=5,https://news.google.com/rss/search?q=orfandad+feminicidio+menores&hl=es-419&gl=MX&ceid=MX:es-419,2025-04-24T07:00:00+00:00,0.5,0.6078,1.0,Alta,Si,1,detienen a presunto responsable de feminicidio en izu car mujer dejo en la orfandad a tres menores el sol de me xico,detienen a presunto responsable de feminicidio en izu car mujer dejo en la orfandad a tres menores el sol de me xico,detienen a presunto responsable de feminicidio en izu car mujer dejo en la orfandad a tres menores el sol de me xico detienen a presunto responsable de feminicidio en izu car mujer dejo en la orfandad a tres menores el sol de me xico detienen a presunto responsable de feminicidio en izu car mujer dejo en la orfandad a tres menores el sol de me xico,4,0.8632638047397203,hue hue rfanos rfanos feminicidio rfanos feminicidio,181,0.1739724864226416,0.06563546880222419,0.6263,Alta
Un protocolo de atención a los huérfanos por feminicidio quedó en papeles - Acento,Un protocolo de atención a los huérfanos por feminicidio quedó en papeles Acento,https://news.google.com/rss/articles/CBMiuwFBVV95cUxNUllKRnEwVFFxVHRfejBfM0twUWlRRHRRV3FNdFdxZWtnWVd2VWNuUDNReWF0SGh1di0wRjZmeldKdXVDYUE5UnlpdmxWUTUzRFo5OElxVFZ6RTdtaGNmWnJOYVNVUW5kWWppQ09SWG9oMERjVkx5MDc3MUs4cDVGa3V1S0dKRURkcEJsT2tlOGRXRFRjekU4eXh1WkJiLVZFV09uQmNuNEp1OWEwdE1ZREFoNTdqdEZTSV9Z?oc=5,https://news.google.com/rss/search?q=feminicidio+menores+hu%C3%A9rfanos&hl=es-419&gl=MX&ceid=MX:es-419,2025-04-16T07:00:00+00:00,0.5,0.0,0.3025,Media,No,3,un protocolo de atencio n a los hue rfanos por feminicidio quedo en papeles acento,un protocolo de atencio n a los hue rfanos por feminicidio quedo en papeles acento,un protocolo de atencio n a los hue rfanos por feminicidio quedo en papeles acento un protocolo de atencio n a los hue rfanos por feminicidio quedo en papeles acento un protocolo de atencio n a los hue rfanos por feminicidio quedo en papeles acento,1,0.8353544443360207,feminicidio ctimas vi ctimas vi rfanos,41,0.2881532555849086,0.0024763707642892867,0.1825,Baja
Piden a SNDIF actualizar protocolo de atención a infantes en orfandad por feminicidio - Congreso de la Ciudad de México,Piden a SNDIF actualizar protocolo de atención a infantes en orfandad por feminicidio Congreso de la Ciudad de México,https://news.google.com/rss/articles/CBMixAFBVV95cUxQdmZ1RG05ZkZYSXYwYVExTHFndlhLT1pNSXYtNW9sQUlZT1dDQ1ROci1tWE1VLVFRb2dNY0h4NnRXVm5PNGFfbWV6VDZZbjEzNEJDVmN5Wk9Uek5Za3A2M0thTHlQY3dqc0t2d25SYW1LQmV2Y1E1WXg4U29tMkZvcjg3LVpwa1NvSmMybWFheVdsNmZZMk9PRk9FQzF5UlJNX0RNNVdmQU1PVVQ0aGNsaU52WWVFYUlCSUJjN0I2SjY2NlRZ?oc=5,https://news.google.com/rss/search?q=feminicidio+ni%C3%B1os+ni%C3%B1as&hl=es-419&gl=MX&ceid=MX:es-419,2025-04-14T07:00:00+00:00,0.5,0.5918,1.0,Alta,Si,1,piden a sndif actualizar protocolo de atencio n a infantes en orfandad por feminicidio congreso de la ciudad de me xico,piden a sndif actualizar protocolo de atencio n a infantes en orfandad por feminicidio congreso de la ciudad de me xico,piden a sndif actualizar protocolo de atencio n a infantes en orfandad por feminicidio congreso de la ciudad de me xico piden a sndif actualizar protocolo de atencio n a infantes en orfandad por feminicidio congreso de la ciudad de me xico piden a sndif actualizar protocolo de atencio n a infantes en orfandad por feminicidio congreso de la ciudad de me xico,3,0.8568071599598578,feminicidio vi nin vi ctimas ctimas,279,0.5381992943432349,0.013541759830308487,0.6054,Alta
Tlaxcala implementa programa integral de apoyo a víctimas indirectas de feminicidio - ABC TLAXCALA,Tlaxcala implementa programa integral de apoyo a víctimas indirectas de feminicidio ABC TLAXCALA,https://news.google.com/rss/articles/CBMipwFBVV95cUxQRkVWdVRTRFctRDcydXctM3JveGx5bmV5aEhvd3I4bGhqZWVIeFd4VWJDNmFEX2Jja2RBUkZTVU5XQ3A3NXNrS0FGUmxxWEZ4TTdqYUZnNGsxSFNKbUtWMHUyQzJBWTBEQUxKUWt6Y1V6SmJ5ZEJiOTY3eWltZnUxVnVoMFgtSS1kN2FTTDFhRzQtT0NGZ05IOGM0Vkp2R25LWm1sR0Z4aw?oc=5,https://news.google.com/rss/search?q=%22v%C3%ADctimas+indirectas%22+feminicidio&hl=es-419&gl=MX&ceid=MX:es-419,2025-04-11T07:01:20+00:00,0.5,0.0,0.3025,Media,No,0,tlaxcala implementa programa integral de apoyo a vi ctimas indirectas de feminicidio abc tlaxcala,tlaxcala implementa programa integral de apoyo a vi ctimas indirectas de feminicidio abc tlaxcala,tlaxcala implementa programa integral de apoyo a vi ctimas indirectas de feminicidio abc tlaxcala tlaxcala implementa programa integral de apoyo a vi ctimas indirectas de feminicidio abc tlaxcala tlaxcala implementa programa integral de apoyo a vi ctimas indirectas de feminicidio abc tlaxcala,1,0.8569768916845955,feminicidio ctimas vi ctimas vi rfanos,318,0.18909090474575527,0.021961631988690253,0.1903,Baja
El desamparo: huérfanos por femicidio - lavaca.org,El desamparo: huérfanos por femicidio lavaca.org,https://news.google.com/rss/articles/CBMib0FVX3lxTFAzNFQ4a2FzWWRWUG9VVUNUelIzVnprRlhaTm5jUkhRSGRMb2ZoMEtYa0VvTGN6aS1INl95ZlMyY3hmem10Mm9hSlFwRkxsVDU2bkpxRm5IVzVVZ2dORmpmVFRwVTVmNk5yZHp0STloTQ?oc=5,https://news.google.com/rss/search?q=feminicidio+hijos+hu%C3%A9rfanos&hl=es-419&gl=MX&ceid=MX:es-419,2025-04-11T07:00:00+00:00,0.5,0.0,0.3025,Media,No,3,el desamparo hue rfanos por femicidio lavaca org,el desamparo hue rfanos por femicidio lavaca org,el desamparo hue rfanos por femicidio lavaca org el desamparo hue rfanos por femicidio lavaca org el desamparo hue rfanos por femicidio lavaca org,4,0.8116061330706246,hue hue rfanos rfanos feminicidio rfanos feminicidio,110,0.2054204828162088,0.036946443469646345,0.1963,Baja
Edomex lanza programa 'Valentina' para huérfanos por feminicidio - El Universal Edomex,Edomex lanza programa 'Valentina' para huérfanos por feminicidio El Universal Edomex,https://news.google.com/rss/articles/CBMirgFBVV95cUxNRWhTdS12YlVBcG5fSndpUC05Z0NJZjJNQzd0ajlFaEVnbnh3ZDdoWDBNN2cyeDNKU1lXTEZ5Y0xCTFdVNnBuanhVMGlDM2RrUEEwdHBFTlZFQmFNV2R5RWVWa09fbl9BVGo4ejM5cXNjaXRKaUlzc1hycHVQRVQ2ckRweC1PNC1yVHk0T2Vlbk5YV3VVTDhJc0UzRjdJNWJ4ZV93T2tUTzdkTm9OakHSAcIBQVVfeXFMTzJlT292UkQyZWMxV2xJOVJja1FuOTA5cndvZTZiUzBzM0d1X2I4Q1VfZEZuclFKdTlLNldQbWJTUi1kRjJoWVVhbVN3WlpBRmZWNktqR2xKZGxrb0l6ZGVvTmdyZzdkSGYzTkVMal9sTEVrZFVPc0xtZHo1Q1RCVHlBQ1lfNjlWUkc0NkZQNmdoVFhqOFZEckk0WTJ5OWw4eFdmTG9naEp2bjJ0cTJHMDlHZFI1emMwZ29XMElSWkRncnc?oc=5,https://news.google.com/rss/search?q=feminicidio+hijos+hu%C3%A9rfanos&hl=es-419&gl=MX&ceid=MX:es-419,2025-04-06T07:00:00+00:00,0.5,0.0,0.3025,Media,No,3,edomex lanza programa valentina para hue rfanos por feminicidio el universal edomex,edomex lanza programa valentina para hue rfanos por feminicidio el universal edomex,edomex lanza programa valentina para hue rfanos por feminicidio el universal edomex edomex lanza programa valentina para hue rfanos por feminicidio el universal edomex edomex lanza programa valentina para hue rfanos por feminicidio el universal edomex,4,0.8490520158477928,hue hue rfanos rfanos feminicidio rfanos feminicidio,238,0.41545406996771994,0.0022523035908902822,0.1824,Baja
Los huérfanos por feminicidio ya tienen una ley que los protege - EL PAÍS,Los huérfanos por feminicidio ya tienen una ley que los protege EL PAÍS,https://news.google.com/rss/articles/CBMitgFBVV95cUxOTmZEU1N4S0U3TURoQXZnQ2piWjNFOUYxQ1BqNnViZGkyb01PSm5OVVU4QWFmamg0RmY4al96RWJ2Tkc5ekNyM1NNSEc2QkxpMkRPS2JiM2VQNE1YOWtTX29HTlUySDg3Z2F5aHpOTmlsajdNRnJ6ZThhVzQxY1ZxcXhLWlZaRUFsV0ppWDJwN0JrTEc5Z1hTYktya3dhYjFpUGJQdnQ0OXdSdUtaX0NwclNLd2xrZ9IBygFBVV95cUxQQklrX3Q2MXJIMVdDMDF0Q0lTT1hibVZUZXF1eFMtZDhvQUYxZkNYNmhTMEFLMUtWb255U1NCNkRTNWNCeHdwdGhnRE5UWm5yRXVfZ2tIc2kwMWxWUmpvNTJuV0UyME5kUWhIRGFTdkZtbnE2cnhNNFFXUERiRG1FSEtLeFdTTkF5MndSTV9pRHVoM0dNZ2hVcEV3ODd3d3lVa1NvTUV0RmJjZ29wRkpDVHM0ZmxjR0lfc19Sejl5c3ltNURlbmJCSUZR?oc=5,https://news.google.com/rss/search?q=feminicidio+hijos+hu%C3%A9rfanos&hl=es-419&gl=MX&ceid=MX:es-419,2025-04-03T07:00:00+00:00,0.5,0.0,0.3025,Media,No,3,los hue rfanos por feminicidio ya tienen una ley que los protege el pai s,los hue rfanos por feminicidio ya tienen una ley que los protege el pai s,los hue rfanos por feminicidio ya tienen una ley que los protege el pai s los hue rfanos por feminicidio ya tienen una ley que los protege el pai s los hue rfanos por feminicidio ya tienen una ley que los protege el pai s,3,0.8216490755894336,feminicidio vi nin vi ctimas ctimas,100,0.26957713423532237,0.00280953381607827,0.1826,Baja
Huérfanos por feminicidio: el proyecto de ley fue aprobado en último debate - El Espectador,Huérfanos por feminicidio: el proyecto de ley fue aprobado en último debate El Espectador,https://news.google.com/rss/articles/CBMi1AFBVV95cUxPVVdNU21rai1xX25PREZ4OWhpYm1tdGJjWEl1a0V1ek96anVvYmJVMS1EcXlDZUlTYk9yUEJVcDI2MFNBSXJMTFV2d0xZRDZRVGV3TDZlbWVCR3pLT1RGWDF5bzhtN1dDTG44ZVYwT2p5aGRXVzR6aXlldkYxb0FLYzdTYnpTNUR6WWFuRmpVZWZNRWxRRTdWcmsxNGxsNV9HYVhpT18yMlJmdXdtcjQ3d3B3TTBhdk5BbFJvb3lEazNoaWNhOFdiWWF2VmdYeGlsLVpxc9IB6AFBVV95cUxNWFY5enl2WnBGV1pqbFdQV3BPSUJGa0xSTG5Fa0FnRTNxYzhqNjktd3RSU214VnNLWjhFMjVXRXA0M1pvYmo1LVZuY3hhd0VQbDJwSXpIdXpZeENhaTZfQzkzbmR3YnVHdURHb2d2S0F3M2FMeVhFS1NibG9EVDQtOHpRcVV5elh6ZDd2RnAyN2dmWS1MeVZKSlJGbnBoQzhOR29KUmNtVXdSV0FwTVhFa3dlQ1JxVk10Qk1uaWh6bGxfOTdDQnRVdXo1LXBGT2t1X3FoUlU4UWx2NDZIYkktZmo1S19LMTVJ?oc=5,https://news.google.com/rss/search?q=feminicidio+hijos+hu%C3%A9rfanos&hl=es-419&gl=MX&ceid=MX:es-419,2025-04-02T07:00:00+00:00,0.5,0.0,0.3025,Media,No,3,hue rfanos por feminicidio el proyecto de ley fue aprobado en u ltimo debate el espectador,hue rfanos por feminicidio el proyecto de ley fue aprobado en u ltimo debate el espectador,hue rfanos por feminicidio el proyecto de ley fue aprobado en u ltimo debate el espectador hue rfanos por feminicidio el proyecto de ley fue aprobado en u ltimo debate el espectador hue rfanos por feminicidio el proyecto de ley fue aprobado en u ltimo debate el espectador,3,0.8309021105849135,feminicidio vi nin vi ctimas ctimas,174,0.23076320089542582,0.0023154010611746065,0.1824,Baja
"Congreso aprobó histórica ley para huérfanos de feminicidio, apoyo económico y psicosocial garantizado - Infobae","Congreso aprobó histórica ley para huérfanos de feminicidio, apoyo económico y psicosocial garantizado Infobae",https://news.google.com/rss/articles/CBMi3wFBVV95cUxPaG5pUmozNEVtRm9sb0FDMUtPWHVKeFRYbzdFWmNJSWkydlVMN3VnYXN1RWdwX0I3SVViRnc0aElRcVN4ZHp3Qk1md0MtdHYtLXRiektzRkhDb0NZSFNwWXpsUl9aelp5bUhDQzc5YnR2cklkY1RKN3d0aWpYR1hQR0hEelktRG45RWpoU3FmVl9jRU81NVRmdVdwRjJzZFl3NlVQSWZ4cWxabDNteDdDa1B6NXVMWml4WEpMcXpCYVMyOWI2aVEyb3UxV1BVT29HTms1Tk5pVHlxQlFTRFVn0gH6AUFVX3lxTE5yQmh1MDJZMVhTMlZuekswS1UtYXd2TGFwUkpEclNoZjgzeUpDUHE3WVhOQUgyUXVGc1JDOWt2Y2o0WDI1aWEzY0NoWmVpdU14UUwzRWdmWkRISzBVX21wN1FEc2NxQnRQS2NlSmx4OFdGQm4tNGE5Yms5MHFtQy1jRi1OYzNtYU00dnRfbzVOZUhFclVSbWp2UlR3UFZkUmtRb1JfNUQ5QVdwOEdqQUpNNFJsbUw4M2YtT2pMY3dsSlp6enRRMlhUYVBFMU1QR1BoNkF6VVFXUk93dE4zNEN2N2kydERHdnVvVC1qTUZ1THJDVzlRWWpxZGc?oc=5,https://news.google.com/rss/search?q=feminicidio+hijos+hu%C3%A9rfanos&hl=es-419&gl=MX&ceid=MX:es-419,2025-04-02T07:00:00+00:00,0.5,0.0,0.3025,Media,No,3,congreso aprobo histo rica ley para hue rfanos de feminicidio apoyo econo mico y psicosocial garantizado infobae,congreso aprobo histo rica ley para hue rfanos de feminicidio apoyo econo mico y psicosocial garantizado infobae,congreso aprobo histo rica ley para hue rfanos de feminicidio apoyo econo mico y psicosocial garantizado infobae congreso aprobo histo rica ley para hue rfanos de feminicidio apoyo econo mico y psicosocial garantizado infobae congreso aprobo histo rica ley para hue rfanos de feminicidio apoyo econo mico y psicosocial garantizado infobae,5,0.8713955974180898,feminicidio mx com orfandad cimacnoticias,318,0.22150961017884474,0.0017158427572598238,0.1822,Baja
Feminicidio De Niñas Y Adolescentes En México (a Febrero De 2025) - Blog de datos e incidencia política de REDIM,Feminicidio De Niñas Y Adolescentes En México (a Febrero De 2025) Blog de datos e incidencia política de REDIM,https://news.google.com/rss/articles/CBMisgFBVV95cUxNdldISTFTS01DbVluelhnV1JpYU12Xzhic0hkS01Demp2cWZqeTk3Y3RTa1hGaGU1a1VxRlhGQ2szT3kwUU9fNEd0U1g4T2Rxa3kyV0NQRnMydVJPSE80R1VnOGlGZkV1VjRCMTVreWZvSnh1MU02WTZZNWE5RE5za3dCbE5XNjNJZDJqT1VkYmo2bFVON0RHUHhpMEMtNWxLVU5MYlFKdkhPU2J6V1N2Z19B?oc=5,https://news.google.com/rss/search?q=feminicidio+M%C3%A9xico&hl=es-419&gl=MX&ceid=MX:es-419,2025-03-28T07:00:00+00:00,0.5,0.3333,0.7246,Alta,Si,2,feminicidio de nin as y adolescentes en me xico a febrero de 2025 blog de datos e incidencia poli tica de redim,feminicidio de nin as y adolescentes en me xico a febrero de 2025 blog de datos e incidencia poli tica de redim,feminicidio de nin as y adolescentes en me xico a febrero de 2025 blog de datos e incidencia poli tica de redim feminicidio de nin as y adolescentes en me xico a febrero de 2025 blog de datos e incidencia poli tica de redim feminicidio de nin as y adolescentes en me xico a febrero de 2025 blog de datos e incidencia poli tica de redim,4,0.8720390456493977,hue hue rfanos rfanos feminicidio rfanos feminicidio,282,0.8448908779744705,0.019884474540280073,0.4427,Alta
"Norma Andrade contra la violencia feminicida de México: “Ya no es solo por mi hija, es por todas” - EL PAÍS","Norma Andrade contra la violencia feminicida de México: “Ya no es solo por mi hija, es por todas” EL PAÍS",https://news.google.com/rss/articles/CBMi0AFBVV95cUxOYjVKQ1hYUmJlM09UZDF6SHRKUGxDdGtuY2FPWU0tMXJvbEtVZUtyT1VycTNHUVE2bGhvOG54dU9yR2w1dVk2eVhKWUtZUG5SZE8xbHBlRzk5V0RSWVFxQWRIeDNPenpsSFdhUmZRX0hqR3JLd0d2NU5OM0lPY3NhOFBXdnpGeUxpZW5VVEJ2X2RicGpXWjhmSmU2YTNhcFRpaWRQU09KdHBOWTBHVHhwcjJ2eWlEb0hNMkFiVjNaNVc1OV83SnhnWFVwR1gxMXp10gHkAUFVX3lxTFB6SHlQNGcyWlJ2Ql93ZWJsV1JzY0s2clJOWDZkMGFrNzRPallSRHcwZHRKMGFPTjZjWDdRa3ZzSTl6a2R1NEJlRUF1WEJZa0dKVU1HMmZ6T3cyWF9LN0xGckdMQy1ZMGFMVTZWbmpNRndEU0poZmZETmNwcWRDT0FjaXhKUXV5NFZHU0RqXzFoVlAwM3pZVnN3VXRueVRzdFVfTncwcTEyZV92Q1ROa2xRRmd6MjRXak02b29weG4weXpHazlPb3FBTDQ3WGdVd0RyZWJUXzJNcG56NTB3bHFCNlc0UA?oc=5,https://news.google.com/rss/search?q=feminicidio+M%C3%A9xico&hl=es-419&gl=MX&ceid=MX:es-419,2025-03-26T07:00:00+00:00,0.5,0.375,0.8254,Alta,Si,1,norma andrade contra la violencia feminicida de me xico ya no es solo por mi hija es por todas el pai s,norma andrade contra la violencia feminicida de me xico ya no es solo por mi hija es por todas el pai s,norma andrade contra la violencia feminicida de me xico ya no es solo por mi hija es por todas el pai s norma andrade contra la violencia feminicida de me xico ya no es solo por mi hija es por todas el pai s norma andrade contra la violencia feminicida de me xico ya no es solo por mi hija es por todas el pai s,1,0.8370709926902158,feminicidio ctimas vi ctimas vi rfanos,75,0.19132477759357666,0.0700531831145074,0.5233,Alta
"Hijos de víctimas de feminicidio, en el abandono: Yasmín Esquivel - El Sol de México","Hijos de víctimas de feminicidio, en el abandono: Yasmín Esquivel El Sol de México",https://news.google.com/rss/articles/CBMiwwFBVV95cUxOYU0td0ZhQ0R4VEgzUXRaYWhJRHZEd3FwQmFhb2J3bUkxZXFGYnpac3FHdkcwQVdpdko5MHNBeWVyeWxoSjFQRjdDUHZoUHZBWkVtdDEtR25pTkRPcjN1bHNYQmEtNEFqRVhqdzg1UTYwMk5fNlgwME53NUFBUlNZUFVUX1pjWkN1bHJ0b01zYTNrTlIwQnhheU1EV003QUNuZXdGZ1llV2FlSW9ncGlyZGlISkZfNXB4QUd2LU1WTHhLc2s?oc=5,https://news.google.com/rss/search?q=feminicidio+hijos+menores+M%C3%A9xico&hl=es-419&gl=MX&ceid=MX:es-419,2025-03-15T07:00:00+00:00,0.5,0.375,0.8254,Alta,Si,0,hijos de vi ctimas de feminicidio en el abandono yasmi n esquivel el sol de me xico,hijos de vi ctimas de feminicidio en el abandono yasmi n esquivel el sol de me xico,hijos de vi ctimas de feminicidio en el abandono yasmi n esquivel el sol de me xico hijos de vi ctimas de feminicidio en el abandono yasmi n esquivel el sol de me xico hijos de vi ctimas de feminicidio en el abandono yasmi n esquivel el sol de me xico,2,0.8446476080332951,feminicidio hue rfanos rfanos hue rfanos feminicidio,151,0.2433232388925291,0.017763354698685254,0.5023,Alta
Senador reintroduce proyecto para que niños en orfandad por feminicidio reciban pensión por ley - Hoy Digital,Senador reintroduce proyecto para que niños en orfandad por feminicidio reciban pensión por ley Hoy Digital,https://news.google.com/rss/articles/CBMi0AFBVV95cUxQRDlhVndySHlWNGhSZi1PWEJCa1IzVlNGLWh6dnNQVzVLV2ZWWFN1eUkzNjJyemhyN1Z6MGZhOWdWXzlIdFh1MmVGVHdGalpTcGlrczAtWnljMkpLeGtWbDNRN0gtZlBSTXZhaUV4TnFjSGN6VGNrUlBmdW5zbEFhcFZmN3JELU8zNWpRcjktY1ZpNE1vd2VBQmw5TFRJamhjRmJqSnh6MG95T3Z5NmdTZVFxQVVlaHM4dkhzS0RjM08wZnFoekl6c1hsWXU4VUJQ0gHWAUFVX3lxTE0xTWlncW9LYWtYVENveG04dmk3QnRFWDRCVTN6b1F6N3R4VVM1Y0Q2OG1QY2xXdWZKb3g4MWhySDRiV0hoVV9GczFSTXdIVTMxT1BwdHp0bkFfeE5aWUxaTFhaQU1OcUhqenExdHMyLU9PcmJHSW04QjZPNTNQYmJSUGw1YjdCMDRHYkhhdUdYVTZ4dTlBTDE0SFE2NUpBX21XamgwUGZ4elVfclBSb0RDNHlBRkxIQ3lQN2VIUFFuVHV2SDI3VEY4dWQ2d2RZUjB6MEVqM0E?oc=5,https://news.google.com/rss/search?q=orfandad+feminicidio+menores&hl=es-419&gl=MX&ceid=MX:es-419,2025-03-12T07:00:00+00:00,0.5,0.5,0.93,Alta,Si,1,senador reintroduce proyecto para que nin os en orfandad por feminicidio reciban pensio n por ley hoy digital,senador reintroduce proyecto para que nin os en orfandad por feminicidio reciban pensio n por ley hoy digital,senador reintroduce proyecto para que nin os en orfandad por feminicidio reciban pensio n por ley hoy digital senador reintroduce proyecto para que nin os en orfandad por feminicidio reciban pensio n por ley hoy digital senador reintroduce proyecto para que nin os en orfandad por feminicidio reciban pensio n por ley hoy digital,3,0.8722982723645392,feminicidio vi nin vi ctimas ctimas,227,0.6931411946173173,0.012595908320445532,0.563,Alta
Senador reintroduce proyecto para que niños en orfandad por feminicidio reciban pensión por ley - El Nuevo Diario (República Dominicana),Senador reintroduce proyecto para que niños en orfandad por feminicidio reciban pensión por ley El Nuevo Diario (República Dominicana),https://news.google.com/rss/articles/CBMi2AFBVV95cUxQdlhmSm4zeU5udWhLcE5ZWUNGYmU4OTA0ZmpHRVFTdTBVNU5aQk96bUJOVkN0bm5Odkh2U19kR2JDNksyaDVTUVVCaUlvYnk1SG53VkpGWHR6dHotQWlpM1RINFBFUFZKTXJJLTUyeDBwNkJZOEpoRGpKcVR0Q0ZNXzZaS0l3MmVsXzF6QWctWUVOYmhLTzhwZnBRdGFwZkV4dVFkdXVrRDJkaWxXOTIzdkhCVHV0WHJnWGZ6eEtkY29qTUxFTHpfcHZkVERDVEp2bVpqa0FiTUU?oc=5,https://news.google.com/rss/search?q=orfandad+feminicidio+menores&hl=es-419&gl=MX&ceid=MX:es-419,2025-03-12T07:00:00+00:00,0.5,0.5,0.93,Alta,Si,1,senador reintroduce proyecto para que nin os en orfandad por feminicidio reciban pensio n por ley el nuevo diario repu blica dominicana,senador reintroduce proyecto para que nin os en orfandad por feminicidio reciban pensio n por ley el nuevo diario repu blica dominicana,senador reintroduce proyecto para que nin os en orfandad por feminicidio reciban pensio n por ley el nuevo diario repu blica dominicana senador reintroduce proyecto para que nin os en orfandad por feminicidio reciban pensio n por ley el nuevo diario repu blica dominicana senador reintroduce proyecto para que nin os en orfandad por feminicidio reciban pensio n por ley el nuevo diario repu blica dominicana,1,0.8850824158527953,feminicidio ctimas vi ctimas vi rfanos,228,0.6931411946173173,0.010842834280699827,0.5623,Alta
Supervivientes de feminicidio en México encaran secuelas físicas y lentitud judicial - efeminista,Supervivientes de feminicidio en México encaran secuelas físicas y lentitud judicial efeminista,https://news.google.com/rss/articles/CBMif0FVX3lxTE5BblRkMW9PbGZYX0p6Zzk0Rk9zY3JycmNiUHFkUi1VdzJyZGs4ei0wWVVBSm1CQ2ZVNTR2UWw1cUwwWjhDS0pScFJoU0dCQ2lCcFpRenpGSE1vVzkwVVgyT3VoTHlCdE1NalJPMDVCbGhtejVsUlo5WUxSckh5OEE?oc=5,https://news.google.com/rss/search?q=feminicidio+M%C3%A9xico&hl=es-419&gl=MX&ceid=MX:es-419,2025-03-11T07:00:00+00:00,0.5,0.0,0.3025,Media,No,1,supervivientes de feminicidio en me xico encaran secuelas fi sicas y lentitud judicial efeminista,supervivientes de feminicidio en me xico encaran secuelas fi sicas y lentitud judicial efeminista,supervivientes de feminicidio en me xico encaran secuelas fi sicas y lentitud judicial efeminista supervivientes de feminicidio en me xico encaran secuelas fi sicas y lentitud judicial efeminista supervivientes de feminicidio en me xico encaran secuelas fi sicas y lentitud judicial efeminista,2,0.8400263820992339,feminicidio hue rfanos rfanos hue rfanos feminicidio,47,0.08535453056698249,0.0019413319600260276,0.1823,Baja
BUSCAN ADAPTAR EL DELITO DE FEMINICIDIO AL MODELO DE LA CEDAW - H. Congreso de Nuevo León,BUSCAN ADAPTAR EL DELITO DE FEMINICIDIO AL MODELO DE LA CEDAW H. Congreso de Nuevo León,https://news.google.com/rss/articles/CBMisgFBVV95cUxPNEVvMTFaeW5WRGl2Z1NIcHVpSkdIeV9QSGNiRjd0WnlQZG9UcGFJS0RzREZ0bGtUUlFBNXFCQVdwamMtQ3VicHNpUHJmWVFIbmt6UER4NXltelZ2MVppekpEMFRPZ3dCNk5mUzBLbHE1X1ZGUFQwNHRNV3B1dVM5cldqa1pYY0hOdS1sMnNXT0FoMUlGT2FDRVZmcFJjdUVLWEhmUVdJbllmdkRLamxkM3pB?oc=5,https://news.google.com/rss/search?q=feminicidio+M%C3%A9xico&hl=es-419&gl=MX&ceid=MX:es-419,2025-03-11T07:00:00+00:00,0.5,0.0,0.3025,Media,No,1,buscan adaptar el delito de feminicidio al modelo de la cedaw h congreso de nuevo leo n,buscan adaptar el delito de feminicidio al modelo de la cedaw h congreso de nuevo leo n,buscan adaptar el delito de feminicidio al modelo de la cedaw h congreso de nuevo leo n buscan adaptar el delito de feminicidio al modelo de la cedaw h congreso de nuevo leo n buscan adaptar el delito de feminicidio al modelo de la cedaw h congreso de nuevo leo n,1,0.8338499967596237,feminicidio ctimas vi ctimas vi rfanos,242,0.26724245066710645,0.0020873679456678827,0.1823,Baja
Realizan foro para erradicación del feminicidio en México - Congreso de la Ciudad de México,Realizan foro para erradicación del feminicidio en México Congreso de la Ciudad de México,https://news.google.com/rss/articles/CBMinAFBVV95cUxOYXhaV1RLVU5sNVNLWkZ4OVY4VDZXYWF2TTl5WVpYNlpfSl9td0Vnd0RHd1FOUi1YeExmSlhFVU5HQjNpQTZGQXRYTUdjY0hZUkN1SUJ3MkJMWThFTnVFVW5BSzVwV2JoRVJ2UkdGOE40bEJKNFlmRHlUSTRQTjkwOW9hcjB4YThWcGpTSGNhS1VRendibFBaTjVsRXk?oc=5,https://news.google.com/rss/search?q=feminicidio+M%C3%A9xico&hl=es-419&gl=MX&ceid=MX:es-419,2025-03-10T07:00:00+00:00,0.5,0.0,0.3025,Media,No,1,realizan foro para erradicacio n del feminicidio en me xico congreso de la ciudad de me xico,realizan foro para erradicacio n del feminicidio en me xico congreso de la ciudad de me xico,realizan foro para erradicacio n del feminicidio en me xico congreso de la ciudad de me xico realizan foro para erradicacio n del feminicidio en me xico congreso de la ciudad de me xico realizan foro para erradicacio n del feminicidio en me xico congreso de la ciudad de me xico,5,0.8282048755793302,feminicidio mx com orfandad cimacnoticias,279,0.3282961278106668,0.0021470487634576057,0.1824,Baja
Morena plantea iniciativa de programa económico a niños en orfandad tras casos de feminicidio en CDMX - Infobae,Morena plantea iniciativa de programa económico a niños en orfandad tras casos de feminicidio en CDMX Infobae,https://news.google.com/rss/articles/CBMi3AFBVV95cUxOWjVNR1JvTnhZdTk2YlFtekQzQncyMXdvRXdVeWUxR2ljMXN4MEFRQmI5QWdtS0FoZlFGMm83MEpBN2xEUmwxUXNjV3pHRmZETHhTbExTLXd6SXlWU0JoUzFoNEItdlpjNmtDYlBmb0lxVFc0SHRhNDgydzlWNGNIU1I2bjRsRTFJaVd6Y0FOY2E4Q1hCbFB3U2Y1QXNIeWFTQ2FyMmd4d1pxVjVZb181SzR6dEN3SEdEOTdHdWdPdENiQjRNN2FPb0hocGhyTXpMNmV6SWZjTVp0c2pq0gH3AUFVX3lxTFBrcDBZVkZyTnQxYXRPRTBlcUFLT19QZkpXMUFuR3I4dVZPUGRLYnVvNHMtREwtUnJVNG04dktjVUtucklLTVU4U0xIdmxmRGt1YTVJaHZ2OWJicDVjY3BBbVdWcGt2TE41OGJCNk5tU05aZEtaN3JaeUpFTm94RzRkalBIS3RzdHlDRTViTlpCTUVTWnd5MWZWTURTTzRzVlFlRmNNM1hTRnJSZExTSFF6RWZKYmxNdzlMWGp0QnE0T3hLdlVzUFZ2SThkck9VUi1yeGVqNjFEX2JPeHNtLWVkMU45TXJNTlBKNzNlYWRnNnFfZ1l6bDA?oc=5,https://news.google.com/rss/search?q=orfandad+feminicidio+menores&hl=es-419&gl=MX&ceid=MX:es-419,2025-03-10T07:00:00+00:00,0.5,0.5,0.93,Alta,Si,1,morena plantea iniciativa de programa econo mico a nin os en orfandad tras casos de feminicidio en cdmx infobae,morena plantea iniciativa de programa econo mico a nin os en orfandad tras casos de feminicidio en cdmx infobae,morena plantea iniciativa de programa econo mico a nin os en orfandad tras casos de feminicidio en cdmx infobae morena plantea iniciativa de programa econo mico a nin os en orfandad tras casos de feminicidio en cdmx infobae morena plantea iniciativa de programa econo mico a nin os en orfandad tras casos de feminicidio en cdmx infobae,5,0.8770546075705834,feminicidio mx com orfandad cimacnoticias,292,0.4069514351728425,0.013173049106944234,0.5633,Alta
Morena anuncia iniciativa de apoyo económico a huérfanos por feminicidio en CDMX; medida será mensual y gestionada por el DIF - El Universal,Morena anuncia iniciativa de apoyo económico a huérfanos por feminicidio en CDMX; medida será mensual y gestionada por el DIF El Universal,https://news.google.com/rss/articles/CBMi-gFBVV95cUxPVkkzVXFrWTZWc2huN3h4MHVMeUlvUzJITXRNUWptVGpkb1VSenZGc2tVRWlTUUp1NVdIbnFaYl84c2dDMXR4SGp5WFJfU0FWcllNdjhUR251OGFnd20zZGlWaVhmR2tMTDlUSHM0UTdOckw0cDRtQUhHc2doLUEtTVJMazdGMzFQZGE4UlpsU2V6WW9vclhQN0dLdGwtZVNleHhOWlNJZ2FCdHFVUWdRNDMyQkMxekR0Y3lHSDZHU0lGalB2WkNCemU2WHp1d0dFc3hEMUFOX2E0VVVJdm1rcXQzdC1zQmlrZXhiMkI1a2VDTk4zLW1VNHlB0gGOAkFVX3lxTE9JcTVYcW1uX291V2xVMmx6UE9qLVpQZ2RvOEp6VW5GeUlEYTd1TkZmSnF5Q3lPTmd5RG80U001NTBYajhESmNrRklRN2xXVnFfWXpBUjhnRWpOZXh6cjMxdkdxZG95dDVCYlFyNENqd2pCbFFBZ3JLSUs0ZTJLT25vaGhTdWc4c0ZoQlJ2SmlUd3RLVkk0LTJPVjBlTzVyOFFuVkFHYmhzb0xOMS1wa1NfcXNwbWgwT1dCcDRxZUxoZk8tX1FXaEVqNEs2V05pMWRnUW9WTG1MakhjejZJRWFURWhFWk1uNzRIV1Rra0FqdE1fdFEyMEJJcEJZYlROOURHeU16SHhvaHhpdm9pZw?oc=5,https://news.google.com/rss/search?q=feminicidio+hijos+hu%C3%A9rfanos&hl=es-419&gl=MX&ceid=MX:es-419,2025-03-09T08:00:00+00:00,0.5,0.2857,0.6437,Alta,Si,3,morena anuncia iniciativa de apoyo econo mico a hue rfanos por feminicidio en cdmx medida sera mensual y gestionada por el dif el universal,morena anuncia iniciativa de apoyo econo mico a hue rfanos por feminicidio en cdmx medida sera mensual y gestionada por el dif el universal,morena anuncia iniciativa de apoyo econo mico a hue rfanos por feminicidio en cdmx medida sera mensual y gestionada por el dif el universal morena anuncia iniciativa de apoyo econo mico a hue rfanos por feminicidio en cdmx medida sera mensual y gestionada por el dif el universal morena anuncia iniciativa de apoyo econo mico a hue rfanos por feminicidio en cdmx medida sera mensual y gestionada por el dif el universal,2,0.8802803988428616,feminicidio hue rfanos rfanos hue rfanos feminicidio,318,0.19369694753511452,0.03136427883088773,0.3988,Alta
Feminicidio en México: 16 mujeres fueron asesinadas cada día sólo en enero de 2025 - Infobae,Feminicidio en México: 16 mujeres fueron asesinadas cada día sólo en enero de 2025 Infobae,https://news.google.com/rss/articles/CBMiuwFBVV95cUxPTGhid3pOMHRwVmJ4M2dfbXVuRVg3Sm1zRy10blkycU5ZcnpiX2dqWHItVVpnb3dnX0pQRXhGR2dnYnlUd2VXZXNjRjNNd2ZDMThOXy0ybEt1ZUs2N0d2eEtnTFJMYWhWR3dQQV96RHBEX0tkNmJUeC14RzZ1U1BabFlwWDRDcjB6NG9yRnVJMWN4dnpOS0QwRFA5b215UHB3N0p4ZkdIei1XNVB5eU83NlNfSWl2T1FmOGlR0gHWAUFVX3lxTFBRR3YxWk9ydDljbFJnYTFOYkdlWUN0Mkp4Z2JOQ21QM2ZGR3dBbmc5blQ1cE1OUDdYVWlCdVlUVFp2LUptRmxfbllWY3VvaEpZMENhTklXUTl2X2F2Z0FQR2ZvWTlZX0Zfb1NfSTNPQjdCQWtKZ1BIMWZ6MmEyMVRqTVB0cnI0UXlFUlhDRDh6cjJZd2FBZGlGeExkc1g1bEViUWFjOXVfdFBYai1ad1pKakh6Y3ViZE1kNUdPeEYwUkNLS2VXdlNfeUJRYjQyaFZtYmpfNHc?oc=5,https://news.google.com/rss/search?q=feminicidio+M%C3%A9xico&hl=es-419&gl=MX&ceid=MX:es-419,2025-03-08T08:00:00+00:00,0.5,0.0,0.3025,Media,No,1,feminicidio en me xico 16 mujeres fueron asesinadas cada di a so lo en enero de 2025 infobae,feminicidio en me xico 16 mujeres fueron asesinadas cada di a so lo en enero de 2025 infobae,feminicidio en me xico 16 mujeres fueron asesinadas cada di a so lo en enero de 2025 infobae feminicidio en me xico 16 mujeres fueron asesinadas cada di a so lo en enero de 2025 infobae feminicidio en me xico 16 mujeres fueron asesinadas cada di a so lo en enero de 2025 infobae,3,0.8613900735582638,feminicidio vi nin vi ctimas ctimas,36,0.13756206205393598,0.0017046813325155253,0.1822,Baja
CDMX creará fondo de becas para niños huérfanos por feminicidio - La Silla Rota,CDMX creará fondo de becas para niños huérfanos por feminicidio La Silla Rota,https://news.google.com/rss/articles/CBMiugFBVV95cUxOQVQxUXMtUG4yS1Vzc3R0Tlhhb21ZaWwwMVJnTkwtUjdFTFBJcXU2MlZBc1ZsQy1SdjJnVnVTdEFVU1JkMEwzQ2dSM0ZJNi1RYnRwMVNhNks5RVp5SjNTU1NPdGFOb3VLckNhTml5Slhlc2FBbGp0ZXFJb0F5YmF2THJUejNvTkxZOWhJV004Tlc3aVRpWWFkYlZZYjRyWTBqSDF0TmFSTEtudjJDODQtMVpwZk5TY0xGMmfSAboBQVVfeXFMTkFUMVFzLVBuMktVc3N0dE5YYW9tWWlsMDFSZ05MLVI3RUxQSXF1NjJWQXNWbEMtUnYyZ1Z1U3RBVVNSZDBMM0NnUjNGSTYtUWJ0cDFTYTZLOUVaeUozU1NTT3RhTm91S3JDYU5peUpYZXNhQWxqdGVxSW9BeWJhdkxyVHozb05MWTloSVdNOE5XN2lUaVlhZGJWWWI0clkwakgxdE5hUkxLbnYyQzg0LTFacGZOU2NMRjJn?oc=5,https://news.google.com/rss/search?q=feminicidio+hijos+hu%C3%A9rfanos&hl=es-419&gl=MX&ceid=MX:es-419,2025-03-07T08:00:00+00:00,0.5,0.0,0.3025,Media,No,3,cdmx creara fondo de becas para nin os hue rfanos por feminicidio la silla rota,cdmx creara fondo de becas para nin os hue rfanos por feminicidio la silla rota,cdmx creara fondo de becas para nin os hue rfanos por feminicidio la silla rota cdmx creara fondo de becas para nin os hue rfanos por feminicidio la silla rota cdmx creara fondo de becas para nin os hue rfanos por feminicidio la silla rota,4,0.8555900596289283,hue hue rfanos rfanos feminicidio rfanos feminicidio,164,0.20098174548387454,0.001966933236986757,0.1823,Baja
Feminicidio de Astrid y el asesinato de su hijo Fernando: esto es todo lo que se sabe del crimen que conmociona a México - Infobae,Feminicidio de Astrid y el asesinato de su hijo Fernando: esto es todo lo que se sabe del crimen que conmociona a México Infobae,https://news.google.com/rss/articles/CBMi9AFBVV95cUxPNndOTGdGM1FFUmxXVXduQVlnRVNzYjhISElGN0hRWmtPT0JMTktXNWJXNlVoZXpUekpRRHdOX0Z6MC1mc012OEFIVjBIQWM4R3pnWWhITXhWQTdnMG5iZnhKY2JwR0NaZ1hFWXdqQ1FZV1d6bF96cFlwX1JJU3RLYmowbGQ0akJjVlpSRV9ZQVpaWm1LejNHYlE3aU80MDdtZHZwQ05FSVVSRnZiUDRYWGxIdGY3THd6a3oxMlowUlAtN1R2dGliZGgzVEtJMVFCRHMybzdlWWVsak1MSENrTzB4RG1raXFQbDRtU0JRbEVzZWFj0gGPAkFVX3lxTE9HNk50ZW9qSlJWOEpHZ3RHMXB2NnlCMTI1Tno3TXBxbzZIbFFLbDhiQ2tOM2dYR2dreEswNXNhLU5VM2xrNVNVZlFNcVB2enhRalVIblUzTmk2akoycFBRdmt6bUFJQjYwb2g4dDhRRXBXam5KaVpoV0JibHhoZzZJa0ZTSThaMHpoZUVDZkQ4NGZueWd5cmswczJTZU5mV0kyMDdHVWRXWWJwbWFTN2RsVU5lbnlneG1qT0tySFprdWJoZUhERXJfanduVnNENk90T2dEM1FrcDBwd24zUE5HVGpDZi04eUt4R2JjU1BLZzRMZ1ltNTdRNzVRdlFEbnlKUEhRR1A4M2xNRUJJaUU?oc=5,https://news.google.com/rss/search?q=feminicidio+hijos+menores+M%C3%A9xico&hl=es-419&gl=MX&ceid=MX:es-419,2025-03-07T08:00:00+00:00,0.5,0.375,0.8254,Alta,Si,1,feminicidio de astrid y el asesinato de su hijo fernando esto es todo lo que se sabe del crimen que conmociona a me xico infobae,feminicidio de astrid y el asesinato de su hijo fernando esto es todo lo que se sabe del crimen que conmociona a me xico infobae,feminicidio de astrid y el asesinato de su hijo fernando esto es todo lo que se sabe del crimen que conmociona a me xico infobae feminicidio de astrid y el asesinato de su hijo fernando esto es todo lo que se sabe del crimen que conmociona a me xico infobae feminicidio de astrid y el asesinato de su hijo fernando esto es todo lo que se sabe del crimen que conmociona a me xico infobae,5,0.8466370230369635,feminicidio mx com orfandad cimacnoticias,364,0.08142062066650078,0.06630397428371673,0.5218,Alta
Brugada anuncia nueva alerta de género; dará becas a niños en orfandad por violencia feminicida - Proceso,Brugada anuncia nueva alerta de género; dará becas a niños en orfandad por violencia feminicida Proceso,https://news.google.com/rss/articles/CBMi6gFBVV95cUxPWllkREk0V0IzZklqUDNrQkxnZFJqRFh3aVowT3A1akZDaTVtaW1oM3lPY1lPYVBSY21ILVBJN0UzX3dPZkVYMmZleVMzcFEwb2dtbVRreU5MalhuRVFmVTBsUGtnMktVX1ZtaTZqOFZ4X3ZCandjTjZleUc0b2pwbXpwN3pIUlFqZzdDLXp4bVhfZXNVSHZOY1VnZWk0R0FJcjB2MklrWWdlTDNnWUs3bUVsNWVVdndEbU1lc01DTlJ2b1JZcnNkdmd2a1MtY0p3WGJVRzRTZFFzYkVKaDBTeVAxakRwQWpjeEHSAeoBQVVfeXFMT1pZZERJNFdCM2ZJalAza0JMZ2RSakRYd2laME9wNWpGQ2k1bWltaDN5T2NZT2FQUmNtSC1QSTdFM193T2ZFWDJmZXlTM3BRMG9nbW1Ua3lOTGpYbkVRZlUwbFBrZzJLVV9WbWk2ajhWeF92Qmp3Y042ZXlHNG9qcG16cDd6SFJRamc3Qy16eG1YX2VzVUh2TmNVZ2VpNEdBSXIwdjJJa1lnZUwzZ1lLN21FbDVlVXZ3RG1NZXNNQ05Sdm9SWXJzZHZndmtTLWNKd1hiVUc0U2RRc2JFSmgwU3lQMWpEcEFqY3hB?oc=5,https://news.google.com/rss/search?q=%22violencia+feminicida%22+ni%C3%B1os&hl=es-419&gl=MX&ceid=MX:es-419,2025-03-07T08:00:00+00:00,0.5,0.5,0.93,Alta,Si,1,brugada anuncia nueva alerta de ge nero dara becas a nin os en orfandad por violencia feminicida proceso,brugada anuncia nueva alerta de ge nero dara becas a nin os en orfandad por violencia feminicida proceso,brugada anuncia nueva alerta de ge nero dara becas a nin os en orfandad por violencia feminicida proceso brugada anuncia nueva alerta de ge nero dara becas a nin os en orfandad por violencia feminicida proceso brugada anuncia nueva alerta de ge nero dara becas a nin os en orfandad por violencia feminicida proceso,3,0.8729652344302296,feminicidio vi nin vi ctimas ctimas,288,0.1853461570319462,0.09772996202503768,0.5971,Alta
Edomex: Asociación Mitztemoa Noyollo busca ayuda a niños huérfanos por feminicidio - El Universal Edomex,Edomex: Asociación Mitztemoa Noyollo busca ayuda a niños huérfanos por feminicidio El Universal Edomex,https://news.google.com/rss/articles/CBMi0AFBVV95cUxPUmU5UkZsckxsLVBRcFdINndfbjV6SjROY2J6eGJmamNzS1U0eEhXYU9PMS1SbXhVMHNMVW9FNlBVUTAxSnpVVUhFb0lzV0t0V3Z6MDFPeWl2SzJZOEhiVnFmWVJFaXRrN2cxaXhkNWl1Y3BKSWJGaWZlNGtJWWdfNmczLUlxNy1sNzdwNk04cHFYZE1DTUdiSTB5cXc3ZkFST1dzRDQyVmZubHl3eFlUZEZkeFZMemFScTBLdy13d3hibURTMkE3NVZyR25yOXRo0gHkAUFVX3lxTFBMbGdiQTJwdkFLNEV4RkhyRWVyVW9oQXRBcjRCWHJXV2IzZFB1bjUtbU1RZ1FaWUY0TDZqaEYxTzFjY1d2Z1BfU3JqTVdILV9WOUpxUktaOG9uVUU2dTdnUktmUnZTNGZzcG4yUTJwWGJlZ2FKVVRBVjJlQUY1Q2oteEZUWTdPWURleHM3Z2o0N2J3SXltN0RwVnNkZ041T0ZOcTRRMEdQSzRuVlBldmc5U3gycEtPeWlmSUpFNUM3cmhmS2tLZXhJZW9FZnM2WTZBNWhLenF0Snl1SzBmWVd3Y2lWRg?oc=5,https://news.google.com/rss/search?q=feminicidio+menores+hu%C3%A9rfanos&hl=es-419&gl=MX&ceid=MX:es-419,2025-03-06T08:00:00+00:00,0.5,0.0,0.3025,Media,No,3,edomex asociacio n mitztemoa noyollo busca ayuda a nin os hue rfanos por feminicidio el universal edomex,edomex asociacio n mitztemoa noyollo busca ayuda a nin os hue rfanos por feminicidio el universal edomex,edomex asociacio n mitztemoa noyollo busca ayuda a nin os hue rfanos por feminicidio el universal edomex edomex asociacio n mitztemoa noyollo busca ayuda a nin os hue rfanos por feminicidio el universal edomex edomex asociacio n mitztemoa noyollo busca ayuda a nin os hue rfanos por feminicidio el universal edomex,4,0.8627329141698946,hue hue rfanos rfanos feminicidio rfanos feminicidio,220,0.41545406996771994,0.0020459678911570944,0.1823,Baja
Cronología del ‘caso Debanhi Escobar’ : el feminicidio que se convirtió en un símbolo contra la violencia machista en México - EL PAÍS,Cronología del ‘caso Debanhi Escobar’ : el feminicidio que se convirtió en un símbolo contra la violencia machista en México EL PAÍS,https://news.google.com/rss/articles/CBMi9AFBVV95cUxNTWU3OHo5Z3MxVTFXcVdZX0ZIQjl3ZldwTkdzRWU2MXVRRkVkVzZ1azR5NmJHazFtaGlRVkxKVkhLSmtERnRRQXNUOUNWY01ick5va0lLYWxWQUZ6UFVvTE9vbFRLTlNyV1pGSXoxdFczcTI3bmI2bVBqRlFWQTYyNlRCRnIyV2dvenBJMC1JemJ3OTFsZEJISVpDRzE2ZGY1V3dRTWdJWFhiR0JaWDk5WjdVakx2Vzl4U1RhSjhnTExSUHBmSlk3aERmOG5RTlFkOXFoU3ctUkxkM296UXNyNW1nR0U0UjNZVDlaRTZCUnVHSURi0gGIAkFVX3lxTFBnOEVWVFdUbEtZMFBIeWNaZWJ2cVlIUjJabUxEdS1IOU96TlpWOW16WnFGMDJBaktkeEtsSnFxOTJUZnU5Nm9neTJiak85anNkbG1wTkdmSWc0cGJmWjh1MWJMRTVkOGRJazZpS05xUzRnWS1XbVBZdHNwOWNZM2dlRUgyRTJTU2ExalZMd0Zmc2tFbk1pR0FmamQzZnJld2phNjVmZ2F6OThGclFRcjMtV3ZreGRPR01oeThDV0dqV0ZldzlDTDBmYWdlOUtZTjVDRXZWdnpOS2o0Qk50Q1dPQXFXSm1MX09ObXZSZzhIRVBXcDZveEFlbDJtRUV0MHhVLXZJWldxcg?oc=5,https://news.google.com/rss/search?q=feminicidio+M%C3%A9xico&hl=es-419&gl=MX&ceid=MX:es-419,2025-03-06T08:00:00+00:00,0.5,0.0,0.3025,Media,No,1,cronologi a del caso debanhi escobar el feminicidio que se convirtio en un si mbolo contra la violencia machista en me xico el pai s,cronologi a del caso debanhi escobar el feminicidio que se convirtio en un si mbolo contra la violencia machista en me xico el pai s,cronologi a del caso debanhi escobar el feminicidio que se convirtio en un si mbolo contra la violencia machista en me xico el pai s cronologi a del caso debanhi escobar el feminicidio que se convirtio en un si mbolo contra la violencia machista en me xico el pai s cronologi a del caso debanhi escobar el feminicidio que se convirtio en un si mbolo contra la violencia machista en me xico el pai s,0,0.8427784604732402,feminicidio ctimas feminicidio vi ctimas feminicidio hijos orfandad,225,0.05912679083326244,0.025590982905187926,0.1917,Baja
Violencia feminicida: ¿Qué pasa cuando los perpetradores son menores de edad? - Volcánicas,Violencia feminicida: ¿Qué pasa cuando los perpetradores son menores de edad? Volcánicas,https://news.google.com/rss/articles/CBMiZkFVX3lxTE83eFhCekg5UFlTWkpKU3V3Si1VWWFKS1E4d1RnVmY2emJiQ2JaY1V6ZHMzQjYzRFZIN29zNmltYzVHNmx4ZHQ5VkpWdWVuenBsSUNBNzBiSWsxTVZCQ01tb0stVnZOQQ?oc=5,https://news.google.com/rss/search?q=feminicidio+M%C3%A9xico&hl=es-419&gl=MX&ceid=MX:es-419,2025-03-05T08:00:00+00:00,0.5,0.5918,1.0,Alta,Si,1,violencia feminicida que pasa cuando los perpetradores son menores de edad volca nicas,violencia feminicida que pasa cuando los perpetradores son menores de edad volca nicas,violencia feminicida que pasa cuando los perpetradores son menores de edad volca nicas violencia feminicida que pasa cuando los perpetradores son menores de edad volca nicas violencia feminicida que pasa cuando los perpetradores son menores de edad volca nicas,2,0.8298859578581573,feminicidio hue rfanos rfanos hue rfanos feminicidio,255,0.2173595467616681,0.10415591669796445,0.6417,Alta
El Bono de la Orfandad tiene una brecha para llegar a hijos de víctimas de femicidio en Ecuador - El Comercio,El Bono de la Orfandad tiene una brecha para llegar a hijos de víctimas de femicidio en Ecuador El Comercio,https://news.google.com/rss/articles/CBMiogFBVV95cUxQMzJScUR1X01sV1RZNHZTS1NMTUM4R1pIalFKeGx3dERDaEZSaTJwaE9xMWlvQWJqSi0yVzJlczFIN2EyckhwT25HNXJzdERVZDJScHh2cDBDVEQ3ZzJKYU9EN3g2V3puUmcyN251ZndBVy1iZFpkQ0c2RENKSVM0SHprb2xYSEdMVnBESjMzMTZoeUpwVndLaWhUR2dEV29JVnc?oc=5,https://news.google.com/rss/search?q=orfandad+feminicidio+menores&hl=es-419&gl=MX&ceid=MX:es-419,2025-03-05T08:00:00+00:00,0.5,0.6154,1.0,Alta,Si,0,el bono de la orfandad tiene una brecha para llegar a hijos de vi ctimas de femicidio en ecuador el comercio,el bono de la orfandad tiene una brecha para llegar a hijos de vi ctimas de femicidio en ecuador el comercio,el bono de la orfandad tiene una brecha para llegar a hijos de vi ctimas de femicidio en ecuador el comercio el bono de la orfandad tiene una brecha para llegar a hijos de vi ctimas de femicidio en ecuador el comercio el bono de la orfandad tiene una brecha para llegar a hijos de vi ctimas de femicidio en ecuador el comercio,1,0.8344334490468212,feminicidio ctimas vi ctimas vi rfanos,305,0.4019653094049189,0.0538422171569639,0.6215,Alta
DARÍAN PERMISO LABORAL A VÍCTIMAS INDIRECTAS DE FEMINICIDIO - H. Congreso de Nuevo León,DARÍAN PERMISO LABORAL A VÍCTIMAS INDIRECTAS DE FEMINICIDIO H. Congreso de Nuevo León,https://news.google.com/rss/articles/CBMirwFBVV95cUxQd1pJNUhTWTh0U3RpcFZSd2JtQUtic2N6SDVvY2Z5YkxTZGY2aldxb3VXdk9neF9oQVo1QmZJdjA1Z255bjRpZ3lSUEhGM2JDNHVKRGRBdWxJVHpOMXQ3Wkx3SjZnNVhvX3F5TUc2MVZIVksyVkdkS3RNd3Yxb25wZ2VabzNFQmJmVXI4V2pnbGVPdWpjdjVMc213cWNoOUE1b1J0RmxBV2ZMT2JIMWdN?oc=5,https://news.google.com/rss/search?q=%22v%C3%ADctimas+indirectas%22+feminicidio&hl=es-419&gl=MX&ceid=MX:es-419,2025-03-04T08:00:00+00:00,0.5,0.0,0.3025,Media,No,0,dari an permiso laboral a vi ctimas indirectas de feminicidio h congreso de nuevo leo n,dari an permiso laboral a vi ctimas indirectas de feminicidio h congreso de nuevo leo n,dari an permiso laboral a vi ctimas indirectas de feminicidio h congreso de nuevo leo n dari an permiso laboral a vi ctimas indirectas de feminicidio h congreso de nuevo leo n dari an permiso laboral a vi ctimas indirectas de feminicidio h congreso de nuevo leo n,1,0.8638936926973511,feminicidio ctimas vi ctimas vi rfanos,347,0.3009262663398264,0.022175848901293826,0.1904,Baja
"Presidente Abinader anuncia programa de pensiones especiales para niñas, niños y adolescentes en orfandad por feminicidio - Presidencia de la República Dominicana","Presidente Abinader anuncia programa de pensiones especiales para niñas, niños y adolescentes en orfandad por feminicidio Presidencia de la República Dominicana",https://news.google.com/rss/articles/CBMitgFBVV95cUxPcVNOaTN4RGlzVVVEbDZseU9tTHR3ZFRjSjJNb1YzM0xXdUlpbWFaZVBMbHpZdy1QdGo5S2JJT2t3eVVQdURfYk93dVNqMUhuMm11cmg3T2I4SEtkckxyS2pMQk50amVMWWZfcFhJMGtFNUstOEtiR2JGUVg4MHRIOGUxZTZSOVhyTWZpRkNQbEhmak9uX0RDLVZmQll1WWNmdERtTW1IdGpmbEFjcjlLMkxPU2hOdw?oc=5,https://news.google.com/rss/search?q=orfandad+feminicidio+menores&hl=es-419&gl=MX&ceid=MX:es-419,2025-02-27T08:00:00+00:00,0.5,0.6,1.0,Alta,Si,2,presidente abinader anuncia programa de pensiones especiales para nin as nin os y adolescentes en orfandad por feminicidio presidencia de la repu blica dominicana,presidente abinader anuncia programa de pensiones especiales para nin as nin os y adolescentes en orfandad por feminicidio presidencia de la repu blica dominicana,presidente abinader anuncia programa de pensiones especiales para nin as nin os y adolescentes en orfandad por feminicidio presidencia de la repu blica dominicana presidente abinader anuncia programa de pensiones especiales para nin as nin os y adolescentes en orfandad por feminicidio presidencia de la repu blica dominicana presidente abinader anuncia programa de pensiones especiales para nin as nin os y adolescentes en orfandad por feminicidio presidencia de la repu blica dominicana,5,0.6698935790679585,feminicidio mx com orfandad cimacnoticias,350,0.2531008416123799,0.02520389851805678,0.6101,Alta
OCNF pide fallo histórico para el feminicidio de Fátima Quintana y reconocer a los padres como víctimas indire - Telediario México,OCNF pide fallo histórico para el feminicidio de Fátima Quintana y reconocer a los padres como víctimas indire Telediario México,https://news.google.com/rss/articles/CBMimgFBVV95cUxPRDF6em1ES2pMa3B5WU5Nb2ZjNE1HdGdmbGdsNUYzdklYZU85SFdRNmN3UHRPdzNKOUJTTHEyQmFoZjRaRC1WQWRQRGUxUkxJSlIzcjViYUV5OTF3alNTZldSVFBhV01Qd0phb3h5Z1Zyem5XUVVWdjlQdWtPbm5IWUpHalJCX2IxakRtMm1zcDFOQkh2bllZUTd30gGaAUFVX3lxTE5pSklVUXdya2dLaFdVMDlaNk4tT1NVemdkLUJRUkZDRm00cnl5cVFuQy0tRW84Tmx5Skt2TkVmOUcxbmN0b3Baa1E0bDNhWS1wSWtDLXNPTE9WZHE4aUJGTU8yQkF6WVc0dHI0OU9qbGg4cVloRWUyTHhSZmJCQlFyM1JMbXptUzdBOHo5eGpSN0pOR3l6Rzl6NXc?oc=5,https://news.google.com/rss/search?q=%22v%C3%ADctimas+indirectas%22+feminicidio&hl=es-419&gl=MX&ceid=MX:es-419,2025-02-27T08:00:00+00:00,0.5,0.0,0.3025,Media,No,0,ocnf pide fallo histo rico para el feminicidio de fa tima quintana y reconocer a los padres como vi ctimas indire telediario me xico,ocnf pide fallo histo rico para el feminicidio de fa tima quintana y reconocer a los padres como vi ctimas indire telediario me xico,ocnf pide fallo histo rico para el feminicidio de fa tima quintana y reconocer a los padres como vi ctimas indire telediario me xico ocnf pide fallo histo rico para el feminicidio de fa tima quintana y reconocer a los padres como vi ctimas indire telediario me xico ocnf pide fallo histo rico para el feminicidio de fa tima quintana y reconocer a los padres como vi ctimas indire telediario me xico,3,0.8889645640205411,feminicidio vi nin vi ctimas ctimas,197,0.21289045039586665,0.001720524789357563,0.1822,Baja
Procuraduría da acompañamiento a huérfanos por feminicidio de Rosaura - La Silla Rota,Procuraduría da acompañamiento a huérfanos por feminicidio de Rosaura La Silla Rota,https://news.google.com/rss/articles/CBMixwFBVV95cUxPQWNacVJvaE1xemxpOHByNUFFaUV0U3JfeDJQS1JiNEl1dkZaNzFvMmNFaUY3MlVfcnpkcnpablpzam84bXNpaDhsNWRtZkpHb29RR0p0SWhOOVJSbDJDV2RsN3Ewa0VlTWQzLWlpeXc5NVBOX0VjbXpHZ0RFQmIzVkZGV05qX2c4MlViQ3RHbEU2N2ZNTjZMUHBTY0lQaWs4a3NuTjRSNTdqQWp1WnY0N2dUQ0xVcTlQelkyZVZNcUYwdVZOa1dF0gHHAUFVX3lxTE9BY1pxUm9oTXF6bGk4cHI1QUVpRXRTcl94MlBLUmI0SXV2Rlo3MW8yY0VpRjcyVV9yemRyelpuWnNqbzhtc2loOGw1ZG1mSkdvb1FHSnRJaE45UlJsMkNXZGw3cTBrRWVNZDMtaWl5dzk1UE5fRWNtekdnREVCYjNWRkZXTmpfZzgyVWJDdEdsRTY3Zk1ONkxQcFNjSVBpazhrc25ONFI1N2pBanVadjQ3Z1RDTFVxOVB6WTJlVk1xRjB1Vk5rV0U?oc=5,https://news.google.com/rss/search?q=DIF+custodia+feminicidio+hijos&hl=es-419&gl=MX&ceid=MX:es-419,2025-02-12T08:00:00+00:00,0.5,0.0,0.3025,Media,No,3,procuraduri a da acompan amiento a hue rfanos por feminicidio de rosaura la silla rota,procuraduri a da acompan amiento a hue rfanos por feminicidio de rosaura la silla rota,procuraduri a da acompan amiento a hue rfanos por feminicidio de rosaura la silla rota procuraduri a da acompan amiento a hue rfanos por feminicidio de rosaura la silla rota procuraduri a da acompan amiento a hue rfanos por feminicidio de rosaura la silla rota,2,0.8544963160289059,feminicidio hue rfanos rfanos hue rfanos feminicidio,235,0.1736432015911324,0.0020826578147849473,0.1823,Baja
"Infantes en orfandad por feminicidio, no hay datos por omisión del DIF: legisladora - La Silla Rota","Infantes en orfandad por feminicidio, no hay datos por omisión del DIF: legisladora La Silla Rota",https://news.google.com/rss/articles/CBMi2gFBVV95cUxPaTluUE9XNnBHOUZJemQyR0xKbXZUZWlkMWktUExuZkdKZ09vWmFTeFF1dGxWRzYzMDFJSm9vOE0yd0ZqcGYzTTNpMV9SWGZ0SVRKTjF5ZmdMRUo5VE1ZdEFDMkpnUlUzbUNiSUhyOUFrLVNUNXdjUFlfaFhFcE02MlVzVE9reVpBcXRWWlQ5ZHhxREMwNjJVUkRzb1VLZVpvcl9pQXg5ZUtPaE5JcHc2MF90eXp1M0pneDdHUzVxZnRmamJBZ2ROc3RiVW4zNVRyQ3dhM1BYMG9xd9IB2gFBVV95cUxPaTluUE9XNnBHOUZJemQyR0xKbXZUZWlkMWktUExuZkdKZ09vWmFTeFF1dGxWRzYzMDFJSm9vOE0yd0ZqcGYzTTNpMV9SWGZ0SVRKTjF5ZmdMRUo5VE1ZdEFDMkpnUlUzbUNiSUhyOUFrLVNUNXdjUFlfaFhFcE02MlVzVE9reVpBcXRWWlQ5ZHhxREMwNjJVUkRzb1VLZVpvcl9pQXg5ZUtPaE5JcHc2MF90eXp1M0pneDdHUzVxZnRmamJBZ2ROc3RiVW4zNVRyQ3dhM1BYMG9xdw?oc=5,https://news.google.com/rss/search?q=orfandad+feminicidio+menores&hl=es-419&gl=MX&ceid=MX:es-419,2025-02-12T08:00:00+00:00,0.5,0.6803,1.0,Alta,Si,1,infantes en orfandad por feminicidio no hay datos por omisio n del dif legisladora la silla rota,infantes en orfandad por feminicidio no hay datos por omisio n del dif legisladora la silla rota,infantes en orfandad por feminicidio no hay datos por omisio n del dif legisladora la silla rota infantes en orfandad por feminicidio no hay datos por omisio n del dif legisladora la silla rota infantes en orfandad por feminicidio no hay datos por omisio n del dif legisladora la silla rota,5,0.8493404291932406,feminicidio mx com orfandad cimacnoticias,279,0.1682932314166614,0.05685900418021833,0.6227,Alta
No han acudido víctimas indirectas de feminicidio para obtener 90% de descuento en el predial: Tesorería Municipal - El Sol de México,No han acudido víctimas indirectas de feminicidio para obtener 90% de descuento en el predial: Tesorería Municipal El Sol de México,https://news.google.com/rss/articles/CBMigwJBVV95cUxOYVY4d05KVGl3QzJTNE5leTZ3ZGg1d0hLTE5ucUttWERXcXEyNEJNclpwNGo1c2psRWFBSGRvR09MczFSYVl6bGdVWG44MmotSUl5WjZ4Q1FRXzZ1UzNUZXlfU2JxTWNlSTBjOW5UYmZjdEFIc19jOC1JcTNQRmpvdE5pZ0FPVnV1eHpuMW9HYkxuRXJJTmFjcURpLXV0RXVtZmgzTVJhN3ZEemc1RVVlaFNHMFdZZ3BqNFowV3BUNnBpSHJ5TWpFT3lUTUR3WlRieEI5cVRSS1UtNnJUSzFrUlVERWRnSkMzMWVDVUxRVlY2Ym9WT2Q3bVEtU0VZS2FPMjE4?oc=5,https://news.google.com/rss/search?q=%22v%C3%ADctimas+indirectas%22+feminicidio&hl=es-419&gl=MX&ceid=MX:es-419,2025-02-08T08:00:00+00:00,0.5,0.0,0.3025,Media,No,0,no han acudido vi ctimas indirectas de feminicidio para obtener 90 de descuento en el predial tesoreri a municipal el sol de me xico,no han acudido vi ctimas indirectas de feminicidio para obtener 90 de descuento en el predial tesoreri a municipal el sol de me xico,no han acudido vi ctimas indirectas de feminicidio para obtener 90 de descuento en el predial tesoreri a municipal el sol de me xico no han acudido vi ctimas indirectas de feminicidio para obtener 90 de descuento en el predial tesoreri a municipal el sol de me xico no han acudido vi ctimas indirectas de feminicidio para obtener 90 de descuento en el predial tesoreri a municipal el sol de me xico,5,0.8669406570734196,feminicidio mx com orfandad cimacnoticias,318,0.20429898684220207,0.020064938671734756,0.1895,Baja
Estimación del feminicidio en México con base en homicidios en solitario - Scielo.org.mx,Estimación del feminicidio en México con base en homicidios en solitario Scielo.org.mx,https://news.google.com/rss/articles/CBMiigFBVV95cUxQWDRHNWpwNXRJOHhvZnVBUGx4aGR1YzNpdFJaTWgtZGJoRWZzeGxOa2dTQ1FEUWI0VUtyRThDdWdRUmJtLWU1T0dhdFczZnVKVlJIMlpZUENReWNhcFhlVjQwQUdHVTFmY2p1VndoVGdDcnVKSXB4OFJUUkFwQ2NmS252SllCUDRPelE?oc=5,https://news.google.com/rss/search?q=feminicidio+M%C3%A9xico&hl=es-419&gl=MX&ceid=MX:es-419,2025-02-07T06:34:41+00:00,0.5,0.0,0.3025,Media,No,1,estimacio n del feminicidio en me xico con base en homicidios en solitario scielo org mx,estimacio n del feminicidio en me xico con base en homicidios en solitario scielo org mx,estimacio n del feminicidio en me xico con base en homicidios en solitario scielo org mx estimacio n del feminicidio en me xico con base en homicidios en solitario scielo org mx estimacio n del feminicidio en me xico con base en homicidios en solitario scielo org mx,1,0.811225538410011,feminicidio ctimas vi ctimas vi rfanos,139,0.4198958985528557,0.0020693568811058303,0.1823,Baja
Huérfanos del Estado: Los hijos e hijas de víctimas de feminicidio en Yucatán - Distintas Latitudes,Huérfanos del Estado: Los hijos e hijas de víctimas de feminicidio en Yucatán Distintas Latitudes,https://news.google.com/rss/articles/CBMihwFBVV95cUxNTDA0a1h5eTZKR09rLXZWMG9IcEdtX00xZHpNLThsVGl3SkNTTlpFbEwzbElzTzVWUGNCLVJ5SzZfUWFOUXY3T2JwMW5sSGxqdzB2YzV1MVp0SWJEckdUSEdQbmZxTEN2Y3BjZWV0cU83OFFLWU50Yjd0VHlZOEJJRFBtOGVwY1U?oc=5,https://news.google.com/rss/search?q=feminicidio+hijos+hu%C3%A9rfanos&hl=es-419&gl=MX&ceid=MX:es-419,2025-01-15T08:00:00+00:00,0.5,0.5455,0.968,Alta,Si,0,hue rfanos del estado los hijos e hijas de vi ctimas de feminicidio en yucata n distintas latitudes,hue rfanos del estado los hijos e hijas de vi ctimas de feminicidio en yucata n distintas latitudes,hue rfanos del estado los hijos e hijas de vi ctimas de feminicidio en yucata n distintas latitudes hue rfanos del estado los hijos e hijas de vi ctimas de feminicidio en yucata n distintas latitudes hue rfanos del estado los hijos e hijas de vi ctimas de feminicidio en yucata n distintas latitudes,3,0.8495183579385216,feminicidio vi nin vi ctimas ctimas,277,0.13731400325652335,0.08459210542138208,0.6146,Alta
Vinculan a proceso a sujeto por asesinato de 2 niños y del feminicidio de su madre en Aguascalientes; también procesan a su cómplice - El Universal,Vinculan a proceso a sujeto por asesinato de 2 niños y del feminicidio de su madre en Aguascalientes; también procesan a su cómplice El Universal,https://news.google.com/rss/articles/CBMigAJBVV95cUxQRFhGcXhta25LY3IzRFZOME1iVjVsSE41RmpkLWxQbFZBSE1uT3Q1RzN0cGZlWGNqREJVN3c3em1jd2hXbW1xSlFZeE0tX2h3QW52bHg1MkczMlh4T0ZCYi03OFoycUR1ZkxURElkRFNLQ0hsdFR2b09pWlQ1WnY1VTNpc084S282NFptNUdIaGh0ZkFWVU5oWWRGSUhUdGpIV0ZUU3lOVVk4NHpvenB0aUFNMUhIXzVOWW9vZi1pRmkwQTV2RFU5SVNMdVh0cFh4c0ZET1p0bzA2LWFfTWh0d3lxOUVtRzZCVUNpd0c4RU5fU3k0d2VOay01NEc1TnNk0gGUAkFVX3lxTE9iTVp2YVpzTl9uLXkwbzBZVzdEM2RKcFVIcVJ5V2ZJZWJRa3dpVFRLc1pDYnppQmphZWYxSkViZjBCWE9ySEplZWJoWVNEVE02cWVlNGp0dXVuMEx1WGJSNUU4S1FDSUdXbkl4TkFrRFlKYmRvTEUwN2tBTnp3NEh0Tmk4U3NNbGc3aGsxeDJzcXBJZFBtYU1XUEpZOWFNTlc2aE05dXF6cGQ3XzU5bDZFSnJQYjVqbkw5cndUTXVzQlFiVml3Y29pN1V4YXNTSTBPZ0pQTTRUWTUyN29qbW5FUXl0NFFEYURiM0xYZUV3dldlSjZ3UlpJbFNpODl5WTFFelVNX1oxUXV4dDRtcVZfVTgweg?oc=5,https://news.google.com/rss/search?q=feminicidio+hijos+menores+M%C3%A9xico&hl=es-419&gl=MX&ceid=MX:es-419,2025-01-07T08:00:00+00:00,0.5,0.0,0.3025,Media,No,1,vinculan a proceso a sujeto por asesinato de 2 nin os y del feminicidio de su madre en aguascalientes tambie n procesan a su co mplice el universal,vinculan a proceso a sujeto por asesinato de 2 nin os y del feminicidio de su madre en aguascalientes tambie n procesan a su co mplice el universal,vinculan a proceso a sujeto por asesinato de 2 nin os y del feminicidio de su madre en aguascalientes tambie n procesan a su co mplice el universal vinculan a proceso a sujeto por asesinato de 2 nin os y del feminicidio de su madre en aguascalientes tambie n procesan a su co mplice el universal vinculan a proceso a sujeto por asesinato de 2 nin os y del feminicidio de su madre en aguascalientes tambie n procesan a su co mplice el universal,5,0.8652220445095461,feminicidio mx com orfandad cimacnoticias,167,0.09224131135330021,0.027900915661424427,0.1927,Baja
Sentencian a 105 años de prisión a José Luis Galicia por feminicidio de Karen Itzel; deberá reparar el daño a víctimas indirectas - El Universal,Sentencian a 105 años de prisión a José Luis Galicia por feminicidio de Karen Itzel; deberá reparar el daño a víctimas indirectas El Universal,https://news.google.com/rss/articles/CBMi_wFBVV95cUxQMWZ3VENkVXpEc0NtWXBDaDZzVU9zbWRNTFN1ZzdjUncxa0N5Q0ZBSHhlRU5EUXZqakUxcl9QM1Vwa25YWW9fOEFNRnJHUm9IQVBSZGpURUEwM3A1Y1FKTFo3SmVlMzRNZmYwMmhVMFY5T0VTOTd6b19vRXZpVTFPbDdPS3IxUHgyY01GWGNwRE04QXREaDdzM3MtaFhyeFptc2RwRmViajFRbmMtUDJ3NUYzckVQWW12SW44Z2lCb1ZjMmhyUUxURjdLUjVSV3hrTGlRTlZ5amVlcHlwTUxDTlVTaFlxY1hSV3o1RmlEQ0JZMGk0STY2VkFBN3ZjbzTSAZMCQVVfeXFMTVU5OU5QbEN4S1Q0M1dSc3FPMXRWVTlDZmNaTUxWS2xTaHpKVTUwa0trTVVQSmtyWUZaNkVfdUw4T1JhNDJvT0RkSHZBNzkwZFQ1UVdDUjB6YXVXdGNFbFVsR2ZMYWNPdWtFblIxX3VsTEpYTFl0ZElmMDhSUzdvczNkOU54UjBwWE5lWHh1T1pCelliandNWk1IMG1oSFU1eU1zTWpweHdNa2lrT3FzbC0tZVpZYWY5VnhlaGJ6NC1hU1Biank1NTRudVNXOEpxYkpmZzNVOVpwX2FvZ3lUQkR6cFhiWlZ1eVI3OW5rbGEwQmRuSUk0ZS05a1JGMEViWWhMM0NBV01TTDN3QTUxRUp2blk?oc=5,https://news.google.com/rss/search?q=%22v%C3%ADctimas+indirectas%22+feminicidio&hl=es-419&gl=MX&ceid=MX:es-419,2024-12-11T08:00:00+00:00,0.5,0.0,0.3025,Media,No,0,sentencian a 105 an os de prisio n a jose luis galicia por feminicidio de karen itzel debera reparar el dan o a vi ctimas indirectas el universal,sentencian a 105 an os de prisio n a jose luis galicia por feminicidio de karen itzel debera reparar el dan o a vi ctimas indirectas el universal,sentencian a 105 an os de prisio n a jose luis galicia por feminicidio de karen itzel debera reparar el dan o a vi ctimas indirectas el universal sentencian a 105 an os de prisio n a jose luis galicia por feminicidio de karen itzel debera reparar el dan o a vi ctimas indirectas el universal sentencian a 105 an os de prisio n a jose luis galicia por feminicidio de karen itzel debera reparar el dan o a vi ctimas indirectas el universal,2,0.892417382242058,feminicidio hue rfanos rfanos hue rfanos feminicidio,16,0.09789050027844262,0.016054330086259335,0.1879,Baja
"Los niños, niñas y adolescentes son víctimas directas del femicidio que trastoca todos los ámbitos de su vida - Unicef","Los niños, niñas y adolescentes son víctimas directas del femicidio que trastoca todos los ámbitos de su vida Unicef",https://news.google.com/rss/articles/CBMi3AFBVV95cUxNVFM4OGhsYWcySE96NzF1UG5GVGVocnVvT0R0OTVuZkUzbmNYZEFvQnZPVUdCOGY3QVluM25BZ1p2RU4wZWdyQjFKVkFma0d2OGh1ZnRBcVZBejFpMDlMa2V0ckVMTzU3VTJJbDcyVWZTcTNXblF4Q2o4LTY1V01wLWxCVWpxMWlndkc2TUVRMTd4S28xb1lfUFFORFJsX2hvQ1BsMFc2Zk9ETGVoS3ZuZmVGeGdrSEpVZ0RRZnpQN1k2X1JOdDhyTEczQUpzLWJwOTByX0tPLUZSOXg0?oc=5,https://news.google.com/rss/search?q=feminicidio+ni%C3%B1os+ni%C3%B1as&hl=es-419&gl=MX&ceid=MX:es-419,2024-12-10T08:00:00+00:00,0.5,0.3333,0.7246,Alta,Si,2,los nin os nin as y adolescentes son vi ctimas directas del femicidio que trastoca todos los a mbitos de su vida unicef,los nin os nin as y adolescentes son vi ctimas directas del femicidio que trastoca todos los a mbitos de su vida unicef,los nin os nin as y adolescentes son vi ctimas directas del femicidio que trastoca todos los a mbitos de su vida unicef los nin os nin as y adolescentes son vi ctimas directas del femicidio que trastoca todos los a mbitos de su vida unicef los nin os nin as y adolescentes son vi ctimas directas del femicidio que trastoca todos los a mbitos de su vida unicef,3,0.8724276045116822,feminicidio vi nin vi ctimas ctimas,286,0.3846628443136273,0.04332854794049386,0.4521,Alta
Asesinato de un niño en Camagüey revela magnitud de la violencia feminicida en Cuba - Martí Noticias,Asesinato de un niño en Camagüey revela magnitud de la violencia feminicida en Cuba Martí Noticias,https://news.google.com/rss/articles/CBMi0wFBVV95cUxQTmllWHNCVDNCaFN1MGwwVWM1Z0RXbC1EcEVvSGQ0ZnU2cFg4Tm5ZcmJod2M5ZlZWN3ZhMmdiWW8tZUx2bHlFSExoREM1ZmRlTnZvbjZHakJGQ1FWbXNObjNnbGVOVlk0dmtHSHBmTlVGQ1piWDRVYUo5VDFGQTlKMEx1X0p2UzFzWVdsOXotc0p6TkJseHdESXg3NHo3d2pOaTBpUzBPQWdrV05SeHR6N0oxWERKb1BjN0V2aWNzdWZ3NTZhdjRQenZDRjZJVUh5eGZR0gHWAUFVX3lxTFA4ZUJ6SXlaWE1mOTFJM19hV1dDWUU5QU1ROHFrZmtnTGhMNFM2Y3RrWG8tbzlCeWV3R1hVQ3VsdXc0anZXbElqenNfSUpQMV93NGRnRmN4TmhsOG1peW5jbXpCLXZMSVA3SHp2bWdRSlJUWWlYZzhOYm5oV01IRzl4RURiTGpfeWNPWWVhdGZfeFJ4dEFZN2QzVS02T1JjamZFQzJYdEJWN0dVWnZmSThpNUc2MHNEREtFVGZ1ajRPZUJpNW1WRnZrX0tOTVNPQkp4TENmUnc?oc=5,https://news.google.com/rss/search?q=%22violencia+feminicida%22+ni%C3%B1os&hl=es-419&gl=MX&ceid=MX:es-419,2024-11-29T08:00:00+00:00,0.5,0.0,0.3025,Media,No,1,asesinato de un nin o en camagu ey revela magnitud de la violencia feminicida en cuba marti noticias,asesinato de un nin o en camagu ey revela magnitud de la violencia feminicida en cuba marti noticias,asesinato de un nin o en camagu ey revela magnitud de la violencia feminicida en cuba marti noticias asesinato de un nin o en camagu ey revela magnitud de la violencia feminicida en cuba marti noticias asesinato de un nin o en camagu ey revela magnitud de la violencia feminicida en cuba marti noticias,0,0.8472563195580355,feminicidio ctimas feminicidio vi ctimas feminicidio hijos orfandad,350,0.08480937153745578,0.09100572607288854,0.2179,Baja
Víctimas ven irregularidades de jueces en casos de feminicidio en la CDMX - El Sol de México,Víctimas ven irregularidades de jueces en casos de feminicidio en la CDMX El Sol de México,https://news.google.com/rss/articles/CBMiwwFBVV95cUxQSzBzczZQaHQtOE1jLVVRcGZNaEt6UWhnNW5JZU9hY0tPN2JQclFxY3ltX25HbzFncFRLaHd6cVVmM1Z4TmI1eWVNNFFpWXZsMkZxR3ZrZlVjN254b0ZKOUpSUmhXWW5LTHZnSFhDaXRDb2hDZXhjSjZvbU16eU1nN1NjYjVFTHhHVHFNalF1TnJQSldLQzVSSnZSOTRQSTVNLUVTRi1fbWt2dU90blhvVVQzdGlndkpfMHVEdzBON3BGeFk?oc=5,https://news.google.com/rss/search?q=%22v%C3%ADctimas+indirectas%22+feminicidio&hl=es-419&gl=MX&ceid=MX:es-419,2024-11-26T08:00:00+00:00,0.5,0.0,0.3025,Media,No,1,vi ctimas ven irregularidades de jueces en casos de feminicidio en la cdmx el sol de me xico,vi ctimas ven irregularidades de jueces en casos de feminicidio en la cdmx el sol de me xico,vi ctimas ven irregularidades de jueces en casos de feminicidio en la cdmx el sol de me xico vi ctimas ven irregularidades de jueces en casos de feminicidio en la cdmx el sol de me xico vi ctimas ven irregularidades de jueces en casos de feminicidio en la cdmx el sol de me xico,5,0.857437513477969,feminicidio mx com orfandad cimacnoticias,266,0.2253226677722797,0.00226992479276295,0.1824,Baja
¿Qué pasa con las familias obligadas a abandonar su hogar después de un feminicidio? - Volcánicas,¿Qué pasa con las familias obligadas a abandonar su hogar después de un feminicidio? Volcánicas,https://news.google.com/rss/articles/CBMiqgFBVV95cUxQVFlnT21rcTloU3RnTzQxUXlaQldyYk1TUjFVUkExaXJsMXhmZ3RiczA1ME9TdkpTcEF2b1poR1NocEZkdFRRY1NqNi1XdU1XZzZHTUFleExjRmtoendIWklDbl8tMFY1WXozN0xYbDFyM1ZzTFVBZkllTEh2U3hTR29vQVdWbnhxQzhLcjZ4YmFLWDYwaThjRlFPUlkyZ3VZSTJsdzFiYjA0QQ?oc=5,https://news.google.com/rss/search?q=%22v%C3%ADctimas+indirectas%22+feminicidio&hl=es-419&gl=MX&ceid=MX:es-419,2024-11-25T08:00:00+00:00,0.5,0.0,0.3025,Media,No,1,que pasa con las familias obligadas a abandonar su hogar despue s de un feminicidio volca nicas,que pasa con las familias obligadas a abandonar su hogar despue s de un feminicidio volca nicas,que pasa con las familias obligadas a abandonar su hogar despue s de un feminicidio volca nicas que pasa con las familias obligadas a abandonar su hogar despue s de un feminicidio volca nicas que pasa con las familias obligadas a abandonar su hogar despue s de un feminicidio volca nicas,3,0.8512888432864386,feminicidio vi nin vi ctimas ctimas,241,0.2173595467616681,0.0023166446174041023,0.1824,Baja
Al menos 11 mujeres son víctimas de feminicidio cada día en América Latina y el Caribe - Comisión Económica para América Latina y el Caribe,Al menos 11 mujeres son víctimas de feminicidio cada día en América Latina y el Caribe Comisión Económica para América Latina y el Caribe,https://news.google.com/rss/articles/CBMisgFBVV95cUxOMWdmLWpjNUZHUVI1ZEJXUERDOFJDQU9fUXZVZWpYNlotS0Y5UUhraHRyLTY4QUN0cXdGandvSFR4aDhOTXdONXFZVkNySVU3XzFDeEY4LTY3YS1TTnJLTUNILWVpUzhib1F1TWkycnllQ2tweThKa2ZHa0pteGFrakNuMGFFMkRVcWZZMFY0Z0NseWVoeHNVN0xINlVmWFYzSm1nQUszSDl6elVuZnY1TU9R?oc=5,https://news.google.com/rss/search?q=feminicidio+M%C3%A9xico&hl=es-419&gl=MX&ceid=MX:es-419,2024-11-22T08:00:00+00:00,0.5,0.0,0.3025,Media,No,1,al menos 11 mujeres son vi ctimas de feminicidio cada di a en ame rica latina y el caribe comisio n econo mica para ame rica latina y el caribe,al menos 11 mujeres son vi ctimas de feminicidio cada di a en ame rica latina y el caribe comisio n econo mica para ame rica latina y el caribe,al menos 11 mujeres son vi ctimas de feminicidio cada di a en ame rica latina y el caribe comisio n econo mica para ame rica latina y el caribe al menos 11 mujeres son vi ctimas de feminicidio cada di a en ame rica latina y el caribe comisio n econo mica para ame rica latina y el caribe al menos 11 mujeres son vi ctimas de feminicidio cada di a en ame rica latina y el caribe comisio n econo mica para ame rica latina y el caribe,5,0.8789076185665152,feminicidio mx com orfandad cimacnoticias,72,0.39723377501379425,0.001515408256644353,0.1821,Baja
"Tras el feminicidio de Ángela Birckenbach, asesinada en Nayarit, su familia pelea por la custodia de sus hijos - Animal Politico","Tras el feminicidio de Ángela Birckenbach, asesinada en Nayarit, su familia pelea por la custodia de sus hijos Animal Politico",https://news.google.com/rss/articles/CBMiogFBVV95cUxNNGZKQzZBNTREVTdvWGtLM015SVQ4WE9ya25mTmgyNkQtNnNxTF83d3F4VTB4SUF1dVFWVm92TklqaFZpT0w5bElzQnBYaGZoVWl5LW5OOXNyUUc4NUI0Z2dYTG96WHVaenVURjVMYWxsVE9RVzRkMjVabjVTLVRKb2pFS0ZmQW1pWXVCX2l6aXkybWVhNkdCT05tZ1NuZ3pqdVE?oc=5,https://news.google.com/rss/search?q=DIF+custodia+feminicidio+hijos&hl=es-419&gl=MX&ceid=MX:es-419,2024-11-07T08:00:00+00:00,0.5,0.5,0.93,Alta,Si,1,tras el feminicidio de a ngela birckenbach asesinada en nayarit su familia pelea por la custodia de sus hijos animal politico,tras el feminicidio de a ngela birckenbach asesinada en nayarit su familia pelea por la custodia de sus hijos animal politico,tras el feminicidio de a ngela birckenbach asesinada en nayarit su familia pelea por la custodia de sus hijos animal politico tras el feminicidio de a ngela birckenbach asesinada en nayarit su familia pelea por la custodia de sus hijos animal politico tras el feminicidio de a ngela birckenbach asesinada en nayarit su familia pelea por la custodia de sus hijos animal politico,4,0.8528978605035819,hue hue rfanos rfanos feminicidio rfanos feminicidio,161,0.17878293735132167,0.049010992326750775,0.5776,Alta
Ellas hoy - Sofía Delgado (12 años): el nuevo rostro de la violencia feminicida en Colombia - France 24,Ellas hoy - Sofía Delgado (12 años): el nuevo rostro de la violencia feminicida en Colombia France 24,https://news.google.com/rss/articles/CBMi2wFBVV95cUxOVVhwcnFKckdSS2VsWDRFSnM3bXU0blRhOXF5SVNPY0xDaFZfRUJDWW1scW15WHRKc2dpZ0VyVEM5dTJtZTBRbVpQY2doUmZmeTliRDRBWXgwVDN3LXYzMXdoVUl1MjM5ZVNMcmRhRkpfVTVWNlhnSl9lQXJ6SXJFZExrV05lLVJJczF3WUNoYWY2TlVJS01ZYlloclZCVlFRZXNGUEJKdjY4WlhZZ3NFQ0dJdV9BUDRvZmxCbGE5ekVudWhmLWJHSmczR1VvSDkwSXkyRV9WSGp0Rms?oc=5,https://news.google.com/rss/search?q=%22violencia+feminicida%22+ni%C3%B1os&hl=es-419&gl=MX&ceid=MX:es-419,2024-10-24T07:00:00+00:00,0.5,0.0,0.3025,Media,No,1,ellas hoy sofi a delgado 12 an os el nuevo rostro de la violencia feminicida en colombia france 24,ellas hoy sofi a delgado 12 an os el nuevo rostro de la violencia feminicida en colombia france 24,ellas hoy sofi a delgado 12 an os el nuevo rostro de la violencia feminicida en colombia france 24 ellas hoy sofi a delgado 12 an os el nuevo rostro de la violencia feminicida en colombia france 24 ellas hoy sofi a delgado 12 an os el nuevo rostro de la violencia feminicida en colombia france 24,2,0.8663333267305722,feminicidio hue rfanos rfanos hue rfanos feminicidio,152,0.18458549017703982,0.05322605493114145,0.2028,Baja
"AMLO, un sexenio de feminicidio infantil: 389 niñas y adolescentes fueron asesinadas - Infobae","AMLO, un sexenio de feminicidio infantil: 389 niñas y adolescentes fueron asesinadas Infobae",https://news.google.com/rss/articles/CBMiwwFBVV95cUxORnEyMURtVDZ3NzNHWGdnYm9nRU81YVdscjlTWEI3RndIblZXM0FpUDU3ZnFvWl96LU14Yi1xdzlsd3FMTkx2MmVubTd4VU5ndHhhWkl4Rml1dnhhMldrcmVFU2pQeHF1UndWZkZ4Q3Fqekt2WEM2RkxwQy1Tc1JMQUlxSzBnYkw4SW5iMEt3c2hXNHZuaERKTHM0M1BHdlljZnloQy1MZ0o0S2E4aDZuTUZaTU40aEtwV1pXYS1IUXRpTlXSAd4BQVVfeXFMTXk3ajZxTS1QMmlzVWhmV3RmZy1QY2FXNTBrMTBwT2RLQTZJY1RCXzRvd2xEcnN6TXNIcUVWODRRYjNIVjJONTVJRG5DMW9iVEh1OExaRUU1WFZaZVNmdEtJLVRYWUVUbGhoZXY1YTl6WHliS1ZTeEpDdGQ2Nml2S0FkX19PSFR2dXJZV0Z4YVhLSVduWWh4VjRqdnVOejNlZ1Mxb2tNd2lfR3RWMnZhd1lsRzZyVlRFTEQzQVdCd3poaHVLeDlUYk9Ucms2QjhKMWt6aW9ZMlUtNV84V1dR?oc=5,https://news.google.com/rss/search?q=%22violencia+feminicida%22+ni%C3%B1os&hl=es-419&gl=MX&ceid=MX:es-419,2024-10-24T07:00:00+00:00,0.5,0.4872,0.8427,Alta,Si,2,amlo un sexenio de feminicidio infantil 389 nin as y adolescentes fueron asesinadas infobae,amlo un sexenio de feminicidio infantil 389 nin as y adolescentes fueron asesinadas infobae,amlo un sexenio de feminicidio infantil 389 nin as y adolescentes fueron asesinadas infobae amlo un sexenio de feminicidio infantil 389 nin as y adolescentes fueron asesinadas infobae amlo un sexenio de feminicidio infantil 389 nin as y adolescentes fueron asesinadas infobae,5,0.8652083481292,feminicidio mx com orfandad cimacnoticias,35,0.308234993786698,0.023017954262177433,0.5148,Alta
"Sentencian a 39 años de cárcel a 'El Amado', implicado en feminicidio de Abril Pérez Sagaón - MILENIO","Sentencian a 39 años de cárcel a 'El Amado', implicado en feminicidio de Abril Pérez Sagaón MILENIO",https://news.google.com/rss/articles/CBMijwFBVV95cUxQajRacERiTVltWXl2a2VSa0tqbTEwb050OEw1S1lud2pDVHVpMTNEUkx4M2draDRIc2ljb2xCMG5VSm9GYlE2VUZFb0pRNU1xQU9pclVnZ1VsUVNjaHhhanQ2ajhlbF90VnMyVW9kQWNVeEllUjE4SUlzRTBuSUNabmE5RVdRZG80N3BzdUFvUdIBjwFBVV95cUxOUmR2Z3JPQW9Od3d6Z2x4ZVoxYmlxd1U1OWRSMUxjU0hNNVJYeEFDdWhsbFlaWmszd01uYjhOVUtKbUR5cFUtdU5XdDgwOVpZM0FRZ0Y0MGNDTHpsSnFyWjdONmU2RER2SUhLa3NqYW5odTJPMUdyYjNFSHZqalNPNUR5a3FVT3JWVnFzUkY3RQ?oc=5,https://news.google.com/rss/search?q=feminicidio+hijos+menores+M%C3%A9xico&hl=es-419&gl=MX&ceid=MX:es-419,2024-10-16T07:00:00+00:00,0.5,0.0,0.3025,Media,No,1,sentencian a 39 an os de ca rcel a el amado implicado en feminicidio de abril pe rez sagao n milenio,sentencian a 39 an os de ca rcel a el amado implicado en feminicidio de abril pe rez sagao n milenio,sentencian a 39 an os de ca rcel a el amado implicado en feminicidio de abril pe rez sagao n milenio sentencian a 39 an os de ca rcel a el amado implicado en feminicidio de abril pe rez sagao n milenio sentencian a 39 an os de ca rcel a el amado implicado en feminicidio de abril pe rez sagao n milenio,2,0.8767911478140231,feminicidio hue rfanos rfanos hue rfanos feminicidio,168,0.07258706706716231,0.0017570325003653617,0.1822,Baja
¿Qué repara la reparación integral? Femicidio y orfandad en Ecuador - Scielo.cl,¿Qué repara la reparación integral? Femicidio y orfandad en Ecuador Scielo.cl,https://news.google.com/rss/articles/CBMihgFBVV95cUxQSmIyRDAyUUUwTkNTQW5iUmc3SExQNGVUWFFsTmxJRWxhckxObWpZdjJKeGVDUzNic2EtYUJFWk1CWFJOTklhV3FaUGZSbXozdUVoNF9IOUpYa1ZWR3h4WWdlNFotRms5Q0F0eUR5OEJROFpNOE0zSGtyOHJoLXFtTk5zV2xQUQ?oc=5,https://news.google.com/rss/search?q=feminicidio+NNA+victimas+indirectas&hl=es-419&gl=MX&ceid=MX:es-419,2024-09-15T16:50:15+00:00,0.5,0.5,0.93,Alta,Si,1,que repara la reparacio n integral femicidio y orfandad en ecuador scielo cl,que repara la reparacio n integral femicidio y orfandad en ecuador scielo cl,que repara la reparacio n integral femicidio y orfandad en ecuador scielo cl que repara la reparacio n integral femicidio y orfandad en ecuador scielo cl que repara la reparacio n integral femicidio y orfandad en ecuador scielo cl,3,0.8307116156295397,feminicidio vi nin vi ctimas ctimas,240,0.12196207503657835,0.04265513471649714,0.5751,Alta
65 menores en orfandad por feminicidios en SLP - La Orquesta,65 menores en orfandad por feminicidios en SLP La Orquesta,https://news.google.com/rss/articles/CBMieEFVX3lxTE5oV21tdk1nMmwzMG5rWEZybTg3c0k2aEVBY2d6SGhTS0gzUFRPNFhVUlF0U1RWSWNKUjZYb3FPU3F5QnJnX3VTX241bDhaSjM2eHhFNEpvSWJiaENmeUpodG84WDl4cm8wVjdhQW1JZF9idVhCal9Ldg?oc=5,https://news.google.com/rss/search?q=orfandad+feminicidio+menores&hl=es-419&gl=MX&ceid=MX:es-419,2024-09-09T07:00:00+00:00,0.0,0.6078,0.3282,Media,Si,1,65 menores en orfandad por feminicidios en slp la orquesta,65 menores en orfandad por feminicidios en slp la orquesta,65 menores en orfandad por feminicidios en slp la orquesta 65 menores en orfandad por feminicidios en slp la orquesta 65 menores en orfandad por feminicidios en slp la orquesta,5,0.8208429746582324,feminicidio mx com orfandad cimacnoticias,317,0.19257926374945838,0.03644437784309568,0.2115,Baja
"Con más de 500 casos, solo 240 víctimas de feminicidio reciben apoyo del Gobierno - El Sol de México","Con más de 500 casos, solo 240 víctimas de feminicidio reciben apoyo del Gobierno El Sol de México",https://news.google.com/rss/articles/CBMixgFBVV95cUxOUHJCRFd0M1dpQV8wME1tdG5xODZGV1RiNnpqdzE3Q3pHaV9oak1SVzlOelNORGlVX2hCSFhqellfbDM1b2k2Snk2a29kbThsRDZSdGFRYXVyYW8zWDZLTjRnX1I2VGxyM0ZBTUJOTEtEUHp1clNsbGY4ZzIxSlhvTVpheFhIUTVYMVA2NlE5cjFJd1laN0s2WXJ3d2d1OFNMVHV6WHQzbC0tX2FpNHhjQUY3N2xlazFqNkFMejZVWHZpQWZjV1E?oc=5,https://news.google.com/rss/search?q=%22v%C3%ADctimas+indirectas%22+feminicidio&hl=es-419&gl=MX&ceid=MX:es-419,2024-07-23T07:00:00+00:00,0.5,0.0,0.3025,Media,No,0,con ma s de 500 casos solo 240 vi ctimas de feminicidio reciben apoyo del gobierno el sol de me xico,con ma s de 500 casos solo 240 vi ctimas de feminicidio reciben apoyo del gobierno el sol de me xico,con ma s de 500 casos solo 240 vi ctimas de feminicidio reciben apoyo del gobierno el sol de me xico con ma s de 500 casos solo 240 vi ctimas de feminicidio reciben apoyo del gobierno el sol de me xico con ma s de 500 casos solo 240 vi ctimas de feminicidio reciben apoyo del gobierno el sol de me xico,4,0.8606863836791812,hue hue rfanos rfanos feminicidio rfanos feminicidio,226,0.13826822248022136,0.0017761928363529403,0.1822,Baja
"Atienden a mil 293 menores en orfandad por feminicidio - La Prensa | Noticias policiacas, locales, nacionales - El Sol de México","Atienden a mil 293 menores en orfandad por feminicidio - La Prensa | Noticias policiacas, locales, nacionales El Sol de México",https://news.google.com/rss/articles/CBMipAFBVV95cUxQOElTUjRhUTg0dlNyWmhwdDlUYWUzbEZXMjlSb1ZEdExZSHNZcTZSNGo5SkRIS3I0WlVMSW1EM0VJdkJ4TUtyQzNGdmNIZkFoLTgtbGNLMTZvSnlGS1VJUG5zSG9GTmJZOGI5QmxLMnRrTXRURTh2NlZuS0xpVzV0ZVRGNzhTcDJ4N21MSmFvT3hhWUJ3QTZBLXFtVHREWGlGZlRrWA?oc=5,https://news.google.com/rss/search?q=orfandad+feminicidio+menores&hl=es-419&gl=MX&ceid=MX:es-419,2024-07-02T07:00:00+00:00,0.5,0.6078,1.0,Alta,Si,1,atienden a mil 293 menores en orfandad por feminicidio la prensa noticias policiacas locales nacionales el sol de me xico,atienden a mil 293 menores en orfandad por feminicidio la prensa noticias policiacas locales nacionales el sol de me xico,atienden a mil 293 menores en orfandad por feminicidio la prensa noticias policiacas locales nacionales el sol de me xico atienden a mil 293 menores en orfandad por feminicidio la prensa noticias policiacas locales nacionales el sol de me xico atienden a mil 293 menores en orfandad por feminicidio la prensa noticias policiacas locales nacionales el sol de me xico,1,0.8712000661042177,feminicidio ctimas vi ctimas vi rfanos,266,0.12252452006135414,0.029074294422494838,0.6116,Alta
"Educación para menores en orfandad, está garantizada en la CDMX - El Sol de México","Educación para menores en orfandad, está garantizada en la CDMX El Sol de México",https://news.google.com/rss/articles/CBMirwFBVV95cUxOUXowRGdXTE9vZGxUZVNrWExYNk04TU1uS1d6bS1lZUozWmoxM05ZNjdIelRSMlBxTlNzTXZGZUVVN0RGN3haLVB1Y3ZVc0l2akpFeXlZczVPWmxRbnRFbDh1Tk82Z1hpYjYwN05aV2hTdnVWc1ByOGxiOXBrMXc4aHMxT2h2Z3pEZC1LSlhrX3lvZmhNVW9NMnRLQ2xqRWNISEQ4ZTVIWFc5akxibE44?oc=5,https://news.google.com/rss/search?q=orfandad+feminicidio+menores&hl=es-419&gl=MX&ceid=MX:es-419,2024-06-27T07:00:00+00:00,0.0,0.6078,0.2735,Baja,Si,1,educacio n para menores en orfandad esta garantizada en la cdmx el sol de me xico,educacio n para menores en orfandad esta garantizada en la cdmx el sol de me xico,educacio n para menores en orfandad esta garantizada en la cdmx el sol de me xico educacio n para menores en orfandad esta garantizada en la cdmx el sol de me xico educacio n para menores en orfandad esta garantizada en la cdmx el sol de me xico,1,0.8283812010825178,feminicidio ctimas vi ctimas vi rfanos,254,0.2253226677722797,0.03624013545379769,0.1786,Baja
Edomex otorga apoyo económico a niños y adolescentes en orfandad por feminicidio y desaparición - MILENIO,Edomex otorga apoyo económico a niños y adolescentes en orfandad por feminicidio y desaparición MILENIO,https://news.google.com/rss/articles/CBMipwFBVV95cUxNNTBwMS1sc1l5RVlsb3lKVkFCdmpFS1NjSVh0RXdsaXlLTTlqMmZFdHRnQzd4NFFaY1FwLTVKV0xJckE5aUNDWUplekU2MU5uTGJUMzkySThsVEdXSnN6SUpFSlhTVmIyZy1zZEtkTVk1NXIydVg4UFhkTEdTTlhBd3N6cnJPZnpRTDhKTlJ2aGZBQVhPZGdpQjVIdXVKZ3UwNnNac01VNNIBpwFBVV95cUxQbVpualZrbmRxNXUxanpEWWR1UUNFaTVaXzluQmRKNEZxX2E5UXY4OWFXZHlGZ3hiRUJnTjJJaEFmbHpZdGQ0MUozVl9BVk43VDY0amFtQl9HUG4tcFVNQ3Q4allBS3JmVFZScGV6VzFUT0RlVktEREZGVG5LWUR0aThUZ0Y1dkFzUktYbF90bUQ4N2hpU1lKaWJrS0EtUTFDTDFxZzVDMA?oc=5,https://news.google.com/rss/search?q=orfandad+feminicidio+menores&hl=es-419&gl=MX&ceid=MX:es-419,2024-06-16T07:00:00+00:00,0.5,0.6,1.0,Alta,Si,1,edomex otorga apoyo econo mico a nin os y adolescentes en orfandad por feminicidio y desaparicio n milenio,edomex otorga apoyo econo mico a nin os y adolescentes en orfandad por feminicidio y desaparicio n milenio,edomex otorga apoyo econo mico a nin os y adolescentes en orfandad por feminicidio y desaparicio n milenio edomex otorga apoyo econo mico a nin os y adolescentes en orfandad por feminicidio y desaparicio n milenio edomex otorga apoyo econo mico a nin os y adolescentes en orfandad por feminicidio y desaparicio n milenio,1,0.8684353508244457,feminicidio ctimas vi ctimas vi rfanos,166,0.2681582241570244,0.03327074899095793,0.6133,Alta
"Apoyos a huérfanos por feminicidio en Michoacán, desde 2022: Seimujer - MiMorelia.com","Apoyos a huérfanos por feminicidio en Michoacán, desde 2022: Seimujer MiMorelia.com",https://news.google.com/rss/articles/CBMiugFBVV95cUxQRFJFRmItT19UT1RJcUlzUnZfWjNWY2JYdzllazhQV0EydGdNT2x2Sy1HbGNlZ1F5RlFRR043MEEtSndYWWlnenYzYW1Sb0FtX3dpLTlHUTVnaFhEUmtqWlZScnFRUDNXY1kwQkdkSHR3ZDJvZFRnUG4wM05wWjVDMXB2VFh0cEx3M1ZxTnp4MEoxbFBQb0xKMDhXZk9XMEI1dEpSLThGVmtnT0Z0V19VRUhWd3psVFVVZUHSAccBQVVfeXFMTm9BdVNFSzZjcWdUSVNBQ01oWFllQ1BWaUlEcVFQdTVROHN0WWJiMXIyenlDaEo1Ni1KVWJnYWx4QS1fNU04TXo0ZkpIUmNZY3RrVmZHRmI4elRNeEFmQmIzWWlQUWFLQUdlemE2dHhyeFpUUnNmVTNHRVgycGltV0N5dmdOMnJMbkpWNWcxcGNzcW1GVk81alcxMGFBWEh1cUcyd0FndEpHbjBFRG9mM0IzX1N1Tk5MWWpwNkl0Qi1VTDJ4MHI1cw?oc=5,https://news.google.com/rss/search?q=%22v%C3%ADctimas+indirectas%22+feminicidio&hl=es-419&gl=MX&ceid=MX:es-419,2024-06-13T07:00:00+00:00,0.5,0.0,0.3025,Media,No,3,apoyos a hue rfanos por feminicidio en michoaca n desde 2022 seimujer mimorelia com,apoyos a hue rfanos por feminicidio en michoaca n desde 2022 seimujer mimorelia com,apoyos a hue rfanos por feminicidio en michoaca n desde 2022 seimujer mimorelia com apoyos a hue rfanos por feminicidio en michoaca n desde 2022 seimujer mimorelia com apoyos a hue rfanos por feminicidio en michoaca n desde 2022 seimujer mimorelia com,4,0.8350278545107065,hue hue rfanos rfanos feminicidio rfanos feminicidio,57,0.23744884127940086,0.00219297071920467,0.1824,Baja
"Siete feminicidios deja 16 niños, niñas y adolescentes en la orfandad - ATB Digital","Siete feminicidios deja 16 niños, niñas y adolescentes en la orfandad ATB Digital",https://news.google.com/rss/articles/CBMipgFBVV95cUxQbGF1c0RaNFN5bjFXcUQ1WEpHd1FNVlFoOUtxM0ZwX0xKLUZ6aUR1N29sQXkyR3FMNVFTWURrYWk2U05XdXJqSTM1Qy00b2NtMkV5cHNhUktpenU2YXJmVkl3cFZBekJSaC01YnpLU3dJVkZmdWU1VFdrVHkwNjZvb2lmQXE1Y0tta2dhR2lUXzlRcHQtSEZIUVgtWk9EWkJmT1RjZDB3?oc=5,https://news.google.com/rss/search?q=orfandad+feminicidio+menores&hl=es-419&gl=MX&ceid=MX:es-419,2024-06-11T07:00:00+00:00,0.0,0.6,0.324,Media,Si,2,siete feminicidios deja 16 nin os nin as y adolescentes en la orfandad atb digital,siete feminicidios deja 16 nin os nin as y adolescentes en la orfandad atb digital,siete feminicidios deja 16 nin os nin as y adolescentes en la orfandad atb digital siete feminicidios deja 16 nin os nin as y adolescentes en la orfandad atb digital siete feminicidios deja 16 nin os nin as y adolescentes en la orfandad atb digital,3,0.8678595072908507,feminicidio vi nin vi ctimas ctimas,286,0.2809286967049376,0.029793744097707364,0.2063,Baja
Urgen padrón de infantes en orfandad por feminicidios en Veracruz - Crónica de Xalapa,Urgen padrón de infantes en orfandad por feminicidios en Veracruz Crónica de Xalapa,https://news.google.com/rss/articles/CBMingFBVV95cUxQZFEtYzRnMzQzLXBXVFNuVGFuSFhEcXoyeWVuanRoYWdEWjdiZlZoU0dMRVBhOTAyeTRJMm42Z1lzR2o1OVVfQkVaWjl5Ni11d3RkbGFJMUNDTm16dldVbzBtbG9KMnNhSl9Mc2RLblFjSEp1NTJCMVZ4ZFczY1RwdzIxeG9DZDd6TGc0WFhPZEdIVTk0Tkk2TTZrOTh3UQ?oc=5,https://news.google.com/rss/search?q=orfandad+feminicidio+menores&hl=es-419&gl=MX&ceid=MX:es-419,2024-05-10T07:00:00+00:00,0.0,0.5918,0.3196,Media,Si,1,urgen padro n de infantes en orfandad por feminicidios en veracruz cro nica de xalapa,urgen padro n de infantes en orfandad por feminicidios en veracruz cro nica de xalapa,urgen padro n de infantes en orfandad por feminicidios en veracruz cro nica de xalapa urgen padro n de infantes en orfandad por feminicidios en veracruz cro nica de xalapa urgen padro n de infantes en orfandad por feminicidios en veracruz cro nica de xalapa,5,0.8544588727864529,feminicidio mx com orfandad cimacnoticias,317,0.15619876812985473,0.011850889679003692,0.1965,Baja
Infancias abandonadas: la realidad de las y los huérfanos por feminicidio - IBERO Puebla,Infancias abandonadas: la realidad de las y los huérfanos por feminicidio IBERO Puebla,https://news.google.com/rss/articles/CBMiaEFVX3lxTFBEd21YWm9aRDR1N1ZXbUhPUDJwNklyckx0RnR4LVNoYk9QTV9RZ184S1pFeEZZNmNwQ1VXWHdoSFk0OHZQaV9aZWlGMjAxSFdJUXMyOUlVSFlrX1dXNDVzUFZqVFUzdHZy?oc=5,https://news.google.com/rss/search?q=feminicidio+M%C3%A9xico&hl=es-419&gl=MX&ceid=MX:es-419,2024-05-07T07:00:00+00:00,0.5,0.0,0.3025,Media,No,3,infancias abandonadas la realidad de las y los hue rfanos por feminicidio ibero puebla,infancias abandonadas la realidad de las y los hue rfanos por feminicidio ibero puebla,infancias abandonadas la realidad de las y los hue rfanos por feminicidio ibero puebla infancias abandonadas la realidad de las y los hue rfanos por feminicidio ibero puebla infancias abandonadas la realidad de las y los hue rfanos por feminicidio ibero puebla,3,0.8354199042951128,feminicidio vi nin vi ctimas ctimas,81,0.0818811910253454,0.0025724903449557694,0.1825,Baja
Huérfanos por feminicidio en México. Los olvidados por el gobierno - Connectas,Huérfanos por feminicidio en México. Los olvidados por el gobierno Connectas,https://news.google.com/rss/articles/CBMilwFBVV95cUxNTVNPLVduNklFNlE0MTlFZ2RwQkU4aEs2VW9hMFE4OTk3bmFLd3RLZE1TOTU2cW5jNEJ1Y3dkWGdPSGZfY2Y3TDgwb2U2ZUI2OEJfVFVPSXJZLUFsVnl2V2dWRFltSGNoY1Q0VERQMjd6b2t2alg4NWQ0V1d5c3R6NFdXX1NPdkdFZjJ2aS1OeE1VNzdVRWRZ?oc=5,https://news.google.com/rss/search?q=orfandad+feminicidio+menores&hl=es-419&gl=MX&ceid=MX:es-419,2024-04-30T14:01:32+00:00,0.5,0.0,0.3025,Media,No,3,hue rfanos por feminicidio en me xico los olvidados por el gobierno connectas,hue rfanos por feminicidio en me xico los olvidados por el gobierno connectas,hue rfanos por feminicidio en me xico los olvidados por el gobierno connectas hue rfanos por feminicidio en me xico los olvidados por el gobierno connectas hue rfanos por feminicidio en me xico los olvidados por el gobierno connectas,4,0.8265297233336637,hue hue rfanos rfanos feminicidio rfanos feminicidio,273,0.6258213595405138,0.002863496716559395,0.1826,Baja
Huérfanos por feminicidio en abandono gubernamental - Proceso,Huérfanos por feminicidio en abandono gubernamental Proceso,https://news.google.com/rss/articles/CBMirgFBVV95cUxPYklyenN5LUUwWkZNZWFWYUNqV2dHZWs0d3MtRVdNNkFwN2JpUVZlMHdXSXJZUVlHVVJsWG9pNDI0Vjd4RzlnZ0pld3JQYXpCQ3V5R1p4QURtaDIxMGhwTXctQS1oUkt2eEowUWNlZ2FpdktmTHM2b0VjcXpfZUg4ZGQwb3YtQVpnTGh3QTNyNWZjcWdMMHRIWkIxN1Q1U0dLQ0loejNNMkllSFhwV1HSAa4BQVVfeXFMT2JJcnpzeS1FMFpGTWVhVmFDaldnR2VrNHdzLUVXTTZBcDdiaVFWZTB3V0lyWVFZR1VSbFhvaTQyNFY3eEc5Z2dKZXdyUGF6QkN1eUdaeEFEbWgyMTBocE13LUEtaFJLdnhKMFFjZWdhaXZLZkxzNm9FY3F6X2VIOGRkMG92LUFaZ0xod0EzcjVmY3FnTDB0SFpCMTdUNVNHS0NJaHozTTJJZUhYcFdR?oc=5,https://news.google.com/rss/search?q=orfandad+feminicidio+menores&hl=es-419&gl=MX&ceid=MX:es-419,2024-04-30T07:00:00+00:00,0.5,0.0,0.3025,Media,No,3,hue rfanos por feminicidio en abandono gubernamental proceso,hue rfanos por feminicidio en abandono gubernamental proceso,hue rfanos por feminicidio en abandono gubernamental proceso hue rfanos por feminicidio en abandono gubernamental proceso hue rfanos por feminicidio en abandono gubernamental proceso,2,0.8113889932619717,feminicidio hue rfanos rfanos hue rfanos feminicidio,226,0.18899914596335654,0.0028562527259174252,0.1826,Baja
Huérfanos por feminicidio en México: olvidados por el gobierno - Animal Politico,Huérfanos por feminicidio en México: olvidados por el gobierno Animal Politico,https://news.google.com/rss/articles/CBMimgFBVV95cUxQZUpENE1wYktyNlc4dWd3UFZlaGhmM192eTh0VlRJdkJOR0YzdDI2b2Y3cHhZOUNKQnpNcHZ0enZNU0hQWFREQkJmMXNpRG8wWnBiaDF6QXFseER2c1JmaWg1cGJsUHljWmY3eVFTQWMtTkhiX3VybHhVRDRzRHl3SEh2WnlsMzlTX0JmQWp2UTFLWUtfOEtnYjRB?oc=5,https://news.google.com/rss/search?q=feminicidio+hijos+hu%C3%A9rfanos&hl=es-419&gl=MX&ceid=MX:es-419,2024-04-30T07:00:00+00:00,0.5,0.0,0.3025,Media,No,3,hue rfanos por feminicidio en me xico olvidados por el gobierno animal politico,hue rfanos por feminicidio en me xico olvidados por el gobierno animal politico,hue rfanos por feminicidio en me xico olvidados por el gobierno animal politico hue rfanos por feminicidio en me xico olvidados por el gobierno animal politico hue rfanos por feminicidio en me xico olvidados por el gobierno animal politico,4,0.8518481904215633,hue hue rfanos rfanos feminicidio rfanos feminicidio,272,0.6258213595405138,0.0024024407205972343,0.1825,Baja
"Feminicidio infantil, otro mal endémico en América Latina - DW.com","Feminicidio infantil, otro mal endémico en América Latina DW.com",https://news.google.com/rss/articles/CBMioAFBVV95cUxOa0puSzB1YTh4eHR5SnFwM1lmNW1KUF9FVVFGNDFGalk5X2xZTkVHSkJBYjNXSlR4cENJZ1c0c29aTWZzcXFIS3JLbXctLXkteEc3VjdOUHVSdzRtaURQcFM1RDFFY2hnOVZIRnVnSVRtU0NEVW1WTXItaTVJV1VQaWtXdWJHWGJhVEE3a3VYM0pNYkY3NHcwcFZjV2hWaXlG0gGgAUFVX3lxTE9lZ1Y2Mk5aZkh4MHZlTmZhTUxJcEwzaVhSdWNvUnNDVDNyclpHQmFVbXJWZFJ2eG8wWmdGU1FKTlBuTUxtQjNVR3E3UWRyNWRCWW1tVjR1N3c4SWRwekcyNGYwTG96TVRpMzBmMVhJQkl6dDdHVDBqODBqUlBQdGxPcnVxakpUUlBVU25oMkdrYzJuTnQtM0NTWnVIcXVmWmw?oc=5,https://news.google.com/rss/search?q=feminicidio+ni%C3%B1os+ni%C3%B1as&hl=es-419&gl=MX&ceid=MX:es-419,2024-04-25T07:00:00+00:00,0.5,0.3103,0.707,Alta,Si,1,feminicidio infantil otro mal ende mico en ame rica latina dw com,feminicidio infantil otro mal ende mico en ame rica latina dw com,feminicidio infantil otro mal ende mico en ame rica latina dw com feminicidio infantil otro mal ende mico en ame rica latina dw com feminicidio infantil otro mal ende mico en ame rica latina dw com,5,0.8472635990295004,feminicidio mx com orfandad cimacnoticias,72,0.2715552727912205,0.0023776812123126817,0.4252,Alta
Una ley en Bolivia busca proteger a huérfanos por feminicidio - efeminista,Una ley en Bolivia busca proteger a huérfanos por feminicidio efeminista,https://news.google.com/rss/articles/CBMiaEFVX3lxTE9FMXM4YUtydkYyaWVRTGp6dkI0dGlYZ0JXbnRkVmxGSk5vdFdRV1IyeElkcHVwUnVKSi1hRUVJWHQ0QjJKUFlKb3pBUk4tUk1YenRwMk5oU0REdkFLOERjRGRZNXJuWDZa?oc=5,https://news.google.com/rss/search?q=orfandad+feminicidio+menores&hl=es-419&gl=MX&ceid=MX:es-419,2024-04-16T07:00:00+00:00,0.5,0.0,0.3025,Media,No,3,una ley en bolivia busca proteger a hue rfanos por feminicidio efeminista,una ley en bolivia busca proteger a hue rfanos por feminicidio efeminista,una ley en bolivia busca proteger a hue rfanos por feminicidio efeminista una ley en bolivia busca proteger a hue rfanos por feminicidio efeminista una ley en bolivia busca proteger a hue rfanos por feminicidio efeminista,1,0.8221894097063813,feminicidio ctimas vi ctimas vi rfanos,106,0.3376571706179063,0.002603227729100202,0.1825,Baja
"Garantizar seguridad social a hijos e hijas de madres víctimas de feminicidio, demandan en el Senado - senado.gob","Garantizar seguridad social a hijos e hijas de madres víctimas de feminicidio, demandan en el Senado senado.gob",https://news.google.com/rss/articles/CBMi_gFBVV95cUxQRUtpUjZZcHFzYWRLSFV3ODVvUFBTOUxLN1IwYTFJOWgtUnBUVGg1bGUyWExTOV9jaGpta2d1UEJzQm1IaEF5RVdjODgxMzVUMmxGd2tHRklrbXFWT0doVWtpSDBPd29SOE5MLXRSZjVBQUVDc2VQMHFiN3BzS0tYUUthZjFGZTdiQXYyX21WQTlOcG1iWUhpNVZabnRJTXlPdU1PTm5ZUkk2MkR6V3IyMXV6UjA4OTZPaW96UDRLd1BSV19XUkZENmRTUHNZREdSNS1tdU9fVzdlNGI5R0EtTjRNTmEzN1RQUWxfRWo2Tjhob1pidTgybWZLeHUyZw?oc=5,https://news.google.com/rss/search?q=%22v%C3%ADctimas+indirectas%22+feminicidio&hl=es-419&gl=MX&ceid=MX:es-419,2024-04-14T07:00:00+00:00,0.5,0.5455,0.968,Alta,Si,0,garantizar seguridad social a hijos e hijas de madres vi ctimas de feminicidio demandan en el senado senado gob,garantizar seguridad social a hijos e hijas de madres vi ctimas de feminicidio demandan en el senado senado gob,garantizar seguridad social a hijos e hijas de madres vi ctimas de feminicidio demandan en el senado senado gob garantizar seguridad social a hijos e hijas de madres vi ctimas de feminicidio demandan en el senado senado gob garantizar seguridad social a hijos e hijas de madres vi ctimas de feminicidio demandan en el senado senado gob,3,0.8683682253499465,feminicidio vi nin vi ctimas ctimas,249,0.13731400325652335,0.07166730744197028,0.6095,Alta
Congreso aprueba reforma para proteger a infantes en orfandad por feminicidio - Congreso de la Ciudad de México,Congreso aprueba reforma para proteger a infantes en orfandad por feminicidio Congreso de la Ciudad de México,https://news.google.com/rss/articles/CBMivAFBVV95cUxNTFRZX3FDWlpkRlktRFJ0WEFjX0VGaUdYcnA2QnB4bmVUaU5CWk5fdUxiSmRsWENSV1BJaGVITkEtZFVnVXp0TUpmNG50bGxGbHR1SExqeGJRd2hfdERGUDJiR1dIenNtUnNyOXNTM29uaUhWNkZCTW91bEk2bEZDa3hYX0pjNUtTay0wRWpOS2NnWkgxbE1yYUdxVzhhTFo0R3RpOV9YMmlhejV1NWYtRVhobHpELUpvbmpINw?oc=5,https://news.google.com/rss/search?q=feminicidio+ni%C3%B1os+ni%C3%B1as&hl=es-419&gl=MX&ceid=MX:es-419,2024-03-25T07:00:00+00:00,0.5,0.5918,1.0,Alta,Si,1,congreso aprueba reforma para proteger a infantes en orfandad por feminicidio congreso de la ciudad de me xico,congreso aprueba reforma para proteger a infantes en orfandad por feminicidio congreso de la ciudad de me xico,congreso aprueba reforma para proteger a infantes en orfandad por feminicidio congreso de la ciudad de me xico congreso aprueba reforma para proteger a infantes en orfandad por feminicidio congreso de la ciudad de me xico congreso aprueba reforma para proteger a infantes en orfandad por feminicidio congreso de la ciudad de me xico,3,0.8518936007972023,feminicidio vi nin vi ctimas ctimas,217,0.5381992943432349,0.012416403614839755,0.605,Alta
Te explicamos cómo funciona el programa Canasta Alimentaria para Víctimas (indirectas) de Feminicidio y Desaparición - AD Noticias,Te explicamos cómo funciona el programa Canasta Alimentaria para Víctimas (indirectas) de Feminicidio y Desaparición AD Noticias,https://news.google.com/rss/articles/CBMifkFVX3lxTE5Ld3h6REJ1MlR3U3N4LVEtZ1VYS1RGajlVeVBUWlFkWUo3U1RrdWpkTEg5REVWM0dyWnZiQWZrN2FnWG1wRWxJLXctVmJqRUphU1VSS2FIMlZ5WDR6QnZSd2Q4U2VHYUVjc2RKSlY3NmVUN01uTmZmX3loczl6Zw?oc=5,https://news.google.com/rss/search?q=%22v%C3%ADctimas+indirectas%22+feminicidio&hl=es-419&gl=MX&ceid=MX:es-419,2024-03-04T08:00:00+00:00,0.5,0.0,0.3025,Media,No,0,te explicamos co mo funciona el programa canasta alimentaria para vi ctimas indirectas de feminicidio y desaparicio n ad noticias,te explicamos co mo funciona el programa canasta alimentaria para vi ctimas indirectas de feminicidio y desaparicio n ad noticias,te explicamos co mo funciona el programa canasta alimentaria para vi ctimas indirectas de feminicidio y desaparicio n ad noticias te explicamos co mo funciona el programa canasta alimentaria para vi ctimas indirectas de feminicidio y desaparicio n ad noticias te explicamos co mo funciona el programa canasta alimentaria para vi ctimas indirectas de feminicidio y desaparicio n ad noticias,1,0.8700708738879618,feminicidio ctimas vi ctimas vi rfanos,70,0.22734170380312713,0.016937145259373763,0.1883,Baja
FGEO firma convenio con SEBIENTI para brindar acompañamiento y atención integral de víctimas indirectas de feminicidio - RiOaxaca,FGEO firma convenio con SEBIENTI para brindar acompañamiento y atención integral de víctimas indirectas de feminicidio RiOaxaca,https://news.google.com/rss/articles/CBMi6wFBVV95cUxOdkVTc180c0Rfd2dYUDAtQS1PSmpsVl9uM1VHYXhoblRuMkk0aktwTUtBVzZSUmRkUkJ6U2doazRjeDhaR3hsWUxBT2Z5SDR3TDRTRGp6cTNKLUZZWUo0SWF4ekpMMFdpQVN4U1ByRFFHSjFsUlVYV3F4azlzb3R5UTh6MUZ4OGtHWVdFWHFrZWpQRktBSHdCT1RacXNBXzNfUmJ4U2xyU29vRGhkZGVPZHhIVnhfMTI4X2IxdXhjT1QyOFg0YnRPaVItbFBWdmNQTnF4a1pUN2tlVTVsT1l2aDhmT1F6YUFHdk9J?oc=5,https://news.google.com/rss/search?q=%22v%C3%ADctimas+indirectas%22+feminicidio&hl=es-419&gl=MX&ceid=MX:es-419,2024-02-27T08:00:00+00:00,0.5,0.0,0.3025,Media,No,0,fgeo firma convenio con sebienti para brindar acompan amiento y atencio n integral de vi ctimas indirectas de feminicidio rioaxaca,fgeo firma convenio con sebienti para brindar acompan amiento y atencio n integral de vi ctimas indirectas de feminicidio rioaxaca,fgeo firma convenio con sebienti para brindar acompan amiento y atencio n integral de vi ctimas indirectas de feminicidio rioaxaca fgeo firma convenio con sebienti para brindar acompan amiento y atencio n integral de vi ctimas indirectas de feminicidio rioaxaca fgeo firma convenio con sebienti para brindar acompan amiento y atencio n integral de vi ctimas indirectas de feminicidio rioaxaca,1,0.8753850596655012,feminicidio ctimas vi ctimas vi rfanos,328,0.2373349520664215,0.01670593423036812,0.1882,Baja
Hay 157 niños en adopción en Guanajuato; uno es hijo de víctima de feminicidio - Periódico Correo,Hay 157 niños en adopción en Guanajuato; uno es hijo de víctima de feminicidio Periódico Correo,https://news.google.com/rss/articles/CBMi3AFBVV95cUxPV0FnVDlmRW0wVXZHV2pudGFWTVYtMnByZ2hHaGpJMEx0U3JndlFWVG1hRC1tY3BHU2ZMQW82R0tiRUx4TC1zbFE0X0xVVmlwbURuZXFFZTFZNGttcktxRTAzc3Z4dGVxWlJrSkRPMndFZTJsX280c0huVTJhU0MtS1dZdTRoOUlfZE00S0owZmZVNnlqdGpsT3lhd3F2U2hNRG1fNFJxVXRoSG5sUy1jd1BiZXhybndSajl1aUc4NXhtejczOEZkYW16UzBvVERKNFp4cVNxUVBQbWRR0gHiAUFVX3lxTE8zSW5EYktjcHJBUVpia0o5Z0pTcUxndjNXY1VQOTA2S2JmQUI0bV90OGFGVV9WeVZKaGFVRFlab3NnTDlNN0w3b2YtVGVzQkxYcEMtdENaWENrelhfb0ZsWExHZGRtWGw0RWR6SWo2Z2M0bGxWQ05DbGU2d09mVE5wLU1Sd0tiRkd5SlB0R1pKMENqQVFsdVRxaWN4UG1qbFVxa0lPbU5hNmw3WmkwdUM2ekNKSWJuOURpQ0NreTgtemNpek5iNGtXTGFwb3IxNEpfVGRaUm56T2JHandPMTZiQ2c?oc=5,https://news.google.com/rss/search?q=DIF+custodia+feminicidio+hijos&hl=es-419&gl=MX&ceid=MX:es-419,2024-02-19T08:00:00+00:00,0.5,0.375,0.8254,Alta,Si,0,hay 157 nin os en adopcio n en guanajuato uno es hijo de vi ctima de feminicidio perio dico correo,hay 157 nin os en adopcio n en guanajuato uno es hijo de vi ctima de feminicidio perio dico correo,hay 157 nin os en adopcio n en guanajuato uno es hijo de vi ctima de feminicidio perio dico correo hay 157 nin os en adopcio n en guanajuato uno es hijo de vi ctima de feminicidio perio dico correo hay 157 nin os en adopcio n en guanajuato uno es hijo de vi ctima de feminicidio perio dico correo,3,0.8669178249993202,feminicidio vi nin vi ctimas ctimas,193,0.16317321065537818,0.002009567333431624,0.496,Alta
Pobreza y violencia feminicida impactan en la calidad de vida de niñas en Oaxaca: EPU - Dialogos Oaxaca,Pobreza y violencia feminicida impactan en la calidad de vida de niñas en Oaxaca: EPU Dialogos Oaxaca,https://news.google.com/rss/articles/CBMisgFBVV95cUxNWEk5MG9wbTJMb2QyZ25BSDFFeEo2UFIyY0ZzRGRicmRFN0JNbU1nTDhBSGF1M0pWbTRXSGQ1S1l0b2pmZG9hZWYxcjlKb24yeXZvNTlGRlAyOEsxNzM5ek5FWkQ5aEpMUVZDdnRXZmc3YmZGYnNrNG1ULVJMZ2ROYXRlZU11NTVpbHY3SnhEdmlGajQwZjJwamp2Y2xGSGpZbjVxQ3NrbEVfT0Ntal9kdmZ3?oc=5,https://news.google.com/rss/search?q=%22violencia+feminicida%22+ni%C3%B1os&hl=es-419&gl=MX&ceid=MX:es-419,2024-01-17T08:00:00+00:00,0.5,0.0,0.3025,Media,No,2,pobreza y violencia feminicida impactan en la calidad de vida de nin as en oaxaca epu dialogos oaxaca,pobreza y violencia feminicida impactan en la calidad de vida de nin as en oaxaca epu dialogos oaxaca,pobreza y violencia feminicida impactan en la calidad de vida de nin as en oaxaca epu dialogos oaxaca pobreza y violencia feminicida impactan en la calidad de vida de nin as en oaxaca epu dialogos oaxaca pobreza y violencia feminicida impactan en la calidad de vida de nin as en oaxaca epu dialogos oaxaca,0,0.8588172857252168,feminicidio ctimas feminicidio vi ctimas feminicidio hijos orfandad,286,0.13050960623400212,0.061644323877419804,0.2062,Baja
"Impacto del femicidio en la vida de niños, niñas y adolescentes - Unicef","Impacto del femicidio en la vida de niños, niñas y adolescentes Unicef",https://news.google.com/rss/articles/CBMi0wFBVV95cUxPMTV6cWVob0xVbGdBcEJGbFA2cENncTFHQ2xmbWplNFRFT0ZDaEtLdFEyNk9jcVFZZnBiRWY2WFc2WXpPTEhnS1E5eThRbEhSRVBRc2t2NnQzOWxsbFRnOGhKOXE4UXFxNWhVVGZuY3R6MXMtZVR0MldCWnptcWUtblRYeFJBWkJZanNzY0xqUW5FUVVueThGek14bUtmSUY3R1R6VE5QSTZ3UURjeXp1cGV6aTRubldKYmZqUXgySWExcWRianMxeHRnaE9hclVoaklN?oc=5,https://news.google.com/rss/search?q=feminicidio+ni%C3%B1os+ni%C3%B1as&hl=es-419&gl=MX&ceid=MX:es-419,2024-01-12T18:05:49+00:00,0.5,0.3333,0.7246,Alta,Si,2,impacto del femicidio en la vida de nin os nin as y adolescentes unicef,impacto del femicidio en la vida de nin os nin as y adolescentes unicef,impacto del femicidio en la vida de nin os nin as y adolescentes unicef impacto del femicidio en la vida de nin os nin as y adolescentes unicef impacto del femicidio en la vida de nin os nin as y adolescentes unicef,3,0.8467829419612843,feminicidio vi nin vi ctimas ctimas,252,0.3846628443136273,0.05684558236105149,0.4575,Alta
Cuatro niños quedaron en la orfandad por el feminicidio de Wilma Quispe - El País Tarija,Cuatro niños quedaron en la orfandad por el feminicidio de Wilma Quispe El País Tarija,https://news.google.com/rss/articles/CBMiswFBVV95cUxQODl4R203allyUWw4MGJoTlY0cTB5T1duQ3lXUmc1cjZRaGNmUzlQRUhMbDZBOG9UUjRMNFR6ZVUyOTdseE5JQTRXdXlYS0NoTVNPenp1SC0zOFV0WWh3Uld2Y3VqNHp5NmZNN2RMQkY5bk96UkZBWVA3SWRKTG5VY2dqNTkwWmZNb3o5T1FwS3hYaU1lRE9DdDY5S05iU0pmNE1DYVh5d3Nla1locEE2ejYwZw?oc=5,https://news.google.com/rss/search?q=orfandad+feminicidio+menores&hl=es-419&gl=MX&ceid=MX:es-419,2024-01-09T08:00:00+00:00,0.5,0.5,0.93,Alta,Si,1,cuatro nin os quedaron en la orfandad por el feminicidio de wilma quispe el pai s tarija,cuatro nin os quedaron en la orfandad por el feminicidio de wilma quispe el pai s tarija,cuatro nin os quedaron en la orfandad por el feminicidio de wilma quispe el pai s tarija cuatro nin os quedaron en la orfandad por el feminicidio de wilma quispe el pai s tarija cuatro nin os quedaron en la orfandad por el feminicidio de wilma quispe el pai s tarija,4,0.8530103061150027,hue hue rfanos rfanos feminicidio rfanos feminicidio,314,0.22171747507928402,0.012718508034710802,0.5631,Alta
"POSICIONAMIENTO SOBRE EL FEMINICIDIO DE CAMILA COBOS EN CHIHUAHUA, URGE LA ALERTA DE GÉNERO. - Congreso del Estado de Chihuahua","POSICIONAMIENTO SOBRE EL FEMINICIDIO DE CAMILA COBOS EN CHIHUAHUA, URGE LA ALERTA DE GÉNERO. Congreso del Estado de Chihuahua",https://news.google.com/rss/articles/CBMibEFVX3lxTE4yeWZlWE0yWDdiZHBLNDkybktYMzVkODBWaWpic3RDQXRIT041VWFnS1FWd0F0amduU2dncFdfZDJwWGFJRGl6Z3NheXlBZ0NsTTJJdFJzU2hhajNyQ0wtX1MtM0tkUzVKU3RpNw?oc=5,https://news.google.com/rss/search?q=%22alerta+de+g%C3%A9nero%22+menores&hl=es-419&gl=MX&ceid=MX:es-419,2024-01-09T00:13:53+00:00,0.5,0.0,0.3025,Media,No,1,posicionamiento sobre el feminicidio de camila cobos en chihuahua urge la alerta de ge nero congreso del estado de chihuahua,posicionamiento sobre el feminicidio de camila cobos en chihuahua urge la alerta de ge nero congreso del estado de chihuahua,posicionamiento sobre el feminicidio de camila cobos en chihuahua urge la alerta de ge nero congreso del estado de chihuahua posicionamiento sobre el feminicidio de camila cobos en chihuahua urge la alerta de ge nero congreso del estado de chihuahua posicionamiento sobre el feminicidio de camila cobos en chihuahua urge la alerta de ge nero congreso del estado de chihuahua,5,0.8585180668317212,feminicidio mx com orfandad cimacnoticias,136,0.3071466371473408,0.03171761706065759,0.1942,Baja
¿Qué ocurre con los que quedan? Huérfanos por feminicidio en Colombia - Voragine,¿Qué ocurre con los que quedan? Huérfanos por feminicidio en Colombia Voragine,https://news.google.com/rss/articles/CBMisgFBVV95cUxNMmNuWXo4UU5BbHBBSEtCZExCUDM1X2FkcHJiRDFaNUlmNGFSRGtLUzg5QTE4ZUdVZU1BRlhDUDFGeTNhOEFtNFBiT0NySkVvamxjTDRZWF9aajl6QWFTNF8zUlMzUU4tcEFURWVpTk9ncUVvOE9JT1o4SUFJbjhjVDROemR0ZjI1MkI0OVpwaXN2Q2F4MFFDSDZkblI1WWx1eUVTMERYMjAwQlY5ZHNCRWxR?oc=5,https://news.google.com/rss/search?q=feminicidio+hijos+hu%C3%A9rfanos&hl=es-419&gl=MX&ceid=MX:es-419,2023-12-15T08:00:00+00:00,0.5,0.0,0.3025,Media,No,3,que ocurre con los que quedan hue rfanos por feminicidio en colombia voragine,que ocurre con los que quedan hue rfanos por feminicidio en colombia voragine,que ocurre con los que quedan hue rfanos por feminicidio en colombia voragine que ocurre con los que quedan hue rfanos por feminicidio en colombia voragine que ocurre con los que quedan hue rfanos por feminicidio en colombia voragine,3,0.8174566353719256,feminicidio vi nin vi ctimas ctimas,81,0.40347250898868803,0.0027946082911675827,0.1826,Baja
"Contra trata, pedofilia y feminicidio “llegamos tarde”, afirma Saskia Niño de Rivera - MILENIO","Contra trata, pedofilia y feminicidio “llegamos tarde”, afirma Saskia Niño de Rivera MILENIO",https://news.google.com/rss/articles/CBMikAFBVV95cUxNRjBKZE85S25kc09zTFRaeWsxZEpqcjh6OFg2TVl6WjBuY3VyMmZMNmRqVzJzZWw4N1VOZDU5Nmw4SDJWNWdWWmZaOWZfMEpTZ2E4WFh5cUJSWmRrRUQwalFNR0NfbzFwTmMxc2p3ajY1OXhxdl84UWk0R2F4am42Um1EQWs0cEVDZHByS3JWYUnSAZABQVVfeXFMT3hVa1p5eHVLR1JsLVZOcS1MZWItRDZCSGwzYjZoMjFGMEY5UzZJcl9sX0hVNzdiZnE2eTdfMmxqbmtiM0MwMDNqV2JqV3hWUUpKYjlyMmUtZElNM1N3YlQ5UkhUZVRUSHg0cWRINXRiN09Za25JUTF5REVvdzZoWEZFc3pXWHdaSTR3SmhWWTNT?oc=5,https://news.google.com/rss/search?q=feminicidio+hijos+menores+M%C3%A9xico&hl=es-419&gl=MX&ceid=MX:es-419,2023-11-28T08:00:00+00:00,0.5,0.0,0.3025,Media,No,1,contra trata pedofilia y feminicidio llegamos tarde afirma saskia nin o de rivera milenio,contra trata pedofilia y feminicidio llegamos tarde afirma saskia nin o de rivera milenio,contra trata pedofilia y feminicidio llegamos tarde afirma saskia nin o de rivera milenio contra trata pedofilia y feminicidio llegamos tarde afirma saskia nin o de rivera milenio contra trata pedofilia y feminicidio llegamos tarde afirma saskia nin o de rivera milenio,4,0.850192676398674,hue hue rfanos rfanos feminicidio rfanos feminicidio,145,0.0584800829270975,0.0021970339954217664,0.1824,Baja
Congreso trabaja en iniciativa contra la orfandad por casos de feminicidio en la CDMX - Infobae,Congreso trabaja en iniciativa contra la orfandad por casos de feminicidio en la CDMX Infobae,https://news.google.com/rss/articles/CBMixwFBVV95cUxPaGZWbXE3QzVFeEg0Skc2dFJjaXJjV1QwaGNYa1VoVm9qSU8ycTg1ZFJsczBpSThQSzMxQ21DSEJCMkk4OXdJZEVFbFdvOU1CZkhSS094SWFRcDk1NEFRSFlYTTRfWUNScjRHVHpJRWVmcS1QS2ZJT3hhSFluYWVLemZYZWEtcG5PT3pwVlhZbnNhVmVNa3N3ajdFMi1aYTRIMV9iaG5WQXRaTC1meWlIWklhTktMREJFOTBCLXNwZWJxY1NUWS040gHiAUFVX3lxTE5iUXpBck5MQ0k4Q2ZvUF9GaVFUNTVYR01ZU3lnMUVtVlFLQzlndk9wV3NuV0FBY28tcVhYdnFDRk8yTlZPOW52VDZINlpqbURLTHNsWGdybHhyOWVsZzFMMGxDM1pLeHVieEl0cTFyVExyVGxZNlFWSHVWUjlNSmRfOW5zVl9kM0toVXVGakh3cWROTlpVQjRBbVZ6VjlmVnFodXRITjNjQUxRaXVCdGhiUGR5VWxXa2tRODdvMjFlWkR3d1N4M3R5TTktd1lkOVliS0NUZ1hXSnVNOExwaWhTV0E?oc=5,https://news.google.com/rss/search?q=orfandad+feminicidio+menores&hl=es-419&gl=MX&ceid=MX:es-419,2023-11-01T07:00:00+00:00,0.5,0.5,0.93,Alta,Si,1,congreso trabaja en iniciativa contra la orfandad por casos de feminicidio en la cdmx infobae,congreso trabaja en iniciativa contra la orfandad por casos de feminicidio en la cdmx infobae,congreso trabaja en iniciativa contra la orfandad por casos de feminicidio en la cdmx infobae congreso trabaja en iniciativa contra la orfandad por casos de feminicidio en la cdmx infobae congreso trabaja en iniciativa contra la orfandad por casos de feminicidio en la cdmx infobae,5,0.8468454506089594,feminicidio mx com orfandad cimacnoticias,232,0.4069514351728425,0.014675320341012528,0.5639,Alta
Búsqueda de justicia por feminicidio en Tlaxcala tarda hasta 4 años: 'Es lenta y tortuosa' - MILENIO,Búsqueda de justicia por feminicidio en Tlaxcala tarda hasta 4 años: 'Es lenta y tortuosa' MILENIO,https://news.google.com/rss/articles/CBMioAFBVV95cUxPajZJdTVHSnBVdmFxa1ducC1PMVh1X09ZenBWVm1zUzBBejZfbnlJdDdQZUMyNnBkSzBDMmt2a1VQUkI0RGZEZFZHVW9qSV9IdExDTkQtMHMxSnFsbWJXT1hDSDdhQ0F5ckttMk1UMFF0Mkp5c3Z5T3liVXdKMzMydlVMdDZHMWxsNjNMOF9aTXctaGdKTDViWVRheWhnQjVV0gGgAUFVX3lxTE5uZzBENFM2QXJWTGpRLVpLSDBUY0RScy1Vc2ZaZUJJVWhjMUJ4MXo3eUZQVFNJckNLdFRVRVc0UVdhLTgzeklJX2cxcXhDT3pjWWdwVjh3TElsRWlxSVh1UXg2NzhPSWdJekdYVDhEWTUyWDgyRk5felBHOEJhdmc1M1dwOGc0ZlFkOWtuY2ZWel8xN2NXS3hJYU1pSHhnQzg?oc=5,https://news.google.com/rss/search?q=%22v%C3%ADctimas+indirectas%22+feminicidio&hl=es-419&gl=MX&ceid=MX:es-419,2023-10-28T07:00:00+00:00,0.5,0.0,0.3025,Media,No,1,bu squeda de justicia por feminicidio en tlaxcala tarda hasta 4 an os es lenta y tortuosa milenio,bu squeda de justicia por feminicidio en tlaxcala tarda hasta 4 an os es lenta y tortuosa milenio,bu squeda de justicia por feminicidio en tlaxcala tarda hasta 4 an os es lenta y tortuosa milenio bu squeda de justicia por feminicidio en tlaxcala tarda hasta 4 an os es lenta y tortuosa milenio bu squeda de justicia por feminicidio en tlaxcala tarda hasta 4 an os es lenta y tortuosa milenio,0,0.859367836387152,feminicidio ctimas feminicidio vi ctimas feminicidio hijos orfandad,160,0.1530389419560359,0.002025673909763358,0.1823,Baja
"DISMINUYE 30 POR CIENTO LA INCIDENCIA DEL DELITO DE FEMINICIDIO EN LA CIUDAD DE MÉXICO, ENTRE 2020 Y 2023 - semujeres.cdmx.gob.mx","DISMINUYE 30 POR CIENTO LA INCIDENCIA DEL DELITO DE FEMINICIDIO EN LA CIUDAD DE MÉXICO, ENTRE 2020 Y 2023 semujeres.cdmx.gob.mx",https://news.google.com/rss/articles/CBMi7AFBVV95cUxPWDMxaHB2SGJ6X1ZqeE9lcnpLT0ZOeFhnWXVfQjR5NV9rY0R2YmlfTzNnRzZZUlgzV0hXNk1Xa1Z4S0theU91SFlMdVYtMkRYLVdCTVZQdW9iWUFqd05wSVBWNjlLajRsY2toM1ZKejJWRklmQlJxRzh3aS1ua0c1NW92bWc2b0N5MmZLZHlfOHItNEtnY29leldJREtoUXAtSkhXbm1BaVJiYmVqZU5KbG41Vm5OeXA3M0oxcFZ4bHhmTTNyTGJlZm1YTDFzQUZLRENSb1VYRWtSX05PSlRnaXVTN29mcndaa012Mw?oc=5,https://news.google.com/rss/search?q=feminicidio+M%C3%A9xico&hl=es-419&gl=MX&ceid=MX:es-419,2023-08-23T07:00:00+00:00,0.5,0.0,0.3025,Media,No,1,disminuye 30 por ciento la incidencia del delito de feminicidio en la ciudad de me xico entre 2020 y 2023 semujeres cdmx gob mx,disminuye 30 por ciento la incidencia del delito de feminicidio en la ciudad de me xico entre 2020 y 2023 semujeres cdmx gob mx,disminuye 30 por ciento la incidencia del delito de feminicidio en la ciudad de me xico entre 2020 y 2023 semujeres cdmx gob mx disminuye 30 por ciento la incidencia del delito de feminicidio en la ciudad de me xico entre 2020 y 2023 semujeres cdmx gob mx disminuye 30 por ciento la incidencia del delito de feminicidio en la ciudad de me xico entre 2020 y 2023 semujeres cdmx gob mx,5,0.8642827238810892,feminicidio mx com orfandad cimacnoticias,78,0.1026198142616808,0.0015393788342846246,0.1821,Baja
Feminicidio de Dulce Gabriela: Había denunciado violencia vicaria y el asesinato de uno de sus hijos - El Financiero,Feminicidio de Dulce Gabriela: Había denunciado violencia vicaria y el asesinato de uno de sus hijos El Financiero,https://news.google.com/rss/articles/CBMi5gFBVV95cUxNUE1ORDJqR0k1bmc0WUxycEdPWVEzb1JkaV9NZlYtTHBwZFhVTTdzX1N3TUNKSFdjaDhoTG80SEV3LWUyU1Nzal9RN29KaVZVeHJTeVVsX0V3a0Qzd2M4TjcwUW1YYl96UTJzNi1kNDNhLUd0bUhuaU1wMnhHc2dzMm52SFVta0lsUHBVMUxRbGVod1VOaWs3SE15Rjk0MDBubkU3dVpONWlhS1N3QWFpQW9DdFU0VTF2ek9QT1MwOGJ2d3ZWR1h0VndMajFDaVhTeHgwQzBHbjFzaG5EdUl5MXowTmY0QQ?oc=5,https://news.google.com/rss/search?q=feminicidio+hijos+menores+M%C3%A9xico&hl=es-419&gl=MX&ceid=MX:es-419,2023-07-27T07:00:00+00:00,0.5,0.375,0.8254,Alta,Si,1,feminicidio de dulce gabriela habi a denunciado violencia vicaria y el asesinato de uno de sus hijos el financiero,feminicidio de dulce gabriela habi a denunciado violencia vicaria y el asesinato de uno de sus hijos el financiero,feminicidio de dulce gabriela habi a denunciado violencia vicaria y el asesinato de uno de sus hijos el financiero feminicidio de dulce gabriela habi a denunciado violencia vicaria y el asesinato de uno de sus hijos el financiero feminicidio de dulce gabriela habi a denunciado violencia vicaria y el asesinato de uno de sus hijos el financiero,0,0.8467948949378108,feminicidio ctimas feminicidio vi ctimas feminicidio hijos orfandad,16,0.06436504708668553,0.06205208860175626,0.5201,Alta
FGE participa en la elaboración de la “Guía de Creación y Fundamento de las Unidades de Análisis de contexto para Violencia Feminicida y Violencia contra las Mujeres”. - fiscaliaveracruz.gob.mx,FGE participa en la elaboración de la “Guía de Creación y Fundamento de las Unidades de Análisis de contexto para Violencia Feminicida y Violencia contra las Mujeres”. fiscaliaveracruz.gob.mx,https://news.google.com/rss/articles/CBMitAJBVV95cUxQQ1lKT0l5a2dnRjM0aHc5Q24zdXZPZjF5TVI1bU9nelRRNlU5OHc4aTYxdnhOTEpmMEJ3anVTbFZ4a0JuWHBkQjZfY2xzUzQyR0YxUDVzMi0wN2g5VVRGdVFQZFpVY056VExvSThnVXNDNUhSQnpma0NpZVJNZUZTSEhUZGJJcHpRQndPLVlVX2dUYVZWc3MzTVVILXl0eEswNFpnNHl0aEhvOFJPQnY5QThVTGl0VG52c2VuZUdCTnBTcDhfeDNyYkg0Vl9TNnZqUU05QTJwenlOLVlvd0E1RjRUanFFV2Z2YU9yUEhsVUYzekFBbWdacnRRTTljZ1lIczhNSGVEWmZGNW8tb2Zfa3dwRENDbC1yWEh1RTF3QnJzVVgxeWJvRkhQNXlfV0p6dEFRRw?oc=5,https://news.google.com/rss/search?q=%22violencia+feminicida%22+ni%C3%B1os&hl=es-419&gl=MX&ceid=MX:es-419,2023-07-19T07:00:00+00:00,0.5,0.0,0.3025,Media,No,1,fge participa en la elaboracio n de la gui a de creacio n y fundamento de las unidades de ana lisis de contexto para violencia feminicida y violencia contra las mujeres fiscaliaveracruz gob mx,fge participa en la elaboracio n de la gui a de creacio n y fundamento de las unidades de ana lisis de contexto para violencia feminicida y violencia contra las mujeres fiscaliaveracruz gob mx,fge participa en la elaboracio n de la gui a de creacio n y fundamento de las unidades de ana lisis de contexto para violencia feminicida y violencia contra las mujeres fiscaliaveracruz gob mx fge participa en la elaboracio n de la gui a de creacio n y fundamento de las unidades de ana lisis de contexto para violencia feminicida y violencia contra las mujeres fiscaliaveracruz gob mx fge participa en la elaboracio n de la gui a de creacio n y fundamento de las unidades de ana lisis de contexto para violencia feminicida y violencia contra las mujeres fiscaliaveracruz gob mx,1,0.8873233206728064,feminicidio ctimas vi ctimas vi rfanos,316,0.09589841705683314,0.1153687668526355,0.2276,Media
"“Vivimos para contarlo”, un documental que da voz a sobrevivientes de intento de feminicidio en México - UN News","“Vivimos para contarlo”, un documental que da voz a sobrevivientes de intento de feminicidio en México UN News",https://news.google.com/rss/articles/CBMiV0FVX3lxTE5wMWprUTF5RHMxUkFQb0dLYzhTQW1LWEQtTF80Nk0wTDVTdlhlUi1qcnBRZEVxWXBsOGpHbWFjRU9zdUZJTE9PT0lPbTRzSExkNks1U2Q2TQ?oc=5,https://news.google.com/rss/search?q=feminicidio+M%C3%A9xico&hl=es-419&gl=MX&ceid=MX:es-419,2023-07-03T07:00:00+00:00,0.5,0.0,0.3025,Media,No,1,vivimos para contarlo un documental que da voz a sobrevivientes de intento de feminicidio en me xico un news,vivimos para contarlo un documental que da voz a sobrevivientes de intento de feminicidio en me xico un news,vivimos para contarlo un documental que da voz a sobrevivientes de intento de feminicidio en me xico un news vivimos para contarlo un documental que da voz a sobrevivientes de intento de feminicidio en me xico un news vivimos para contarlo un documental que da voz a sobrevivientes de intento de feminicidio en me xico un news,3,0.8325679667095589,feminicidio vi nin vi ctimas ctimas,298,0.2759843982766859,0.0018118561528372046,0.1822,Baja
“Vivimos para contarlo”: sobrevivientes de intentos de feminicidio en México rompen el silencio - ohchr,“Vivimos para contarlo”: sobrevivientes de intentos de feminicidio en México rompen el silencio ohchr,https://news.google.com/rss/articles/CBMiowFBVV95cUxQaVJFTFh2cWRzRjNjWDduNGN0eGd4ZXhZaExoSVh0UVlja2FTMmdlUVJvQ2RxRTlRYnUtRlZYZnVBTzhYOXdjM1VGNER2U0lXVTlYX1ljdk1lVXYzMm1UT1EzRDVIVG9mSjZ4T2gxaDQ3YmtkYWNQdXhfLUltRHVNQ2toTzNJTVJXd00tY0ExblNVMzBKMldDbjNGbElDMmpUdTM0?oc=5,https://news.google.com/rss/search?q=feminicidio+M%C3%A9xico&hl=es-419&gl=MX&ceid=MX:es-419,2023-07-03T07:00:00+00:00,0.5,0.0,0.3025,Media,No,1,vivimos para contarlo sobrevivientes de intentos de feminicidio en me xico rompen el silencio ohchr,vivimos para contarlo sobrevivientes de intentos de feminicidio en me xico rompen el silencio ohchr,vivimos para contarlo sobrevivientes de intentos de feminicidio en me xico rompen el silencio ohchr vivimos para contarlo sobrevivientes de intentos de feminicidio en me xico rompen el silencio ohchr vivimos para contarlo sobrevivientes de intentos de feminicidio en me xico rompen el silencio ohchr,4,0.8404331735336272,hue hue rfanos rfanos feminicidio rfanos feminicidio,297,0.2759843982766859,0.0020692607283028202,0.1823,Baja
Feminicidio de Priscila: su familia busca recuperar a su hijo en manos de la familia de su asesino - La Silla Rota,Feminicidio de Priscila: su familia busca recuperar a su hijo en manos de la familia de su asesino La Silla Rota,https://news.google.com/rss/articles/CBMi5gFBVV95cUxPUDdHanJEdUlaZUtyLTlkYVdJSEhPNG9qX2xfbW16cFJhX25PUjcxSFRJdkZJdW1hSUZHZHlqWldFOVp6MGE1cEV1ZHR1Y1NpaUlTNHVTWHVDSHdNQkdCQnhaczhQX2hwTUJkT0dISGhZTkZicU5vdWsxYWN0NDd5aFNJMjV2VUhWRkV5Qm5BeVFEQS1ZNzZaZkstd0ZmcUtOLTdwUUVhamZ4bzNmbFBMRk5kLXB0VE5zTmRaVEFYSHluMG1MMkdSODJMTW9ibVFDVUk3N000blBKRG9kR2xpUG9obDFvZ9IB5gFBVV95cUxPUDdHanJEdUlaZUtyLTlkYVdJSEhPNG9qX2xfbW16cFJhX25PUjcxSFRJdkZJdW1hSUZHZHlqWldFOVp6MGE1cEV1ZHR1Y1NpaUlTNHVTWHVDSHdNQkdCQnhaczhQX2hwTUJkT0dISGhZTkZicU5vdWsxYWN0NDd5aFNJMjV2VUhWRkV5Qm5BeVFEQS1ZNzZaZkstd0ZmcUtOLTdwUUVhamZ4bzNmbFBMRk5kLXB0VE5zTmRaVEFYSHluMG1MMkdSODJMTW9ibVFDVUk3N000blBKRG9kR2xpUG9obDFvZw?oc=5,https://news.google.com/rss/search?q=DIF+custodia+feminicidio+hijos&hl=es-419&gl=MX&ceid=MX:es-419,2023-06-29T07:00:00+00:00,0.5,0.375,0.8254,Alta,Si,1,feminicidio de priscila su familia busca recuperar a su hijo en manos de la familia de su asesino la silla rota,feminicidio de priscila su familia busca recuperar a su hijo en manos de la familia de su asesino la silla rota,feminicidio de priscila su familia busca recuperar a su hijo en manos de la familia de su asesino la silla rota feminicidio de priscila su familia busca recuperar a su hijo en manos de la familia de su asesino la silla rota feminicidio de priscila su familia busca recuperar a su hijo en manos de la familia de su asesino la silla rota,4,0.8448811105803556,hue hue rfanos rfanos feminicidio rfanos feminicidio,118,0.14194541883488546,0.0017549629765651995,0.4959,Alta
Comisión de Igualdad aprueba brindar apoyo económico a la orfandad por feminicidio en Sinaloa - Congreso del Estado de Sinaloa,Comisión de Igualdad aprueba brindar apoyo económico a la orfandad por feminicidio en Sinaloa Congreso del Estado de Sinaloa,https://news.google.com/rss/articles/CBMi2AFBVV95cUxQM1NpN1ZKMHF6TDh3QnhEczFjYlRQVWZiNmdoMlQ1aFJjZjYxTndQZ2xDVWJRMGdHaTd1MlN0UXpqUXdQdDN6bUJSeGFlSVNFNklPTXlLRWg3TG1jSkNuYzNrbHU1ejUyLTNWcFE2RDBJVjFwNHQ5bWkxRW0wS3h5eU51YmhjSDhsaTRuNWd6YTlQSWVtYngtTXI0NnZUMHVSRGpILXJ2ZHU1VGVsdkhiN2pxdXh2andhdEp0UEd2aEJRZmNOakpRNFVncUpiM2hISW52UHdzUng?oc=5,https://news.google.com/rss/search?q=orfandad+feminicidio+menores&hl=es-419&gl=MX&ceid=MX:es-419,2023-06-26T07:00:00+00:00,0.5,0.5,0.93,Alta,Si,1,comisio n de igualdad aprueba brindar apoyo econo mico a la orfandad por feminicidio en sinaloa congreso del estado de sinaloa,comisio n de igualdad aprueba brindar apoyo econo mico a la orfandad por feminicidio en sinaloa congreso del estado de sinaloa,comisio n de igualdad aprueba brindar apoyo econo mico a la orfandad por feminicidio en sinaloa congreso del estado de sinaloa comisio n de igualdad aprueba brindar apoyo econo mico a la orfandad por feminicidio en sinaloa congreso del estado de sinaloa comisio n de igualdad aprueba brindar apoyo econo mico a la orfandad por feminicidio en sinaloa congreso del estado de sinaloa,0,0.8562588626368187,feminicidio ctimas feminicidio vi ctimas feminicidio hijos orfandad,318,0.2451224844226504,0.01176512916576362,0.5627,Alta
Feminicidio en Cimitarra generó conmoción y rechazo desde diferentes sectores en Santander - Blu Radio,Feminicidio en Cimitarra generó conmoción y rechazo desde diferentes sectores en Santander Blu Radio,https://news.google.com/rss/articles/CBMi1gFBVV95cUxQeGZidm82QzB5c2lSX0l2MmpXNDNrZnppTHh0UVN4eThCdkQwXy1IeDFxQXh4ejEwRTNkUTR2eF9pcl9uRTE2STJYX0RqZmZWU1FnSzhqcHZmaW4yUnA4d0FtQi11ZEZNb0lfNGhnRTlUN0Z1eURGN0dXNXk1M0JQeTMyV3ZpTlBUTlZHdGhXbTktTVZSTTFrcFFQN0pUUVdpSXZ3UzE2TTBkMzBDXzJTaG40SmptUGVFd0Fsd28yTk01MlltNXdQcWxvOC1vOFFUemJvSUl30gHjAUFVX3lxTFA2TlJkYVR2T1ZrcngzREVWUlV1bHhrcG95UXNsWFc0d0NDVzVxeDZlOTJmN0VtX0FQV3EyTlVWNzNndGNiUFdCQ2NTeUNUd005UVF2Y0pmWnJmYzhPVHJmODNhUWF2VUJvRC1VWWNHenlidXgxOEctaFU1SGRKLUhmLVdsUXpjU3kxS3FHRGFOYnk2eTZRVVhCbmFOcUlRZUpVYzcza2FIRWJDZjRVQ21jN0pyUWdZOVppWkFBWFZnRmJETWUxX3Z5eFdaRXQ4NW5IN0tnb1RUYzN0Qlp5UDE3VVAw?oc=5,https://news.google.com/rss/search?q=%22violencia+contra+la+mujer%22+menores+hu%C3%A9rfanos&hl=es-419&gl=MX&ceid=MX:es-419,2023-06-04T07:00:00+00:00,0.5,0.0,0.3025,Media,No,1,feminicidio en cimitarra genero conmocio n y rechazo desde diferentes sectores en santander blu radio,feminicidio en cimitarra genero conmocio n y rechazo desde diferentes sectores en santander blu radio,feminicidio en cimitarra genero conmocio n y rechazo desde diferentes sectores en santander blu radio feminicidio en cimitarra genero conmocio n y rechazo desde diferentes sectores en santander blu radio feminicidio en cimitarra genero conmocio n y rechazo desde diferentes sectores en santander blu radio,2,0.8384485067641401,feminicidio hue rfanos rfanos hue rfanos feminicidio,145,0.05287077847684888,0.058353868617607496,0.2048,Baja
"""Güero” Palma: La terrible historia de cómo los Arellano Félix mataron a su esposa e hijos - El Informador","""Güero” Palma: La terrible historia de cómo los Arellano Félix mataron a su esposa e hijos El Informador",https://news.google.com/rss/articles/CBMi1gFBVV95cUxNcGF2RFF1T1NKaWxmVWZuYWdtWDBrMXZJRDNGTVVCQnlrY0M2VHI0aFplUFktVThLMXo5TVJYZHZJUk51TXlJNjVEY0NnSTc5V2VWVHVKU3RzYWNJb0JxOFdsZUY5MzlJSnB0M0h4T0UzcndZLUZiWUxvZWt0aUpDamRBS3hNM2p5angxOE1GSC0yNG80MDFPVE1pWnl4MlYxTHNWOEM3azlDazhweUcxanBsV1dBSks0SHFScmdhd2pGZUJuVGxFa0FHOC1EMlpQWVJGYWpn0gHbAUFVX3lxTE1CT3JONWU3cVl0aW9ScFRnR0NGblI0RmZYdVVJYTZxNHZhUnBLUUQzbGFyc3ZlUjBncG0yalYxZ1Bzb1BXSDhIcTNrd09Ta1JWR3BGQWY0azE2SnJma1VEb2NZSlBTUHdlZi1ibWtYRzFuSjRiWUlJOVotTWFHSVBmQWRzZ3NnY0FyQ3FVcnZVeXliMHNRSnVkQUE2LWVETXlGVW1IMkxYeDh1Q05Db0t4OVQxYnBRZm9qRHBEbmIyenhWUFlGaWxXWWw4YzJib3NIaEhsUkVEakVGUQ?oc=5,https://news.google.com/rss/search?q=asesinato+mujer+hijos+quedaron&hl=es-419&gl=MX&ceid=MX:es-419,2023-05-11T07:00:00+00:00,0.4595,0.375,0.6533,Alta,Si,1,gu ero palma la terrible historia de co mo los arellano fe lix mataron a su esposa e hijos el informador,gu ero palma la terrible historia de co mo los arellano fe lix mataron a su esposa e hijos el informador,gu ero palma la terrible historia de co mo los arellano fe lix mataron a su esposa e hijos el informador gu ero palma la terrible historia de co mo los arellano fe lix mataron a su esposa e hijos el informador gu ero palma la terrible historia de co mo los arellano fe lix mataron a su esposa e hijos el informador,4,0.859422519046449,hue hue rfanos rfanos feminicidio rfanos feminicidio,366,0.11110794726162193,0.012050289483459535,0.3968,Alta
Feminicidio en Ucayali: asesinan a mujer y 3 menores quedan en la orfandad - La República,Feminicidio en Ucayali: asesinan a mujer y 3 menores quedan en la orfandad La República,https://news.google.com/rss/articles/CBMi0wFBVV95cUxNaUg0TmtLVE5tSEJ0U1dqNEs1U1duV05LZWVMR3U3X0JDWVJVNzFwbm5fRVBEaVFyaWE2NEo0VGNJRjE1Tld0eURxajVzR21MQkp5LTZPSzNyem9PbGc3RFVsVGJzTGJJaWFsSU9OXzFSVjJSQ2lJXzF5ZTlJbDd4WERwWHhaNm8tRHVKS21BSDN6aDRJRTRad3U3ZGp4QzBRXzh3a0ZfMklJYk5SS1pjQkFLcld0WkpSSmp5MFVSc3YzV0lIcG1yLUZSZU9wb0ZTRDFr0gHYAUFVX3lxTFBjdGk0bGdqS1plUWZxeFZLMkIxNW9ZaEd6ZGZlVnM4bHZlU0x3cjJSOXZLWVRmSkE5aERvTHBZaHpiX2x5TnFLbDJOTEdMU21RY2VlNF9YejlXNkJ5X2VINkhybGtQY2RaV24zbE9sTzdWX3U0S1EzRXFxWlVmWjQ2S1VQRTAtc3ZBbnVndEFNeEhLX2FfX0dxUkctN2M1V3lBTy1XTXdhdUpqV1ZpYUJjZEVsY2p4d3l5MHNRRHN1OGFTdlBDLTZ3a1BTQjhFLXNoblNtdHFUZA?oc=5,https://news.google.com/rss/search?q=orfandad+feminicidio+menores&hl=es-419&gl=MX&ceid=MX:es-419,2023-04-29T07:00:00+00:00,0.5,0.6078,1.0,Alta,Si,1,feminicidio en ucayali asesinan a mujer y 3 menores quedan en la orfandad la repu blica,feminicidio en ucayali asesinan a mujer y 3 menores quedan en la orfandad la repu blica,feminicidio en ucayali asesinan a mujer y 3 menores quedan en la orfandad la repu blica feminicidio en ucayali asesinan a mujer y 3 menores quedan en la orfandad la repu blica feminicidio en ucayali asesinan a mujer y 3 menores quedan en la orfandad la repu blica,4,0.8544916842220229,hue hue rfanos rfanos feminicidio rfanos feminicidio,169,0.1807368623779886,0.07266215494967405,0.6291,Alta
Atiende IQM a 4 víctimas indirectas de feminicidio - Noticias de Querétaro,Atiende IQM a 4 víctimas indirectas de feminicidio Noticias de Querétaro,https://news.google.com/rss/articles/CBMingFBVV95cUxOR091UzhGVUJpTFl3b3Q1bGRZcGpsMjBaUlU0MF81LXJiVDAtQk5ldk40ZWw3RUNIXzlRRDlJNWF1YVpHU2VmQm41bzVCbWs3T2FZMFhOZEhnbHBhZkFYUnJjRjkyZmlWYWNIeVBERnVySk9KVVpuMUMzTmFWLUJoSnJSY3dsTndQS1ZYUEJsYjJkcEJiblJwbTM4c1pFQQ?oc=5,https://news.google.com/rss/search?q=%22v%C3%ADctimas+indirectas%22+feminicidio&hl=es-419&gl=MX&ceid=MX:es-419,2023-04-10T07:00:00+00:00,0.5,0.0,0.3025,Media,No,0,atiende iqm a 4 vi ctimas indirectas de feminicidio noticias de quere taro,atiende iqm a 4 vi ctimas indirectas de feminicidio noticias de quere taro,atiende iqm a 4 vi ctimas indirectas de feminicidio noticias de quere taro atiende iqm a 4 vi ctimas indirectas de feminicidio noticias de quere taro atiende iqm a 4 vi ctimas indirectas de feminicidio noticias de quere taro,1,0.8435849713897728,feminicidio ctimas vi ctimas vi rfanos,347,0.18835068229937724,0.0266280450396171,0.1922,Baja
El bono para hijos de víctimas de femicidio fue modificado - gk.city,El bono para hijos de víctimas de femicidio fue modificado gk.city,https://news.google.com/rss/articles/CBMid0FVX3lxTE9lQlNVcjBFUGdqVWNvaW5DMXFFOFNZcXNWd21UZVUxaGpDTE5Yd1k0cHk0TXhwWk1RWDIwTmlEMzZhbGJESUptTWtZZmlENVVBcVJiZ25jY1pLZmVxYW5ZeG80YnlsM2lNUnRWR0JSSE9tMFlxM0NR?oc=5,https://news.google.com/rss/search?q=orfandad+feminicidio+menores&hl=es-419&gl=MX&ceid=MX:es-419,2023-03-13T07:00:00+00:00,0.5,0.375,0.8254,Alta,Si,0,el bono para hijos de vi ctimas de femicidio fue modificado gk city,el bono para hijos de vi ctimas de femicidio fue modificado gk city,el bono para hijos de vi ctimas de femicidio fue modificado gk city el bono para hijos de vi ctimas de femicidio fue modificado gk city el bono para hijos de vi ctimas de femicidio fue modificado gk city,1,0.8266633651241302,feminicidio ctimas vi ctimas vi rfanos,240,0.4019653094049189,0.048494604258887734,0.5146,Alta
Feminicidio infantil: cuando matan a una niña; 4 historias llenas de rabia - El Universal,Feminicidio infantil: cuando matan a una niña; 4 historias llenas de rabia El Universal,https://news.google.com/rss/articles/CBMilwFBVV95cUxQVGM0RGtSUFRMUXAwbmZfTkpfN2stSnZzUUNUbVg5Tm14RHRPWWpzVGdzd3hlajg5MmE0YnZ6eXJoN2h3YUNrbTZadl9uWWcxaUlCYWtRZnAwQ21DSU8wLTNoNjVvRVJxZ1ViNkpVVmhVWU9PUlBndTFGVTBISHktTk41ODI0TzU3TEg4VmEyQXZFWlRSRDFN?oc=5,https://news.google.com/rss/search?q=feminicidio+ni%C3%B1os+ni%C3%B1as&hl=es-419&gl=MX&ceid=MX:es-419,2023-03-09T08:00:00+00:00,0.5,0.3103,0.707,Alta,Si,1,feminicidio infantil cuando matan a una nin a 4 historias llenas de rabia el universal,feminicidio infantil cuando matan a una nin a 4 historias llenas de rabia el universal,feminicidio infantil cuando matan a una nin a 4 historias llenas de rabia el universal feminicidio infantil cuando matan a una nin a 4 historias llenas de rabia el universal feminicidio infantil cuando matan a una nin a 4 historias llenas de rabia el universal,3,0.8467229655178686,feminicidio vi nin vi ctimas ctimas,360,0.097693555497123,0.0034676247591236614,0.4256,Alta
NT solicita establecer una reparación integral a las víctimas de feminicidio - Diario Co Latino,NT solicita establecer una reparación integral a las víctimas de feminicidio Diario Co Latino,https://news.google.com/rss/articles/CBMirAFBVV95cUxNbVVqYnZ6TmF1UkJtay11bE0xYjBUUzdJNGY4cW94a0NTNkxGQTREMWZBdnR2SEhSUWRNa0RoWHZMRVBhcVhGLVh0V2szSVROZVRSQ3BEbGxBWVU5NjFIczNLYlFlSWo5alcxUFVkMWk5Y0NSYnA0czRoSFgyczJwWWVEMDVCSmxkUDYyLXEwM19FUUtSbDVVWU9leElSN0o0ZHZ6b09mb09EVXZj?oc=5,https://news.google.com/rss/search?q=%22v%C3%ADctimas+indirectas%22+feminicidio&hl=es-419&gl=MX&ceid=MX:es-419,2023-03-04T08:00:00+00:00,0.5,0.0,0.3025,Media,No,0,nt solicita establecer una reparacio n integral a las vi ctimas de feminicidio diario co latino,nt solicita establecer una reparacio n integral a las vi ctimas de feminicidio diario co latino,nt solicita establecer una reparacio n integral a las vi ctimas de feminicidio diario co latino nt solicita establecer una reparacio n integral a las vi ctimas de feminicidio diario co latino nt solicita establecer una reparacio n integral a las vi ctimas de feminicidio diario co latino,1,0.8526784968390773,feminicidio ctimas vi ctimas vi rfanos,308,0.48926885881856247,0.001990166069094732,0.1823,Baja
Nuestro Tiempo presenta iniciativa de reparación a las víctimas de feminicidio - Diario Co Latino,Nuestro Tiempo presenta iniciativa de reparación a las víctimas de feminicidio Diario Co Latino,https://news.google.com/rss/articles/CBMirwFBVV95cUxONDB4b1FKSVlFR0ptUGF2ZC1lWVlpcEtDcmpSN21WWmh3THFoOVJyVGxSMjFJSkJ4NG1HUEtiMTRlOUxFekRwTWNmR29fc3RiOHJqYTRUWUVEa0NzQW1SdTZROG9iempzS1k0ejhUY21jd3k4QkFnQU9POFc3eVZJUklCRW55dDVzZ2ZuSFM4b2EzdEJhcFZzSnl4cFdJN0RsWm1DdS01SE4zcmRBNVhz?oc=5,https://news.google.com/rss/search?q=%22v%C3%ADctimas+indirectas%22+feminicidio&hl=es-419&gl=MX&ceid=MX:es-419,2023-03-03T08:00:00+00:00,0.5,0.0,0.3025,Media,No,0,nuestro tiempo presenta iniciativa de reparacio n a las vi ctimas de feminicidio diario co latino,nuestro tiempo presenta iniciativa de reparacio n a las vi ctimas de feminicidio diario co latino,nuestro tiempo presenta iniciativa de reparacio n a las vi ctimas de feminicidio diario co latino nuestro tiempo presenta iniciativa de reparacio n a las vi ctimas de feminicidio diario co latino nuestro tiempo presenta iniciativa de reparacio n a las vi ctimas de feminicidio diario co latino,2,0.862518257070106,feminicidio hue rfanos rfanos hue rfanos feminicidio,307,0.48926885881856247,0.002055830722449912,0.1823,Baja
Se registran 360 niños en orfandad a causa de feminicidios en Coahuila: Secretaría del Bienestar - Telediario México,Se registran 360 niños en orfandad a causa de feminicidios en Coahuila: Secretaría del Bienestar Telediario México,https://news.google.com/rss/articles/CBMimAFBVV95cUxQQW5zb2hoNlFBeFlEYUxMckZEU3dKeW5tdHhVT3NKbGlqbG45cnpqTXptdmRjNGR0RHowVmozZ3dubTliZW16bjhzdU84RFg3UmU0TEI2TFhVWWtOUTFqQkQ4dDU3Z19nbk5rRGVwdkVGcGdVOHBNckh3aVU0NVdMM3E3Wk56LTdvSlpZSjI0ZWtnN0tSTGhXQ9IBmAFBVV95cUxOWlcxVnh3WkxmN0djUGZ4Z1g1cGtneGpTR2o1cnBadHFkNVBPVGxkX2FJbnNiczIyOW5hLS1pVWVkcGlycE95QjRzT1YwbXBjamE5djAtUGNIUnVDRXJScUVueEVxVjVycmcwemo0eVlaWjNVNHctSEdzTGhFV1dDTzhrZldQSmV3X3JKWVQyQmU1TFlVNFhiLQ?oc=5,https://news.google.com/rss/search?q=orfandad+feminicidio+menores&hl=es-419&gl=MX&ceid=MX:es-419,2023-03-02T08:00:00+00:00,0.0,0.5,0.27,Baja,Si,1,se registran 360 nin os en orfandad a causa de feminicidios en coahuila secretari a del bienestar telediario me xico,se registran 360 nin os en orfandad a causa de feminicidios en coahuila secretari a del bienestar telediario me xico,se registran 360 nin os en orfandad a causa de feminicidios en coahuila secretari a del bienestar telediario me xico se registran 360 nin os en orfandad a causa de feminicidios en coahuila secretari a del bienestar telediario me xico se registran 360 nin os en orfandad a causa de feminicidios en coahuila secretari a del bienestar telediario me xico,0,0.8583219811592977,feminicidio ctimas feminicidio vi ctimas feminicidio hijos orfandad,330,0.1406354775090076,0.009584224765816437,0.1658,Baja
Alex Murdaugh: el caso del heredero de una dinastía de abogados declarado culpable de matar a su esposa y a su hijo menor que causa fascinación en Estados Unidos - BBC,Alex Murdaugh: el caso del heredero de una dinastía de abogados declarado culpable de matar a su esposa y a su hijo menor que causa fascinación en Estados Unidos BBC,https://news.google.com/rss/articles/CBMiaEFVX3lxTE9ST2V0UGlWNS1nbEprcDAyLXZaMnNqWXltVlNHek8tb29xYkszLXN3REw4dVBTbHBFR2NZb0FXaWZmOTR2eGw1THVyV3NQZ25VZVZhQ0hJa28zSEUyemxKZm1fSFlMZWx60gFuQVVfeXFMUEcxSHFnckJzRlFqWkJEWUFhb29DNWlMU1daVS1rTHJtYTVTZWJvSHotN0k0dGNOMkhRMFpXMlVod3VUUHhrU2pHZDEwYjNWbUlrNUVhckhpejBqN0EzdEpJRndrSG95TVY5dGg3eGc?oc=5,https://news.google.com/rss/search?q=asesinato+mujer+hijos+quedaron&hl=es-419&gl=MX&ceid=MX:es-419,2023-02-23T08:00:00+00:00,0.4595,0.5349,0.7648,Alta,Si,1,alex murdaugh el caso del heredero de una dinasti a de abogados declarado culpable de matar a su esposa y a su hijo menor que causa fascinacio n en estados unidos bbc,alex murdaugh el caso del heredero de una dinasti a de abogados declarado culpable de matar a su esposa y a su hijo menor que causa fascinacio n en estados unidos bbc,alex murdaugh el caso del heredero de una dinasti a de abogados declarado culpable de matar a su esposa y a su hijo menor que causa fascinacio n en estados unidos bbc alex murdaugh el caso del heredero de una dinasti a de abogados declarado culpable de matar a su esposa y a su hijo menor que causa fascinacio n en estados unidos bbc alex murdaugh el caso del heredero de una dinasti a de abogados declarado culpable de matar a su esposa y a su hijo menor que causa fascinacio n en estados unidos bbc,1,0.8832590394512712,feminicidio ctimas vi ctimas vi rfanos,177,0.10347821860388223,0.0,0.4589,Alta
Huérfanos por feminicidio: México solo reconoce como víctimas a 238 niños y niñas - Animal Politico,Huérfanos por feminicidio: México solo reconoce como víctimas a 238 niños y niñas Animal Politico,https://news.google.com/rss/articles/CBMihgFBVV95cUxOUmZzZFdRcjZZS0Q4bmRFSVlYc1BZQTQxVXJpakdDcndVMjNqUWZhVFh3ZEctam9NLUFBQ2dBajhKYXNLLTY5OTl6aWxaYXRHQXNBekpmYW85dElWZktNSWVtOHFXTzFtTk1SZjBJUmdEMzBrSzhKUWpNRnIyZDdOd0dzTGZnZw?oc=5,https://news.google.com/rss/search?q=feminicidio+menores+hu%C3%A9rfanos&hl=es-419&gl=MX&ceid=MX:es-419,2023-02-13T12:27:20+00:00,0.5,0.0,0.3025,Media,No,2,hue rfanos por feminicidio me xico solo reconoce como vi ctimas a 238 nin os y nin as animal politico,hue rfanos por feminicidio me xico solo reconoce como vi ctimas a 238 nin os y nin as animal politico,hue rfanos por feminicidio me xico solo reconoce como vi ctimas a 238 nin os y nin as animal politico hue rfanos por feminicidio me xico solo reconoce como vi ctimas a 238 nin os y nin as animal politico hue rfanos por feminicidio me xico solo reconoce como vi ctimas a 238 nin os y nin as animal politico,4,0.8795691782910362,hue hue rfanos rfanos feminicidio rfanos feminicidio,273,0.32455658786749786,0.0017827066817323904,0.1822,Baja
"Jamie Carbonell Zamora se titula con tesis sobre reparación integral a niñas, niños y adolescentes como víctimas indirectas de feminicidio - Gaceta FM","Jamie Carbonell Zamora se titula con tesis sobre reparación integral a niñas, niños y adolescentes como víctimas indirectas de feminicidio Gaceta FM",https://news.google.com/rss/articles/CBMimAJBVV95cUxNMDZBTVJ3UGlHS0ZFMXpPN2xhcVdYOXEzTVViLURWdTFGRk5nWjVzQjBQUmdJMzV5OU4xUW9kN2cxdHpMZ1RTZU5yemJoZ2RUZzZ4ZzZSQW9jSTJSZHNMSUxVY3dzSEUtVzhzMmhQZk8xUGhGeG9mZFk0bGVPR3pqVUxXWmZ6NGx0VnVRcHNvR1h6TzZvbG5kREFCaWhDSTdQaUF5bmdNRS1ZQjFlbkg4MFA1bmZ0S0J2dzA0N3hjcTFiSm5iR3NVczZ2MXU2SksyOV9lTmFlVFppRUhSZG5VU1VLMmRFUzBmRVJ4MHlZYzQxeThsSGwwYnAwOGFMaHdKRHptdVFkR2M0N0daNXJHQXZxSW5WUHNY?oc=5,https://news.google.com/rss/search?q=%22v%C3%ADctimas+indirectas%22+feminicidio&hl=es-419&gl=MX&ceid=MX:es-419,2023-02-01T08:00:00+00:00,0.5,0.3333,0.7246,Alta,Si,2,jamie carbonell zamora se titula con tesis sobre reparacio n integral a nin as nin os y adolescentes como vi ctimas indirectas de feminicidio gaceta fm,jamie carbonell zamora se titula con tesis sobre reparacio n integral a nin as nin os y adolescentes como vi ctimas indirectas de feminicidio gaceta fm,jamie carbonell zamora se titula con tesis sobre reparacio n integral a nin as nin os y adolescentes como vi ctimas indirectas de feminicidio gaceta fm jamie carbonell zamora se titula con tesis sobre reparacio n integral a nin as nin os y adolescentes como vi ctimas indirectas de feminicidio gaceta fm jamie carbonell zamora se titula con tesis sobre reparacio n integral a nin as nin os y adolescentes como vi ctimas indirectas de feminicidio gaceta fm,2,0.5775189105140748,feminicidio hue rfanos rfanos hue rfanos feminicidio,175,0.37705290554565346,0.03140523001719236,0.4473,Alta
"Hijos de víctimas de feminicidio, sin protección integral pese a protocolo - La Jornada","Hijos de víctimas de feminicidio, sin protección integral pese a protocolo La Jornada",https://news.google.com/rss/articles/CBMixgFBVV95cUxPeFlGd2t4MEtlV0F4VGpSdjdraUU0dWQzMG1aOHBBWHNzaVRoQ1RyT052VlVWV2paX0pRZ3JQZUNnVmEtTnEtTG8yc1ZkcTVSakhpallqRGhwWUhiWlE2RUdaQWNqcFVwRDdhbW9xQWx5YjBnbEx1MGhPZmZJaGpQZlVtU1hQUGh2V1BVWnpWRnlNZ0s5cFN1YTFMTG5BZUUwV2phTzl3c09Nc29OajBYaGlWN1ZiRThBNzRDVFhLclZHbi1SN0E?oc=5,https://news.google.com/rss/search?q=orfandad+feminicidio+menores&hl=es-419&gl=MX&ceid=MX:es-419,2023-01-30T08:00:00+00:00,0.5,0.375,0.8254,Alta,Si,0,hijos de vi ctimas de feminicidio sin proteccio n integral pese a protocolo la jornada,hijos de vi ctimas de feminicidio sin proteccio n integral pese a protocolo la jornada,hijos de vi ctimas de feminicidio sin proteccio n integral pese a protocolo la jornada hijos de vi ctimas de feminicidio sin proteccio n integral pese a protocolo la jornada hijos de vi ctimas de feminicidio sin proteccio n integral pese a protocolo la jornada,1,0.8457917149907164,feminicidio ctimas vi ctimas vi rfanos,88,0.19396731291120983,0.021402718230126423,0.5038,Alta
En RD al menos 70 niños quedaron en la orfandad por feminicidios ocurridos en 2022 - Listín Diario,En RD al menos 70 niños quedaron en la orfandad por feminicidios ocurridos en 2022 Listín Diario,https://news.google.com/rss/articles/CBMi2wFBVV95cUxNMVczU3lLMWNVUjlIWmUxR2JucnFaZ3FrQ3dGc0xpVExPTFlqMjlNZTd2YUZyZHhJSXFIVkdCbV94bW5sckFFbnlBVFpMSlZZaXZxaFlTTVN4TkdPbEJ1OC1nR01zRnptZ3ZoZUJWVFFCTF8yakFhX3hOSGFLbElreXJqbnNKZUtQbXJScVVHdFBraDdwdERpX3VoRDhxV1FNY3lRSzFnZUVxT3BUVlVtZ1RzSGlWcEwzdEhsaVgzNUFGSlhJTWk2UDRjSTRyZ1NobEZsaV9ILXloX2fSAeABQVVfeXFMT3J3UVZla3Z4ekViSmtVQTZIRUhsVkdCQ1RKTlRfTGU0MzhJUHBqRzVqeHU2MXFXM2t3M3pQN2pQemNmd19jcEtrYzRBMS1LeFFWS0Z1Z2ZKb3Vtb1J5eks5cG83d0hCNno1Z09fYmgtbHRaMDNyejdDaFlGQmk0Q0NaOHdORUhzZ3ZQdzVJNE5nV0JCVU1PUlFyQmtNUEFCZGhybVVBam9oRkZXVFcyc2drZXR2aHkzSXhEV1VXZnRTMjFQT3JzanNxbHY0WV93SFZnZWpwVVZWdTNpTGs1S2Q?oc=5,https://news.google.com/rss/search?q=orfandad+feminicidio+menores&hl=es-419&gl=MX&ceid=MX:es-419,2023-01-11T08:00:00+00:00,0.0,0.5,0.27,Baja,Si,1,en rd al menos 70 nin os quedaron en la orfandad por feminicidios ocurridos en 2022 listi n diario,en rd al menos 70 nin os quedaron en la orfandad por feminicidios ocurridos en 2022 listi n diario,en rd al menos 70 nin os quedaron en la orfandad por feminicidios ocurridos en 2022 listi n diario en rd al menos 70 nin os quedaron en la orfandad por feminicidios ocurridos en 2022 listi n diario en rd al menos 70 nin os quedaron en la orfandad por feminicidios ocurridos en 2022 listi n diario,4,0.8736411561740688,hue hue rfanos rfanos feminicidio rfanos feminicidio,287,0.22171747507928402,0.010720377703103686,0.1663,Baja
"COMUNICADO | En la indefensión, víctimas de la violencia feminicida en México: OCNF. - observatoriofeminicidiomexico.org","COMUNICADO | En la indefensión, víctimas de la violencia feminicida en México: OCNF. observatoriofeminicidiomexico.org",https://news.google.com/rss/articles/CBMi3gFBVV95cUxNMG84Y3laR3h3ZmxOWFdyd1lxekR4VHJDRDl4NmhJQ3RQWjZ6TFFpNllZOXViZnNENU1zV015LU9ubldsQ0NLQlluS3FoSzZMUGlFbzhqdnNUUnVqRlRCQ3ZxQ0t1Uk16TDBjWXl3a1l3OEJYUDctYm5wM2ZaZGtzV3E2Q3hWX0ZsQzBYMFI1TDk3akF1M05QRkx3WkVHR29VZjF0UTBWb3N3eTJfaVl0Qk9COXNDTDRfd0pseGtFQTRXd0lSTDhaZ1BYTnZxSlhmb09EdDk5UUhCUHlOU2c?oc=5,https://news.google.com/rss/search?q=%22v%C3%ADctimas+indirectas%22+feminicidio&hl=es-419&gl=MX&ceid=MX:es-419,2022-12-09T08:00:00+00:00,0.5,0.0,0.3025,Media,No,1,comunicado en la indefensio n vi ctimas de la violencia feminicida en me xico ocnf observatoriofeminicidiomexico org,comunicado en la indefensio n vi ctimas de la violencia feminicida en me xico ocnf observatoriofeminicidiomexico org,comunicado en la indefensio n vi ctimas de la violencia feminicida en me xico ocnf observatoriofeminicidiomexico org comunicado en la indefensio n vi ctimas de la violencia feminicida en me xico ocnf observatoriofeminicidiomexico org comunicado en la indefensio n vi ctimas de la violencia feminicida en me xico ocnf observatoriofeminicidiomexico org,3,0.8510387654981703,feminicidio vi nin vi ctimas ctimas,225,0.18548066442006955,0.07205435014198859,0.2103,Baja
"Realizan SIPINNA y UNICEF México análisis sobre la atención y respuesta a la violencia feminicida contra niñas, niños y adolescentes en el Estado | Portal Gubernamental del Estado de Chihuahua - Gobierno del Estado de Chihuahua","Realizan SIPINNA y UNICEF México análisis sobre la atención y respuesta a la violencia feminicida contra niñas, niños y adolescentes en el Estado | Portal Gubernamental del Estado de Chihuahua Gobierno del Estado de Chihuahua",https://news.google.com/rss/articles/CBMitwFBVV95cUxQUVRJbEU0V3JTVGx4eWkxb1RLZmpsekFIYUR0NjN2TXl0N1ZQcXVDTGx2NmVMLTRBbnllUnVKVjlfZE55RHRoN1lSRTQ5ZGdUUW1DM3o2NzA1dXpRc3ZySnNWbEttMnpRVVhUeVp4SXRNU09NRXRDcU9adHJoVWdJWGRsQ2J0aFRzcEpBX0RwSDlwdXZnUEZ6c0tuTU9lc3ZjMFcxbjZJN1V3QmhtZk5Pc2gydnR6XzQ?oc=5,https://news.google.com/rss/search?q=%22violencia+feminicida%22+ni%C3%B1os&hl=es-419&gl=MX&ceid=MX:es-419,2022-11-22T08:00:00+00:00,0.5,0.3333,0.7905,Alta,Si,2,realizan sipinna y unicef me xico ana lisis sobre la atencio n y respuesta a la violencia feminicida contra nin as nin os y adolescentes en el estado portal gubernamental del estado de chihuahua gobierno del estado de chihuahua,realizan sipinna y unicef me xico ana lisis sobre la atencio n y respuesta a la violencia feminicida contra nin as nin os y adolescentes en el estado portal gubernamental del estado de chihuahua gobierno del estado de chihuahua,realizan sipinna y unicef me xico ana lisis sobre la atencio n y respuesta a la violencia feminicida contra nin as nin os y adolescentes en el estado portal gubernamental del estado de chihuahua gobierno del estado de chihuahua realizan sipinna y unicef me xico ana lisis sobre la atencio n y respuesta a la violencia feminicida contra nin as nin os y adolescentes en el estado portal gubernamental del estado de chihuahua gobierno del estado de chihuahua realizan sipinna y unicef me xico ana lisis sobre la atencio n y respuesta a la violencia feminicida contra nin as nin os y adolescentes en el estado portal gubernamental del estado de chihuahua gobierno del estado de chihuahua,2,0.8906208563881879,feminicidio hue rfanos rfanos hue rfanos feminicidio,332,0.18990093423817603,0.05396109082658792,0.4959,Alta
Más de 5 mil menores en orfandad por feminicidios en México en los últimos 4 años: Senado - La Crónica de Hoy,Más de 5 mil menores en orfandad por feminicidios en México en los últimos 4 años: Senado La Crónica de Hoy,https://news.google.com/rss/articles/CBMiqAFBVV95cUxPZnFzRnZEazJVb3dYVWFOd2RtX2pza1BqMnAyZVN1M195RTJCVF82R3BvM3NJMWJJQkVpWnZuT1JJMGprVkVyMWRnNjk3ZnVrdDN1Vmd6Wm9kdnRVSW95b2NkbEJ5STV6Sk11dTVDbV9XcnJHSHdhQUZaMmVMZmN3czVMSlFiZThiNmVoSFpUS2lzbDFxRFc2RDhXWXcta0pQU1g0dW1lbjI?oc=5,https://news.google.com/rss/search?q=orfandad+feminicidio+menores&hl=es-419&gl=MX&ceid=MX:es-419,2022-10-19T07:00:00+00:00,0.0,0.6078,0.3282,Media,Si,1,ma s de 5 mil menores en orfandad por feminicidios en me xico en los u ltimos 4 an os senado la cro nica de hoy,ma s de 5 mil menores en orfandad por feminicidios en me xico en los u ltimos 4 an os senado la cro nica de hoy,ma s de 5 mil menores en orfandad por feminicidios en me xico en los u ltimos 4 an os senado la cro nica de hoy ma s de 5 mil menores en orfandad por feminicidios en me xico en los u ltimos 4 an os senado la cro nica de hoy ma s de 5 mil menores en orfandad por feminicidios en me xico en los u ltimos 4 an os senado la cro nica de hoy,0,0.8746266366705543,feminicidio ctimas feminicidio vi ctimas feminicidio hijos orfandad,263,0.19257926374945838,0.02563138506168152,0.2072,Baja
Brindarán apoyo económico a víctimas indirectas de feminicidio - El Sol de México,Brindarán apoyo económico a víctimas indirectas de feminicidio El Sol de México,https://news.google.com/rss/articles/CBMisAFBVV95cUxQQS05QTVBSUpxUUNNcGhQOVNmdGN2SWdWV3lxQmp5UnR1ZlVTQ0Q5WjlLcExwdW9YdnBUX0FBaGI2Q3U3dWJRU3VXaEhfT2FySXhNUEQxdXJPMTlPLWl1bkQxWTA0Y20yMG9wdk5fVk9DREtLaVhmeVZ1MjM4bjR0V253b2RPaHpKSWo2aVdaWUZ1ZktqQmhvNWpabFp3akF3R1FwLVFsLWVwWm54ODJqNA?oc=5,https://news.google.com/rss/search?q=%22v%C3%ADctimas+indirectas%22+feminicidio&hl=es-419&gl=MX&ceid=MX:es-419,2022-09-14T07:00:00+00:00,0.5,0.0,0.3025,Media,No,0,brindara n apoyo econo mico a vi ctimas indirectas de feminicidio el sol de me xico,brindara n apoyo econo mico a vi ctimas indirectas de feminicidio el sol de me xico,brindara n apoyo econo mico a vi ctimas indirectas de feminicidio el sol de me xico brindara n apoyo econo mico a vi ctimas indirectas de feminicidio el sol de me xico brindara n apoyo econo mico a vi ctimas indirectas de feminicidio el sol de me xico,1,0.8499370529460373,feminicidio ctimas vi ctimas vi rfanos,34,0.3522726362986222,0.02347446633872318,0.1909,Baja
Los hijos de las víctimas de feminicidio están perdiendo sus pensiones. ¿Por qué? - Salud con lupa,Los hijos de las víctimas de feminicidio están perdiendo sus pensiones. ¿Por qué? Salud con lupa,https://news.google.com/rss/articles/CBMidEFVX3lxTFBuWjdySnZsM29qeVp3N0tKSE5ZREtBZzhYSnJyRE5ZdXlfYVVscGpRMjhxampfTHYzelJQREw2MVRJcEctdDJ5Y0JWMHF4SkoyU3ozUDZvaUVIRzZTMC1xVjJUMlFxTUtRUkxERUVKVVd5Q0Rv?oc=5,https://news.google.com/rss/search?q=feminicidio+menores+hu%C3%A9rfanos&hl=es-419&gl=MX&ceid=MX:es-419,2022-08-14T07:00:00+00:00,0.5,0.375,0.8254,Alta,Si,0,los hijos de las vi ctimas de feminicidio esta n perdiendo sus pensiones por que salud con lupa,los hijos de las vi ctimas de feminicidio esta n perdiendo sus pensiones por que salud con lupa,los hijos de las vi ctimas de feminicidio esta n perdiendo sus pensiones por que salud con lupa los hijos de las vi ctimas de feminicidio esta n perdiendo sus pensiones por que salud con lupa los hijos de las vi ctimas de feminicidio esta n perdiendo sus pensiones por que salud con lupa,2,0.8355588609082114,feminicidio hue rfanos rfanos hue rfanos feminicidio,351,0.18725479619361018,0.02380226625777037,0.5048,Alta
¿Qué afrontan las familias de las víctimas de feminicidio? - Mexicanos Contra la Corrupción y la Impunidad -,¿Qué afrontan las familias de las víctimas de feminicidio? Mexicanos Contra la Corrupción y la Impunidad -,https://news.google.com/rss/articles/CBMikAFBVV95cUxOelJKNXEwMWVqX3pyaVBtN3pxVjhzUHgwOS1SeHcxWDJ0NWpsR2tLVWdPbkJiTzBUWDhUMkR4amZTNmk1T19zWG1PZUFlQk1JVloyb0o0MHd2czdHYl95bXBLdFMxZC0wRkxjQndDcExYaGNvc2J5bWJzT2g1bGVEdUdzdHpjVi1mUXlwTmNBWVU?oc=5,https://news.google.com/rss/search?q=feminicidio+M%C3%A9xico&hl=es-419&gl=MX&ceid=MX:es-419,2022-07-28T07:00:00+00:00,0.5,0.0,0.3025,Media,No,0,que afrontan las familias de las vi ctimas de feminicidio mexicanos contra la corrupcio n y la impunidad,que afrontan las familias de las vi ctimas de feminicidio mexicanos contra la corrupcio n y la impunidad,que afrontan las familias de las vi ctimas de feminicidio mexicanos contra la corrupcio n y la impunidad que afrontan las familias de las vi ctimas de feminicidio mexicanos contra la corrupcio n y la impunidad que afrontan las familias de las vi ctimas de feminicidio mexicanos contra la corrupcio n y la impunidad,3,0.8369978011242781,feminicidio vi nin vi ctimas ctimas,34,0.17371104976371649,0.002802802666760296,0.1826,Baja
Premian a Greta Rico por retratar la orfandad por feminicidio - Punto MX,Premian a Greta Rico por retratar la orfandad por feminicidio Punto MX,https://news.google.com/rss/articles/CBMilAFBVV95cUxPSjRFaDR4TkViMVFITHFuY2l1MmJfckZWQktDamNsWHNGUXc5WGFjcl82THRIdEZQR3lMNjQtU3M4X3hiRGJ2eUlHeUk2bkU4ZjN2OEpaWkhseTliOEFLM1lLMWZURmRHZnVuUEJlSTdvQkM0Y2w0b01QUV9jaXIxQVR0ZUV4a1A2VUcwTUZ1dG5NWVYt0gGcAUFVX3lxTFA4alh6bmYxSHRQeGY5ZFYyd1p1MmZ0eUJMaEFXeWMwQ0g4bXdpZUpBTUM1TUgzZ2dPVHd0MG8yUEg5Y2dFNWFNeWlfWnBHWjFwMEpRSlVwS2JkSDZQZDlhYkxpeHJpUTItUnlBYjRnRTdhZTA5bWktbFpNbDFMSmtBSTAwU09sbjBybXJMeTVDajQzTE5xY1BSNHNyNQ?oc=5,https://news.google.com/rss/search?q=orfandad+violencia+genero+Mexico&hl=es-419&gl=MX&ceid=MX:es-419,2022-07-27T07:00:00+00:00,0.5,0.5,0.93,Alta,Si,1,premian a greta rico por retratar la orfandad por feminicidio punto mx,premian a greta rico por retratar la orfandad por feminicidio punto mx,premian a greta rico por retratar la orfandad por feminicidio punto mx premian a greta rico por retratar la orfandad por feminicidio punto mx premian a greta rico por retratar la orfandad por feminicidio punto mx,4,0.8384253410658223,hue hue rfanos rfanos feminicidio rfanos feminicidio,344,0.08326846780762333,0.013496873295442652,0.5634,Alta
Feminicidio de Margarita Ceceña: Fiscalía de Morelos ya busca a cuatro presuntos responsables - Infobae,Feminicidio de Margarita Ceceña: Fiscalía de Morelos ya busca a cuatro presuntos responsables Infobae,https://news.google.com/rss/articles/CBMi2wFBVV95cUxNcGNnbWt1OVlFM2lQcTZHQml0Z0wwcVFaQXRaWVpsV3FaSFdjaE5zbmV1Z1dMYkRWcUw4VDJWOXFXdmVvQUpXUElMV1pzbjFla3dGcmRwZi1pZnpIN2VLVWxWTENqbTMwNldDRGVtSk13ZU5DR3NycEdaXzVEOHVTLVZkVEpXRUQ2d1pFZlEyLTJlQVFRUjJZdEwwd01mRk9ISU5URWFRdzBhZFhEa1RUUVpvdGI0NndZZEh2UV94RGdlZi1lUS01R1FFckR3UHY3a0xFZ2xtQTVrQ0HSAfYBQVVfeXFMUE54dVN5ODlCRWY0aG5jYnpKeGh4emxVQTdtSF8yVktIZl9odno0WGNaY0pqVHRrRUhlRGlELVFkeUNpQjNTTnZxRXcyU3VBUC1PaU5DMGdwNnJCZWIxT1lVWXU5cWV5WU1SVUhhQUJyTThHZnJkQ1Y4eWYzTndLZXJEdzlyYVhlUFhfcXloaWw4aGdjUnBRRzBLQ1FQNmZSQkNuRkpRM3MxT1IyQ0RhNTlTUmV6bHZDeXlUclJWRnl3NjJJMGdJTWpMMGNuVU5ySVBxTnpsNFlfMGNaUlVaaWVvNUNOYWJ1bDJKNVRWMUs4WWFickNR?oc=5,https://news.google.com/rss/search?q=feminicidio+hijos+menores+M%C3%A9xico&hl=es-419&gl=MX&ceid=MX:es-419,2022-07-26T07:00:00+00:00,0.5,0.0,0.3025,Media,No,1,feminicidio de margarita cecen a fiscali a de morelos ya busca a cuatro presuntos responsables infobae,feminicidio de margarita cecen a fiscali a de morelos ya busca a cuatro presuntos responsables infobae,feminicidio de margarita cecen a fiscali a de morelos ya busca a cuatro presuntos responsables infobae feminicidio de margarita cecen a fiscali a de morelos ya busca a cuatro presuntos responsables infobae feminicidio de margarita cecen a fiscali a de morelos ya busca a cuatro presuntos responsables infobae,5,0.847869322660848,feminicidio mx com orfandad cimacnoticias,4,0.07599128799739541,0.0018684911761594762,0.1822,Baja
Feminicidio de la niña Fátima Cecilia en 2020 sigue impune - La Jornada,Feminicidio de la niña Fátima Cecilia en 2020 sigue impune La Jornada,https://news.google.com/rss/articles/CBMiuAFBVV95cUxOekx5eDc2eG51eUx4VXBXSTQ5STNnRW12T2ppemNwQi1DZXAydGljUmRRYmdyanNrQUhMWWstT2dIZmxSQmRSYmNCZk45bmdESU9oMzhMU3ljbFExalZ3S2s0aFVheGNaQm8zcm9PRlpJNmhFTEdoZHRzMWtacF93WGU0NWg3cUFsMmt4SndOYTl6S2VEVVZCS1p0ZHRVa3NrX3ZXclR1bHQ2SGhEQU8zSzhtRUZ3Q0h5?oc=5,https://news.google.com/rss/search?q=feminicidio+NNA+victimas+indirectas&hl=es-419&gl=MX&ceid=MX:es-419,2022-06-06T07:00:00+00:00,0.5,0.0,0.3025,Media,No,1,feminicidio de la nin a fa tima cecilia en 2020 sigue impune la jornada,feminicidio de la nin a fa tima cecilia en 2020 sigue impune la jornada,feminicidio de la nin a fa tima cecilia en 2020 sigue impune la jornada feminicidio de la nin a fa tima cecilia en 2020 sigue impune la jornada feminicidio de la nin a fa tima cecilia en 2020 sigue impune la jornada,5,0.8271383072103067,feminicidio mx com orfandad cimacnoticias,206,0.22682650199350146,0.0021003492883227377,0.1823,Baja
Las otras víctimas del feminicidio: el duelo de las madres - cimacnoticias.com.mx,Las otras víctimas del feminicidio: el duelo de las madres cimacnoticias.com.mx,https://news.google.com/rss/articles/CBMiwAFBVV95cUxQQ2J5RjV5LWlFVUgxMHdTbEVVZGFKY1NqUWpWaVZaa3A1NnlHT0NaVjVodTc3RlhxNVVqZmVydDNiYk1SWWpEbUtMYV9OVk5ldE1OYU1aZktrTlA3NTFFNHcxR18wbFlpQnJtTFoySFA0VTJldG9md2xNYU5nbklFT3RzZHZWNTJCMktTSnQtMUtuZ2FnZnNBNzlyamlUMnR4RzFtYnlINEUwQkFWMEtXMWRhRzJUbk5uelVXa1JMVnY?oc=5,https://news.google.com/rss/search?q=%22v%C3%ADctimas+indirectas%22+feminicidio&hl=es-419&gl=MX&ceid=MX:es-419,2022-05-27T07:00:00+00:00,0.5,0.0,0.3025,Media,No,0,las otras vi ctimas del feminicidio el duelo de las madres cimacnoticias com mx,las otras vi ctimas del feminicidio el duelo de las madres cimacnoticias com mx,las otras vi ctimas del feminicidio el duelo de las madres cimacnoticias com mx las otras vi ctimas del feminicidio el duelo de las madres cimacnoticias com mx las otras vi ctimas del feminicidio el duelo de las madres cimacnoticias com mx,5,0.8390550233613167,feminicidio mx com orfandad cimacnoticias,343,0.3712613617115789,0.002541751546659991,0.1825,Baja
Los cinco niños que quedaron huérfanos tras el feminicidio de Jhovana se reencontraron con sus mascotas - Bolivia.com,Los cinco niños que quedaron huérfanos tras el feminicidio de Jhovana se reencontraron con sus mascotas Bolivia.com,https://news.google.com/rss/articles/CBMipgFBVV95cUxOdTVTVmVrT05PZGxNSXZHWG13cUcyNE1ubHdKc0t1VVdtWUZNazNkMUFhek5ZVlF1UWZqYm5nXzl3S1B2LTMtOW9tbl8zdEdZeTdpOUh0TkozYnBmRDZIOTJPYnV2VUllTUkyTDhrdGQ2Y0xUeXpoVm0yNFdkWTM2Q0poM0VtdVZoMjBITlQ4RzdqS3c1VXJXaGZHQm8zU25jQXRrTlFn0gGmAUFVX3lxTE1rZ2ZKWXBjUkhzaDV6elN6X3pScUI4cWRQMm5UUGhUbTdFSktSNVJlekFRNUpFSWwtY2E4aGc5dGxDSnV2eFhJcjZfMldjUDRrRklyWHhzVWJ3STQ0OS1NUkstQ2FOTGdHUWh3aGpxXzhvYXhIa0RObmJibmhqUVo2RjFIOE9zTGJ5OTRhM3RyVVVGMlU3Q2JzQ1pMMmRSS29BVkJ6ckE?oc=5,https://news.google.com/rss/search?q=orfandad+feminicidio+menores&hl=es-419&gl=MX&ceid=MX:es-419,2022-04-29T07:00:00+00:00,0.5,0.0,0.3025,Media,No,3,los cinco nin os que quedaron hue rfanos tras el feminicidio de jhovana se reencontraron con sus mascotas bolivia com,los cinco nin os que quedaron hue rfanos tras el feminicidio de jhovana se reencontraron con sus mascotas bolivia com,los cinco nin os que quedaron hue rfanos tras el feminicidio de jhovana se reencontraron con sus mascotas bolivia com los cinco nin os que quedaron hue rfanos tras el feminicidio de jhovana se reencontraron con sus mascotas bolivia com los cinco nin os que quedaron hue rfanos tras el feminicidio de jhovana se reencontraron con sus mascotas bolivia com,3,0.8596375441669438,feminicidio vi nin vi ctimas ctimas,23,0.16139396254456456,0.0021551333132566125,0.1824,Baja
Orientan a estados aplicar protocolo de atención a niñez y adolescencia en condición de orfandad por feminicidio - La Crónica de Hoy,Orientan a estados aplicar protocolo de atención a niñez y adolescencia en condición de orfandad por feminicidio La Crónica de Hoy,https://news.google.com/rss/articles/CBMizwFBVV95cUxQbmluVGUxa2ZfeVJrMHNXaWJzSVBlTU1EUEcwLXdUUGk2WG4zaDZ0YkpYOEprYlZyczQ1SkRHRHIwclV4b282ZVc5Q3pIc3duVGx0cEUzc0w1MXktYnNmMHlYQmt6bTlRZ1FEWFl0WGNMSFNnZXhrWG5qeVloZEdBZU13dF9XTE1VNXQ3TmlvdThiejNXN05vYW82RWw3dWY0bkRpZTJvMGNvTlFkZThPWndjNy1DZlJSUkZDWE00VEEtS1VjemJaNDZXVVI4Rm8?oc=5,https://news.google.com/rss/search?q=orfandad+feminicidio+menores&hl=es-419&gl=MX&ceid=MX:es-419,2022-03-25T07:00:00+00:00,0.5,0.5,0.93,Alta,Si,1,orientan a estados aplicar protocolo de atencio n a nin ez y adolescencia en condicio n de orfandad por feminicidio la cro nica de hoy,orientan a estados aplicar protocolo de atencio n a nin ez y adolescencia en condicio n de orfandad por feminicidio la cro nica de hoy,orientan a estados aplicar protocolo de atencio n a nin ez y adolescencia en condicio n de orfandad por feminicidio la cro nica de hoy orientan a estados aplicar protocolo de atencio n a nin ez y adolescencia en condicio n de orfandad por feminicidio la cro nica de hoy orientan a estados aplicar protocolo de atencio n a nin ez y adolescencia en condicio n de orfandad por feminicidio la cro nica de hoy,0,0.8798136999451074,feminicidio ctimas feminicidio vi ctimas feminicidio hijos orfandad,327,0.711495047278363,0.010995235446755137,0.5624,Alta
Se orienta a estados para aplicar protocolo de atención a niñez y adolescencia en condición de orfandad por feminicidio - Gob MX,Se orienta a estados para aplicar protocolo de atención a niñez y adolescencia en condición de orfandad por feminicidio Gob MX,https://news.google.com/rss/articles/CBMi5gFBVV95cUxOdnFzcml6dVpoY1JfdEJCNEstTk9UVWRCbzFnWXJ4enJBMDVadjJjcTNBdHBLYkZlNTB5UE1YbmRJejRUTEdTa2FvMGx4amJQSjl4RHBpTlhKODhuME5qc1h5QTZHN05mYkZYSm82b05hOUhPdHVRYmpRLUVUZWUtT0tPWTZvOVBzQ2QxenNQS0xLZjRpeTRDOWVybkM1bGloM19PSTFoc3BEUk5FQ0RuZkhhQVdUaVNpbUhfY1c2RldfNS1YY0VzbmtkTDc4UndaOXZ5TGFpM0didjNjakZPU212Si16UQ?oc=5,https://news.google.com/rss/search?q=feminicidio+ni%C3%B1os+ni%C3%B1as&hl=es-419&gl=MX&ceid=MX:es-419,2022-03-25T07:00:00+00:00,0.5,0.5,0.93,Alta,Si,1,se orienta a estados para aplicar protocolo de atencio n a nin ez y adolescencia en condicio n de orfandad por feminicidio gob mx,se orienta a estados para aplicar protocolo de atencio n a nin ez y adolescencia en condicio n de orfandad por feminicidio gob mx,se orienta a estados para aplicar protocolo de atencio n a nin ez y adolescencia en condicio n de orfandad por feminicidio gob mx se orienta a estados para aplicar protocolo de atencio n a nin ez y adolescencia en condicio n de orfandad por feminicidio gob mx se orienta a estados para aplicar protocolo de atencio n a nin ez y adolescencia en condicio n de orfandad por feminicidio gob mx,0,0.877595410676147,feminicidio ctimas feminicidio vi ctimas feminicidio hijos orfandad,326,0.711495047278363,0.011527105651425479,0.5626,Alta
Zapopan firma convenio para apoyar a víctimas indirectas de feminicidio - Gobierno Municipal de Zapopan,Zapopan firma convenio para apoyar a víctimas indirectas de feminicidio Gobierno Municipal de Zapopan,https://news.google.com/rss/articles/CBMirAFBVV95cUxOR0pwN25uVXRwZkJ0NHZfelg1S3lKamlfSFBzMkdlMTIyV3Nyd0E5OEVPSE10SDhmWDd4Qk5tYXJ5Mjc5bHctVXJFbS1Odi1VaFY3X09BbE1jWmFQbUg0MXJ5X2wyS3FmVDlGQmx1dWxpVFJxR1F0a1pFUWxxR3pneVZ3NlBtQ2FoVmhHRlotQjVtcS11aUFFLVpKWEI0RzJPMzZYOWs2eTV5SV9T?oc=5,https://news.google.com/rss/search?q=%22v%C3%ADctimas+indirectas%22+feminicidio&hl=es-419&gl=MX&ceid=MX:es-419,2022-03-18T07:00:00+00:00,0.5,0.0,0.3025,Media,No,0,zapopan firma convenio para apoyar a vi ctimas indirectas de feminicidio gobierno municipal de zapopan,zapopan firma convenio para apoyar a vi ctimas indirectas de feminicidio gobierno municipal de zapopan,zapopan firma convenio para apoyar a vi ctimas indirectas de feminicidio gobierno municipal de zapopan zapopan firma convenio para apoyar a vi ctimas indirectas de feminicidio gobierno municipal de zapopan zapopan firma convenio para apoyar a vi ctimas indirectas de feminicidio gobierno municipal de zapopan,1,0.8487034818207645,feminicidio ctimas vi ctimas vi rfanos,281,0.2373349520664215,0.018943793681839533,0.1891,Baja
El triple femicidio que conmocionó a Vinces y la indefensión de los menores en situación de orfandad - Vistazo,El triple femicidio que conmocionó a Vinces y la indefensión de los menores en situación de orfandad Vistazo,https://news.google.com/rss/articles/CBMi6gFBVV95cUxPZGlwMGJWZ29YNmxISmhCRGVnWF9BREY4TmRValJsVmpYMmdFbDlGNUVzRjZCNGcwWDBqTWllb0FYNFBTenFEb000WG15TnQ2WVdSYVZYT0twbmh6RzBEcjl3ZS1UZHBpdnpLb3lGUjJIeFRSbU9lanNWbFZjV2FmTXhDTVBGUzBNQTh0TGF1a3JVOVpvRUZGcGVVYlRoQThNajRVSTJfR2xMZWhwdVZWSXl5aUlBcEtod0U1NVdVTmw2Y0tGb05TS1VwQkktdE5ETjRveGZQWVM4ODV5b1RXOFBCMTNmN1ZtUVHSAe8BQVVfeXFMTlpfQ0MwMmZVX1Zva04tajl2VkJzRkREU0xrWWFnV3pLbGpveHNXU2RTbnlaSHEzSXJQWFpIb05aNE5LcFpneHgyV0lST3BnS1NoWUkxWk9ZZUlZZTJXZVdVdGdhamRadlE3azFCVlNWQzRrRXZLaTdDV0VTaVVUTktBdXB1T29sWFRTTGJUX1dFcWhqam5MZUQ5TEdfc0xJak9HcDVxTjFKME5YSTMyY0swTjFsYUxmSHc3NGxLaEdGR0ptZ3dOUldaTUJkbjdGRTNmSGluczVYNHBIS2YwSkQ1UTh0Rmp2VDJwVkJzVkU?oc=5,https://news.google.com/rss/search?q=orfandad+feminicidio+menores&hl=es-419&gl=MX&ceid=MX:es-419,2021-11-25T08:00:00+00:00,0.5,0.6078,1.0,Alta,Si,1,el triple femicidio que conmociono a vinces y la indefensio n de los menores en situacio n de orfandad vistazo,el triple femicidio que conmociono a vinces y la indefensio n de los menores en situacio n de orfandad vistazo,el triple femicidio que conmociono a vinces y la indefensio n de los menores en situacio n de orfandad vistazo el triple femicidio que conmociono a vinces y la indefensio n de los menores en situacio n de orfandad vistazo el triple femicidio que conmociono a vinces y la indefensio n de los menores en situacio n de orfandad vistazo,5,0.8155123994578407,feminicidio mx com orfandad cimacnoticias,315,0.06649974519585264,0.055837871906223344,0.6223,Alta
Feminicidio en Cochabamba deja tres niños en la orfandad - Opinión Bolivia,Feminicidio en Cochabamba deja tres niños en la orfandad Opinión Bolivia,https://news.google.com/rss/articles/CBMiswFBVV95cUxNMGdkNTVyVjdKQk92OE9wTVpZTUNMcU5LcE9RSFBTZHg5Ukh6N2RXU1dPcEhVamhNN2tfNmJvaEV4RVZnSS1UVDhyMk1HV1hfRVlTdXZSdGxkVUJrS3V1eVhKQlJyOTctemRqbFh5cEx1c0FBcGg5M29WX1ZzZ0pWTEtjSU13M2VHaUpkbXlESXN1NFYzemxvSkJoXy0tRkFJZElkN2RmVjVvMk9ybFY0ZEJ6b9IBuAFBVV95cUxPRWR6R0l6OUtDNGNDTnRlQ0o2ZHA5M21WSGRnZUdhWWtWX01CVnpiMzRLa0MyQVh1bG1IZnR2eUhMODdUb1hJLTM1VHE1SmZGSXotMjVYV3dHRTJOa1ZtUzF4VzBjTjZZN2Z3bDB0NkFzRlJ2bVc3b016TzRqOXUySmlHOUZocXR4UkRQbFBjX09EcWRUV2FXaHdjbjE0RXgwY1lXa1hmTGlWcF9xZ042c0Q3N0hmZ05x?oc=5,https://news.google.com/rss/search?q=orfandad+feminicidio+menores&hl=es-419&gl=MX&ceid=MX:es-419,2021-09-08T07:00:00+00:00,0.5,0.5,0.93,Alta,Si,1,feminicidio en cochabamba deja tres nin os en la orfandad opinio n bolivia,feminicidio en cochabamba deja tres nin os en la orfandad opinio n bolivia,feminicidio en cochabamba deja tres nin os en la orfandad opinio n bolivia feminicidio en cochabamba deja tres nin os en la orfandad opinio n bolivia feminicidio en cochabamba deja tres nin os en la orfandad opinio n bolivia,3,0.825036042695975,feminicidio vi nin vi ctimas ctimas,358,0.18783714673506,0.016316301493420785,0.5645,Alta
Trazan ruta para atender miles de casos de orfandad por feminicidios - La Verdad Juárez,Trazan ruta para atender miles de casos de orfandad por feminicidios La Verdad Juárez,https://news.google.com/rss/articles/CBMiqwFBVV95cUxNVF9ZT1EySGVpMEhTNkR0MXliaF9qSXlHc0xOenhKa2x3MHR5WU10dlFmaWFXeGxpeWxxNEZKaXRiQkhDbjRhWi1HZENremgwSWZZd1BZdkZzVm9rajhYS0YxMjZRVWZ6bGx3SXRwZlJfNnZ5ZXpNaU15QmlISDZ5VGIyM2NJY1VYMkZ5d2cxTTRuMTNPdHZvYklNTTlzb3d0MUpkQXNmYm9ILTA?oc=5,https://news.google.com/rss/search?q=orfandad+feminicidio+menores&hl=es-419&gl=MX&ceid=MX:es-419,2021-08-31T07:00:00+00:00,0.0,0.5,0.27,Baja,Si,1,trazan ruta para atender miles de casos de orfandad por feminicidios la verdad jua rez,trazan ruta para atender miles de casos de orfandad por feminicidios la verdad jua rez,trazan ruta para atender miles de casos de orfandad por feminicidios la verdad jua rez trazan ruta para atender miles de casos de orfandad por feminicidios la verdad jua rez trazan ruta para atender miles de casos de orfandad por feminicidios la verdad jua rez,1,0.8542416696281457,feminicidio ctimas vi ctimas vi rfanos,337,0.2461777870408155,0.010507637059965791,0.1662,Baja
"Fortalece Gobierno de México atención a niñas, niños y adolescentes en condición de orfandad por feminicidio - Gob MX","Fortalece Gobierno de México atención a niñas, niños y adolescentes en condición de orfandad por feminicidio Gob MX",https://news.google.com/rss/articles/CBMi7gFBVV95cUxQNHFCeXp5WlFSdGZyVUxJeEdlWTFNTG9lYk1FVHFwQWUwN2xLNUhyWU9VZlN6bHozVjlfczI3UUJHV1ZySW5TZHVOMXcxa2V3UDNacFpRQ0NXcjc1eTJpd3NxMGdlWlV5ckRHRlNSbGd1VHJENnV1MTRQRjNvWmlNODBMX2x4MHZpMk14M0hfam00cmk0Z1E4WnNnSXNvbmNwNXhsZjEyNGIxNDlUODg4QXdENm9aN0NZUmFwR2RWTFR2RzB2ZzNKOEp6Z19TdklqVWtMQ3MtZ2xNQ082YWxKelhJR25KVnZrUG5SajlB?oc=5,https://news.google.com/rss/search?q=feminicidio+ni%C3%B1os+ni%C3%B1as&hl=es-419&gl=MX&ceid=MX:es-419,2021-08-09T07:00:00+00:00,0.5,0.6,1.0,Alta,Si,2,fortalece gobierno de me xico atencio n a nin as nin os y adolescentes en condicio n de orfandad por feminicidio gob mx,fortalece gobierno de me xico atencio n a nin as nin os y adolescentes en condicio n de orfandad por feminicidio gob mx,fortalece gobierno de me xico atencio n a nin as nin os y adolescentes en condicio n de orfandad por feminicidio gob mx fortalece gobierno de me xico atencio n a nin as nin os y adolescentes en condicio n de orfandad por feminicidio gob mx fortalece gobierno de me xico atencio n a nin as nin os y adolescentes en condicio n de orfandad por feminicidio gob mx,3,0.8747549475972126,feminicidio vi nin vi ctimas ctimas,345,0.4476141278571939,0.029601576396018615,0.6118,Alta
A 13 años del femicidio de Rosana Galliano: cómo están hoy sus hijos - La Nación,A 13 años del femicidio de Rosana Galliano: cómo están hoy sus hijos La Nación,https://news.google.com/rss/articles/CBMiugFBVV95cUxOWmx6VnA1WjZJN3Z0Y1pJd25lU0pUdFItcU5FMU5YMG9MbWhJdWM4QWgybks2VFZ5a0FCeFdJdzZCSVpucWFScGpSWE1JVjJxRHRWN2JRd3RQODA2NGViTjRlUlYzWUd4NTNzWFdUc1VzVmdVZ0pDV3ViZVkweHFSbWpqdmdXTXlwMVo1X01MSUZJMHd3aFNkVEFmZzBWMkU5Sy1DbkZsekp0cWZfSVFteTRybUExNE90Nnc?oc=5,https://news.google.com/rss/search?q=asesinato+mujer+hijos+quedaron&hl=es-419&gl=MX&ceid=MX:es-419,2021-06-18T07:00:00+00:00,0.5,0.375,0.8254,Alta,Si,1,a 13 an os del femicidio de rosana galliano co mo esta n hoy sus hijos la nacio n,a 13 an os del femicidio de rosana galliano co mo esta n hoy sus hijos la nacio n,a 13 an os del femicidio de rosana galliano co mo esta n hoy sus hijos la nacio n a 13 an os del femicidio de rosana galliano co mo esta n hoy sus hijos la nacio n a 13 an os del femicidio de rosana galliano co mo esta n hoy sus hijos la nacio n,5,0.8578211664018555,feminicidio mx com orfandad cimacnoticias,366,0.119087632321942,0.04077205274145597,0.5115,Alta
"Covid y feminicidios, principales causas de orfandad en menores de edad - MILENIO","Covid y feminicidios, principales causas de orfandad en menores de edad MILENIO",https://news.google.com/rss/articles/CBMiogFBVV95cUxNQzgzOU9nUy1VVzlVVXV2WHZxRzdIakdMaDkwVklrNjQ5U21DQTQzNkEwa2Z3S3ZneWZ0c3Z1TXF4d05reWw1WUVjR3RfeTZhLU1GZWZ2TWhCUVYzMnkwcVJQQ3FURjNxS3VIcko3ODM2WmhSbzR0aXFvZ1dRZlJNSUN3ZnpadGhmS3dRZ2hOdHdkVW5hbUNTaDM3R19rRC1PaGfSAaIBQVVfeXFMT3h4NVVRZTdxa0FSTS00a1o0SVpoaTh2dGFCNHRiWmx3MlNKYzNJNW9YY3A5eDlXWThxaVg2eWxud2JmMzE3MENTNVVnQllRRzY2cVpmaFk2b1ltQUVBTVBCWU5OSm5MQTJjZFdYUHJGZXZ6VW1LdE1QaDhjVmlxVlBibXU0YzdRQklWdkRVNHd0RExQQkJkZU43NlpGX2VWMGpB?oc=5,https://news.google.com/rss/search?q=orfandad+violencia+genero+Mexico&hl=es-419&gl=MX&ceid=MX:es-419,2021-05-10T07:00:00+00:00,0.0,0.738,0.3985,Media,Si,1,covid y feminicidios principales causas de orfandad en menores de edad milenio,covid y feminicidios principales causas de orfandad en menores de edad milenio,covid y feminicidios principales causas de orfandad en menores de edad milenio covid y feminicidios principales causas de orfandad en menores de edad milenio covid y feminicidios principales causas de orfandad en menores de edad milenio,0,0.8381011614791076,feminicidio ctimas feminicidio vi ctimas feminicidio hijos orfandad,126,0.12545459655120345,0.029474665692106793,0.2509,Media
"Reportaje Especial: Sin política para atender a infancia en orfandad por feminicidio, a un año de su anuncio - cimacnoticias.com.mx","Reportaje Especial: Sin política para atender a infancia en orfandad por feminicidio, a un año de su anuncio cimacnoticias.com.mx",https://news.google.com/rss/articles/CBMi4AFBVV95cUxQWjBsX0xGblJyMWRmXzhLRjB1RXVHaFh4Rlg4dVFWdW10SUFPRXg4TW5sTFNfNkw3OG5ENkMzaU0yUVhlaHUxYzFFZ2R6cy0xZFp1V0R1VUNMRmJyYWdhTndYcllvRjJhNmZfMXgwQ0phSGp2bTV4NEp2Mm93SkMyTldxemlWeC1SNEZnNlZXX29EaVVQYXA1X3RCSUlaVmtSQjRqcV9sSmVnVWhNdmZmOGNDUG1TN2Y4TzZXMmo0ejB6SUlwOEE1WDc5YVZ2SXJMbW4zM1ROcXVxRUljamY0TQ?oc=5,https://news.google.com/rss/search?q=orfandad+feminicidio+menores&hl=es-419&gl=MX&ceid=MX:es-419,2021-05-10T07:00:00+00:00,0.5,0.5,0.93,Alta,Si,1,reportaje especial sin poli tica para atender a infancia en orfandad por feminicidio a un an o de su anuncio cimacnoticias com mx,reportaje especial sin poli tica para atender a infancia en orfandad por feminicidio a un an o de su anuncio cimacnoticias com mx,reportaje especial sin poli tica para atender a infancia en orfandad por feminicidio a un an o de su anuncio cimacnoticias com mx reportaje especial sin poli tica para atender a infancia en orfandad por feminicidio a un an o de su anuncio cimacnoticias com mx reportaje especial sin poli tica para atender a infancia en orfandad por feminicidio a un an o de su anuncio cimacnoticias com mx,5,0.8551798121065239,feminicidio mx com orfandad cimacnoticias,365,0.3203690469080394,0.011892045997141292,0.5628,Alta
"Maternar a infancias en orfandad, los otros daños de un feminicidio - Pie de Página","Maternar a infancias en orfandad, los otros daños de un feminicidio Pie de Página",https://news.google.com/rss/articles/CBMilAFBVV95cUxOSDJTSk5OeUNqM0dGRGJsQlBIbmlvMkhzc2FsLV8wOGdnbGVTdE5kR2tHdzdDVDU1Z3A3czJ0T1hQOWFoOEJvdW11ZUpxZ0txeDkxcFRocUNRYUNoZFgyZWozcnF5clhfNk5TWU1hZ2NKeDc3WG9iWUszUXZRcm93TjRHQ0FLaExZWjRseUYzMHcwT3Jq?oc=5,https://news.google.com/rss/search?q=orfandad+feminicidio+menores&hl=es-419&gl=MX&ceid=MX:es-419,2021-04-12T07:00:00+00:00,0.5,0.5,0.93,Alta,Si,1,maternar a infancias en orfandad los otros dan os de un feminicidio pie de pa gina,maternar a infancias en orfandad los otros dan os de un feminicidio pie de pa gina,maternar a infancias en orfandad los otros dan os de un feminicidio pie de pa gina maternar a infancias en orfandad los otros dan os de un feminicidio pie de pa gina maternar a infancias en orfandad los otros dan os de un feminicidio pie de pa gina,1,0.8495464282981913,feminicidio ctimas vi ctimas vi rfanos,337,0.5843886251773757,0.015241800649540553,0.5641,Alta
"Maternar a infancias en orfandad, los otros daños de un feminicidio - La Verdad Juárez","Maternar a infancias en orfandad, los otros daños de un feminicidio La Verdad Juárez",https://news.google.com/rss/articles/CBMiqAFBVV95cUxQYk90eFZ5TDdLOXVGdFhDSi1EVDFONWFSZWY0M0RhR0c1b2RBc281T2NZWDdQYVRTbGwwTUxMNVowdjc5SXZXbGZPdFA5dVFMYkQ5RllqeWFXTkpTVWh1Qzl0eWZ1NUxtWEdUWTFzWXlLa3h3bWhTSFpTM2JOM1o2Zng1amdHeHE2THUzc2ljaHA4WHdQV2RwaEFLaGVZZzJMVTdyYWY4Nkg?oc=5,https://news.google.com/rss/search?q=orfandad+feminicidio+menores&hl=es-419&gl=MX&ceid=MX:es-419,2021-04-12T07:00:00+00:00,0.5,0.5,0.93,Alta,Si,1,maternar a infancias en orfandad los otros dan os de un feminicidio la verdad jua rez,maternar a infancias en orfandad los otros dan os de un feminicidio la verdad jua rez,maternar a infancias en orfandad los otros dan os de un feminicidio la verdad jua rez maternar a infancias en orfandad los otros dan os de un feminicidio la verdad jua rez maternar a infancias en orfandad los otros dan os de un feminicidio la verdad jua rez,1,0.8551824636948098,feminicidio ctimas vi ctimas vi rfanos,336,0.5843886251773757,0.01365775593795509,0.5635,Alta
Recuento Violencia Feminicida en 2020 Recibidos - Rosy Ramales,Recuento Violencia Feminicida en 2020 Recibidos Rosy Ramales,https://news.google.com/rss/articles/CBMifEFVX3lxTE1IZGhfdWNMejl0YWVzTld4YTRNblQ4TFlaSWFGb0ZORE5wN0tNRHZYM2NZMFVuWmd1OTZxUzluZkhMVFBycVQyRldpazlQZmhQa2lQX0Z3d1F4elZxYVlCRG1UaGxxTkpBWk40OFVhSm15bUZMVjlJYlVTazA?oc=5,https://news.google.com/rss/search?q=%22violencia+feminicida%22+ni%C3%B1os&hl=es-419&gl=MX&ceid=MX:es-419,2021-01-02T08:00:00+00:00,0.5,0.0,0.3025,Media,No,1,recuento violencia feminicida en 2020 recibidos rosy ramales,recuento violencia feminicida en 2020 recibidos rosy ramales,recuento violencia feminicida en 2020 recibidos rosy ramales recuento violencia feminicida en 2020 recibidos rosy ramales recuento violencia feminicida en 2020 recibidos rosy ramales,0,0.8157645036963354,feminicidio ctimas feminicidio vi ctimas feminicidio hijos orfandad,350,0.10754384311984122,0.06897485875269944,0.2091,Baja
Aprueban reforma para garantizar derechos a niñez en orfandad por feminicidio - cimacnoticias.com.mx,Aprueban reforma para garantizar derechos a niñez en orfandad por feminicidio cimacnoticias.com.mx,https://news.google.com/rss/articles/CBMiugFBVV95cUxNcE0yNVdGbGFGcDR5c0dCNlJGU0tlNE1JSlBtTExNRHZab21WcWgtbzNZZXg4eS1Wd1dKRk9ZQWlSRTJqbDV2bU5OTENMOERuOE1wdUtBaUQyNVJxbEZQaXZMQm4wY2tmMk5aYlkta05jTk9xay1YSTR1cmZMVUhJYlVTQWkwdWhFT29MY0JZNXBuVWZvTG5ieks5dTVjZVpuZEo2Q1NtWFYtTVc1Nl9sd1JMNWFMbmxZUFE?oc=5,https://news.google.com/rss/search?q=orfandad+feminicidio+menores&hl=es-419&gl=MX&ceid=MX:es-419,2020-12-03T08:00:00+00:00,0.5,0.5,0.93,Alta,Si,1,aprueban reforma para garantizar derechos a nin ez en orfandad por feminicidio cimacnoticias com mx,aprueban reforma para garantizar derechos a nin ez en orfandad por feminicidio cimacnoticias com mx,aprueban reforma para garantizar derechos a nin ez en orfandad por feminicidio cimacnoticias com mx aprueban reforma para garantizar derechos a nin ez en orfandad por feminicidio cimacnoticias com mx aprueban reforma para garantizar derechos a nin ez en orfandad por feminicidio cimacnoticias com mx,2,0.8616794119253071,feminicidio hue rfanos rfanos hue rfanos feminicidio,344,0.4357224457876842,0.012399829931709024,0.563,Alta
¿Cómo prevenir la violencia feminicida? - Plumas Atómicas,¿Cómo prevenir la violencia feminicida? Plumas Atómicas,https://news.google.com/rss/articles/CBMikwFBVV95cUxPcUJNa2kteHRfZUxQTFhmcnJMbVRyVGJhd3dKOVRNZDhITGpWVkMwUnd4MFdHV2dYZVFSZldsbWpQNDJpTjg3cU5EU3hwYnJ2YzZvVHI1YXQtek9EMVY0N2tTYVVuXzZWdmpvalY3bGtoVFF2dVFVR1pPTENmczFNSWI4TGg4TnNBeXRkNXNTejI1cEk?oc=5,https://news.google.com/rss/search?q=%22violencia+feminicida%22+ni%C3%B1os&hl=es-419&gl=MX&ceid=MX:es-419,2020-12-01T08:00:00+00:00,0.5,0.0,0.3025,Media,No,1,co mo prevenir la violencia feminicida plumas ato micas,co mo prevenir la violencia feminicida plumas ato micas,co mo prevenir la violencia feminicida plumas ato micas co mo prevenir la violencia feminicida plumas ato micas co mo prevenir la violencia feminicida plumas ato micas,2,0.8258190001335597,feminicidio hue rfanos rfanos hue rfanos feminicidio,366,0.15615288644692443,0.07777645231921662,0.2126,Baja
Firman convenio para atender a hijas e hijos víctimas indirectas del feminicidio en Tlajomulco - H. Ayuntamiento de Tlajomulco de Zuñiga |,Firman convenio para atender a hijas e hijos víctimas indirectas del feminicidio en Tlajomulco H. Ayuntamiento de Tlajomulco de Zuñiga |,https://news.google.com/rss/articles/CBMiwAFBVV95cUxPOURIcWJGQnEwQjYxX3hUYkRKMWFrdldiRUNnM0JCTG9pTXJLVnZRbHoyRXN4T001ZDkzMFNjOFdIUHRra1BheXZMODROQ2JSUmFIWEdzWGFMcTV3dDFiY0JMbEY4clFZakxrbjUzZDF6aEZ3Q2lwWjVNeUVLTnFseHdLVkNqaUo3Y3RiSnpWaFBPejZkSjl6UFBMY21iMl9QdHo3VzcxdUdGZ2pZQlViYmc4T05WQ3ZNRGl5RUN5NTI?oc=5,https://news.google.com/rss/search?q=%22v%C3%ADctimas+indirectas%22+feminicidio&hl=es-419&gl=MX&ceid=MX:es-419,2020-12-01T08:00:00+00:00,0.5,0.5455,0.968,Alta,Si,0,firman convenio para atender a hijas e hijos vi ctimas indirectas del feminicidio en tlajomulco h ayuntamiento de tlajomulco de zun iga,firman convenio para atender a hijas e hijos vi ctimas indirectas del feminicidio en tlajomulco h ayuntamiento de tlajomulco de zun iga,firman convenio para atender a hijas e hijos vi ctimas indirectas del feminicidio en tlajomulco h ayuntamiento de tlajomulco de zun iga firman convenio para atender a hijas e hijos vi ctimas indirectas del feminicidio en tlajomulco h ayuntamiento de tlajomulco de zun iga firman convenio para atender a hijas e hijos vi ctimas indirectas del feminicidio en tlajomulco h ayuntamiento de tlajomulco de zun iga,1,0.861455129846488,feminicidio ctimas vi ctimas vi rfanos,121,0.22124563605300407,0.051098632307734905,0.6012,Alta
Garantía de derechos para víctimas indirectas de feminicidio: Conavim - Quadratín Michoacán,Garantía de derechos para víctimas indirectas de feminicidio: Conavim Quadratín Michoacán,https://news.google.com/rss/articles/CBMiqwFBVV95cUxNY1pYYXY1MHRaal9QcVNBTkRzRHN6bmR1eXl0c2M4UXZoeHdDU09nVnlia1haZHpkUmViM3J3amtvSEhlZEdjWTVfYmlfUWZfX1IxOU43Rm91d21tLUgycnhTcGR1aFBZcmJYcUNjLWN4M2plUjNkQVZ0YUY4dGk1MC1yQnRBS2RXYXBRa1BYRWJKVVJXZDExNHB2U3o0Um90aUFIQUhzRExmSGc?oc=5,https://news.google.com/rss/search?q=%22v%C3%ADctimas+indirectas%22+feminicidio&hl=es-419&gl=MX&ceid=MX:es-419,2020-10-22T07:00:00+00:00,0.5,0.0,0.3025,Media,No,0,garanti a de derechos para vi ctimas indirectas de feminicidio conavim quadrati n michoaca n,garanti a de derechos para vi ctimas indirectas de feminicidio conavim quadrati n michoaca n,garanti a de derechos para vi ctimas indirectas de feminicidio conavim quadrati n michoaca n garanti a de derechos para vi ctimas indirectas de feminicidio conavim quadrati n michoaca n garanti a de derechos para vi ctimas indirectas de feminicidio conavim quadrati n michoaca n,3,0.8362656039774812,feminicidio vi nin vi ctimas ctimas,347,0.1992934673617266,0.021294173793716557,0.19,Baja
"Víctimas de feminicidio necesitan reparación integral, no sólo económica - cimacnoticias.com.mx","Víctimas de feminicidio necesitan reparación integral, no sólo económica cimacnoticias.com.mx",https://news.google.com/rss/articles/CBMisgFBVV95cUxQeWJhQjhpeWd5dGV5TW92UGFKb0kwVVhQbUFhQUdKMDBjWjJ5UDZrN0tYcm9GNnVlbkVqVERMWnlwQmhrUklXdmpkVFZud1Y3ZVpNeEV4SnJ4NVdockhCcmpuVS1zTlZ4eVloM0NTYm5lVXkwRnp3N3NpTTI2Y2F2WUw0dzhmVDFwUVRBWlFwdTNpSnc5ZmlnLVlXUGpkb1RKbXJ0N3RlSTlhZDA0aVU1OXpn?oc=5,https://news.google.com/rss/search?q=orfandad+violencia+genero+Mexico&hl=es-419&gl=MX&ceid=MX:es-419,2020-08-21T07:00:00+00:00,0.5,0.0,0.3025,Media,No,0,vi ctimas de feminicidio necesitan reparacio n integral no so lo econo mica cimacnoticias com mx,vi ctimas de feminicidio necesitan reparacio n integral no so lo econo mica cimacnoticias com mx,vi ctimas de feminicidio necesitan reparacio n integral no so lo econo mica cimacnoticias com mx vi ctimas de feminicidio necesitan reparacio n integral no so lo econo mica cimacnoticias com mx vi ctimas de feminicidio necesitan reparacio n integral no so lo econo mica cimacnoticias com mx,3,0.8671418941194127,feminicidio vi nin vi ctimas ctimas,324,0.3712613617115789,0.002133146662974942,0.1824,Baja
Orfandad por feminicidio - cimacnoticias.com.mx,Orfandad por feminicidio cimacnoticias.com.mx,https://news.google.com/rss/articles/CBMic0FVX3lxTE92Rm5sZTBDczduazhNWW10MllhYVRIYlI5VGQyOFVJb3h0S0dUUExheFN0c3RsVVc5YjlxZzJpNHg1dWNycXNJOWZZd1RjdnRwVnh0TDBPNlF3Tjk3dGgtRF9QLU9sYWVRS3J3cFJzMWtjcnc?oc=5,https://news.google.com/rss/search?q=orfandad+feminicidio+menores&hl=es-419&gl=MX&ceid=MX:es-419,2020-08-13T07:00:00+00:00,0.5,0.5,0.93,Alta,Si,1,orfandad por feminicidio cimacnoticias com mx,orfandad por feminicidio cimacnoticias com mx,orfandad por feminicidio cimacnoticias com mx orfandad por feminicidio cimacnoticias com mx orfandad por feminicidio cimacnoticias com mx,5,0.8237328130894016,feminicidio mx com orfandad cimacnoticias,365,0.5551193837869499,0.022208573833638383,0.5669,Alta
"Presentan Protocolo Nacional de Atención Integral a Niñas, Niños y Adolescentes en condición de orfandad por feminicidio - cimacnoticias.com.mx","Presentan Protocolo Nacional de Atención Integral a Niñas, Niños y Adolescentes en condición de orfandad por feminicidio cimacnoticias.com.mx",https://news.google.com/rss/articles/CBMi8gFBVV95cUxNbFVtZFJCb2hGajR6Y3IxQUFKQ1R5WmE2UUh0RVZ3a0ZZUEtmNU5mb0FESnNDajFva1JQN1BabUtGUzRINVowY0k4MVdibEF1N1BDNFluTFFUbEtZV2I4OEJJS0hLbkgzNmxRRVJHa18wemFCRUZZWGxhdGJKYV92ejZ0ZmR3eHdDeW80bzVyMF9FYjZ4RTFTLV9qSV9mYklLaDlXX0sxdGxVbUF1cWN0MzFKeEJiWVJxQ3EzT3pLbEw5OXVuV0xwV3dVY09XSG1WNnZWMkFzLW5TcGU1TVlyMUpqcVNCTFZiclpmUkVnZnNLdw?oc=5,https://news.google.com/rss/search?q=orfandad+violencia+genero+Mexico&hl=es-419&gl=MX&ceid=MX:es-419,2020-07-21T07:00:00+00:00,0.5,0.6,1.0,Alta,Si,2,presentan protocolo nacional de atencio n integral a nin as nin os y adolescentes en condicio n de orfandad por feminicidio cimacnoticias com mx,presentan protocolo nacional de atencio n integral a nin as nin os y adolescentes en condicio n de orfandad por feminicidio cimacnoticias com mx,presentan protocolo nacional de atencio n integral a nin as nin os y adolescentes en condicio n de orfandad por feminicidio cimacnoticias com mx presentan protocolo nacional de atencio n integral a nin as nin os y adolescentes en condicio n de orfandad por feminicidio cimacnoticias com mx presentan protocolo nacional de atencio n integral a nin as nin os y adolescentes en condicio n de orfandad por feminicidio cimacnoticias com mx,2,0.8850600769038403,feminicidio hue rfanos rfanos hue rfanos feminicidio,332,0.4476141278571939,0.029120162772077768,0.6116,Alta
El año pasado identificaron 796 casos de menores en orfandad por feminicidio - La Jornada,El año pasado identificaron 796 casos de menores en orfandad por feminicidio La Jornada,https://news.google.com/rss/articles/CBMixwFBVV95cUxPSGZsclI1RHFfRFlXMTdSUUloYWNGLVJaUUZGeHRaNHplSlZydERLM0J0eVZweTViTXJVWEt3UXU5NTB6bExUYVlqRE54b1c4RGx2dXN6bFVvSk00NUJUdnZsd3NtbTZVMDRjWFhNTmc2MzRxcmdzN3RwbXRKbGdZelpwTjNnV2FSbk9CWjZMenJBQ0FlZnIyUTBYUGVvVDJQYVlyc1ZPbTdTVF80Y05mNGlxbWU1VUQ1dS1UQ3BBOWdnaWFOeXRR?oc=5,https://news.google.com/rss/search?q=orfandad+feminicidio+menores&hl=es-419&gl=MX&ceid=MX:es-419,2020-07-20T07:00:00+00:00,0.5,0.6078,1.0,Alta,Si,1,el an o pasado identificaron 796 casos de menores en orfandad por feminicidio la jornada,el an o pasado identificaron 796 casos de menores en orfandad por feminicidio la jornada,el an o pasado identificaron 796 casos de menores en orfandad por feminicidio la jornada el an o pasado identificaron 796 casos de menores en orfandad por feminicidio la jornada el an o pasado identificaron 796 casos de menores en orfandad por feminicidio la jornada,0,0.8482412045743261,feminicidio ctimas feminicidio vi ctimas feminicidio hijos orfandad,265,0.11558250568215842,0.03681364689672064,0.6147,Alta
Asistencia económica para víctimas indirectas del feminicidio - Congreso,Asistencia económica para víctimas indirectas del feminicidio Congreso,https://news.google.com/rss/articles/CBMirwFBVV95cUxNc1FxdUM3N05RNmJOVDZ0Y2FYM0JLMGpOM1ZOd09lMlVfZmQ5cXdDaFRseW9OUXJ6MDJWRWZkWGcwQi12cF9wTTRRSU5SbWpWWXhiU1VGbkVFSUh3LUpNd1JDZEI5WUxWOGhGeG5qdHNSUVpJNzNwMmZHcElLQmF2bmx2bDhHQjhtVFB5VHZhamthZXNZNkVqRWNZa3BYNzY3RGdFMFdkU0dOanp1VjJB?oc=5,https://news.google.com/rss/search?q=%22v%C3%ADctimas+indirectas%22+feminicidio&hl=es-419&gl=MX&ceid=MX:es-419,2020-02-28T08:00:00+00:00,0.5,0.0,0.3025,Media,No,0,asistencia econo mica para vi ctimas indirectas del feminicidio congreso,asistencia econo mica para vi ctimas indirectas del feminicidio congreso,asistencia econo mica para vi ctimas indirectas del feminicidio congreso asistencia econo mica para vi ctimas indirectas del feminicidio congreso asistencia econo mica para vi ctimas indirectas del feminicidio congreso,3,0.8409849894876837,feminicidio vi nin vi ctimas ctimas,349,0.31156288482538586,0.027345119232218933,0.1924,Baja
"Intervención de la Doctora Marcela Lagarde, en el Conversatorio, La violencia feminicida y el feminicidio - INE","Intervención de la Doctora Marcela Lagarde, en el Conversatorio, La violencia feminicida y el feminicidio INE",https://news.google.com/rss/articles/CBMizgFBVV95cUxNWWJzVVF3bzdDNVhUNGxHVFFuMTQxWUpTQktCdG80VGt5dXFVM0RYbFF1U0hTTEppS2g4SG1tVGYxd21NNmxWeXB1b3VlSkNkRkdKV3h4S1RPUzRkYkRmaWtTZ3MxaFZIMXJDSzg1Y0I3WmpzeGJKMW9paFZYa0NPOHQyNXlYMHVwYTlDTUtJd0k5SzMxbmIyUlIybkRlWnJHWFNwcEM0aTRKVm1icTZ3YWJZZHNaMzdrR2VjZFg5TGdfZ05qcDRnMkppUUZ1QQ?oc=5,https://news.google.com/rss/search?q=%22violencia+feminicida%22+ni%C3%B1os&hl=es-419&gl=MX&ceid=MX:es-419,2020-02-19T08:00:00+00:00,0.6667,0.0,0.4033,Media,No,1,intervencio n de la doctora marcela lagarde en el conversatorio la violencia feminicida y el feminicidio ine,intervencio n de la doctora marcela lagarde en el conversatorio la violencia feminicida y el feminicidio ine,intervencio n de la doctora marcela lagarde en el conversatorio la violencia feminicida y el feminicidio ine intervencio n de la doctora marcela lagarde en el conversatorio la violencia feminicida y el feminicidio ine intervencio n de la doctora marcela lagarde en el conversatorio la violencia feminicida y el feminicidio ine,1,0.8324975504829463,feminicidio ctimas vi ctimas vi rfanos,350,0.09370802922569252,0.08477998291508185,0.2759,Media
Aprueban Reglamento del Decreto que establece asistencia económica para hijos de las víctimas de feminicidio - LP | Pasión por el Derecho,Aprueban Reglamento del Decreto que establece asistencia económica para hijos de las víctimas de feminicidio LP | Pasión por el Derecho,https://news.google.com/rss/articles/CBMiqwFBVV95cUxNSkhDVHVRM1ROWUhrQjktSVpiSGgtRTZpU3E5T0NLb0wzSWdwOHl5NTNSelNvaWtwSGktS0dhWGhvTkhNcWtWQnM2ZHlUQl93U1ZVcExObmZpT3ljdXpvcDZha0IxdEduOEdNZmlaNGtqa0Z1M1c5d0VwUXIySWZwcEVsbUR3Zl9fbS1IejVrR0hSbjZzeVVQZlBTTlJHQVJTakl0ZzdZMndjM0U?oc=5,https://news.google.com/rss/search?q=%22v%C3%ADctimas+indirectas%22+feminicidio&hl=es-419&gl=MX&ceid=MX:es-419,2020-02-10T08:00:00+00:00,0.5,0.375,0.8254,Alta,Si,0,aprueban reglamento del decreto que establece asistencia econo mica para hijos de las vi ctimas de feminicidio lp pasio n por el derecho,aprueban reglamento del decreto que establece asistencia econo mica para hijos de las vi ctimas de feminicidio lp pasio n por el derecho,aprueban reglamento del decreto que establece asistencia econo mica para hijos de las vi ctimas de feminicidio lp pasio n por el derecho aprueban reglamento del decreto que establece asistencia econo mica para hijos de las vi ctimas de feminicidio lp pasio n por el derecho aprueban reglamento del decreto que establece asistencia econo mica para hijos de las vi ctimas de feminicidio lp pasio n por el derecho,0,0.867904530710514,feminicidio ctimas feminicidio vi ctimas feminicidio hijos orfandad,347,0.31156288482538586,0.014061138130055221,0.5009,Alta
Violencia feminicida en en República Dominicana - Afroféminas,Violencia feminicida en en República Dominicana Afroféminas,https://news.google.com/rss/articles/CBMiiwFBVV95cUxPUUtmVHQxSTZmUXRKOEVpd2FaTk1jRFJDTkhBVkIwRFBBVW8zajlueXNGZlcycFNGMk9lVmpmWXFSVUNSZFhoNkNEX0puS3gzVk9VRXU5UG1ULTktWFRBZUpMM2Q5b28wV0RQX0k2UEEzVlFkUnRlN0hwd0RpaXVkUlByVHIzTXVHRzFv?oc=5,https://news.google.com/rss/search?q=%22violencia+feminicida%22+ni%C3%B1os&hl=es-419&gl=MX&ceid=MX:es-419,2020-01-21T08:00:00+00:00,0.5,0.0,0.3025,Media,No,1,violencia feminicida en en repu blica dominicana afrofe minas,violencia feminicida en en repu blica dominicana afrofe minas,violencia feminicida en en repu blica dominicana afrofe minas violencia feminicida en en repu blica dominicana afrofe minas violencia feminicida en en repu blica dominicana afrofe minas,1,0.8104008057096218,feminicidio ctimas vi ctimas vi rfanos,365,0.40535607246577404,0.08352386396888996,0.2149,Baja
Arman colecta de juguetes para hijos de víctimas de feminicidio - Chilango,Arman colecta de juguetes para hijos de víctimas de feminicidio Chilango,https://news.google.com/rss/articles/CBMickFVX3lxTE94MHE5UEFTNVpDRTVDT2hSOEhoYm1uZ0ZWZnppaGx6aGtmTGVnSWVaNXhCelM1M0l6b1NTazhmZXQ3ajRWZEwtYVFGc29IZlNBMkNSa19qMkhid04tRkZxUTRfTGxjYTdYRHRwUFNlOG1uUdIBd0FVX3lxTE8zek1vSWdwbEpBd1lWUW5aeVIwQXAzUkQ1TU1TdkJzYkRER1RNU2w2Uzg3dlJYcm50Z0hic1hMQW1PNktqMDdFbDZJWHQwLWZNNTRRUFpKWFl5eHV5S0wxZ3lpa25HZEdFb0s3NUlvRHRRRGRqSGw4?oc=5,https://news.google.com/rss/search?q=feminicidio+hijos+menores+M%C3%A9xico&hl=es-419&gl=MX&ceid=MX:es-419,2019-12-27T08:00:00+00:00,0.5,0.375,0.8254,Alta,Si,0,arman colecta de juguetes para hijos de vi ctimas de feminicidio chilango,arman colecta de juguetes para hijos de vi ctimas de feminicidio chilango,arman colecta de juguetes para hijos de vi ctimas de feminicidio chilango arman colecta de juguetes para hijos de vi ctimas de feminicidio chilango arman colecta de juguetes para hijos de vi ctimas de feminicidio chilango,2,0.831670311142008,feminicidio hue rfanos rfanos hue rfanos feminicidio,70,0.24946962704061101,0.019550969600171622,0.5031,Alta
"Las otras víctimas del feminicidio en México: 3,000 huérfanos - Expansión Política","Las otras víctimas del feminicidio en México: 3,000 huérfanos Expansión Política",https://news.google.com/rss/articles/CBMirwFBVV95cUxNWkhhNm5pZFNRWHJzQmtFN3BWTlJaUjJJYkgxRE5ncmlhUUhZZ0lFRWpKVFc3TmlXa1pONk9vaG1lUm1RRVlCbnlEdGZfbmJmd3NpelVYZGNVRU81SnNIRVBBX3hDZHBMOWFMbVY4U2xpTGIzLVIyRGhzdjBnUEdkdmhobmlELW92TkVWNVRSbnhUUW5nZjlBUVZseUtNT0QtV3pvdV9GbUdrdWx1dVpn0gG8AUFVX3lxTFBLNXZJMUF1TUtFaU9jQWNuWWFfZ0RwaXFfdVVlZWN4Z19sazhkLTVDYjVjTnc5Z3dQbGNnb2dOaDFSS3RnQl9HZndWQWdBdkM5bWswcFB5TlZFR01weGVEQ2tON2ZxMEdRU295aHVncTBQb0tZTmxrY3ZtS1d4T2RONWpFSGM0VS11UHFSU3Y2TTk5aHc3OEZTNjltREwxTzJOQnplMUp1emZaOW5QZTFfSGxtTnJJdjFlaVlU?oc=5,https://news.google.com/rss/search?q=orfandad+violencia+genero+Mexico&hl=es-419&gl=MX&ceid=MX:es-419,2019-12-06T08:00:00+00:00,0.5,0.0,0.3025,Media,No,0,las otras vi ctimas del feminicidio en me xico 3 000 hue rfanos expansio n poli tica,las otras vi ctimas del feminicidio en me xico 3 000 hue rfanos expansio n poli tica,las otras vi ctimas del feminicidio en me xico 3 000 hue rfanos expansio n poli tica las otras vi ctimas del feminicidio en me xico 3 000 hue rfanos expansio n poli tica las otras vi ctimas del feminicidio en me xico 3 000 hue rfanos expansio n poli tica,3,0.843509471355588,feminicidio vi nin vi ctimas ctimas,168,0.2841307089695659,0.002239846073087861,0.1824,Baja
Abril y la crónica de otro feminicidio casi anunciado en la CDMX - Proceso,Abril y la crónica de otro feminicidio casi anunciado en la CDMX Proceso,https://news.google.com/rss/articles/CBMixAFBVV95cUxQeWMzNUUxY2tyZTJrcU5Xdmg3N1c4LWQtUGdkTGRKSFZQekZOWkNBd0lXaVlkMGd5S09QQzVJbVZtQWRTZm1OUGU2Z3lYOGxNeThuU3AzLUQwdG5Wd3VoT0JQS0k0MFFMYnBVQ25oWjEyRTdWZzlrMUNwaVhWeXlKbldCTkhVM3lNNElUcTlkVng2U2hkb0E4QWNtUldvelBzWGRPVGlndnpoYjhvSUpmb05lSktvcmZlT3NlRlM2cWtsTllP0gHEAUFVX3lxTFB5YzM1RTFja3JlMmtxTld2aDc3VzgtZC1QZ2RMZEpIVlB6Rk5aQ0F3SVdpWWQwZ3lLT1BDNUltVm1BZFNmbU5QZTZneVg4bE15OG5TcDMtRDB0blZ3dWhPQlBLSTQwUUxicFVDbmhaMTJFN1ZnOWsxQ3BpWFZ5eUpuV0JOSFUzeU00SVRxOWRWeDZTaGRvQThBY21SV296UHNYZE9UaWd2emhiOG9JSmZvTmVKS29yZmVPc2VGUzZxa2xOWU8?oc=5,https://news.google.com/rss/search?q=feminicidio+hijos+menores+M%C3%A9xico&hl=es-419&gl=MX&ceid=MX:es-419,2019-11-28T08:00:00+00:00,0.5,0.0,0.3025,Media,No,1,abril y la cro nica de otro feminicidio casi anunciado en la cdmx proceso,abril y la cro nica de otro feminicidio casi anunciado en la cdmx proceso,abril y la cro nica de otro feminicidio casi anunciado en la cdmx proceso abril y la cro nica de otro feminicidio casi anunciado en la cdmx proceso abril y la cro nica de otro feminicidio casi anunciado en la cdmx proceso,2,0.8198681812828889,feminicidio hue rfanos rfanos hue rfanos feminicidio,270,0.1435357990887051,0.002332041461343338,0.1824,Baja
Reformar Ley de Víctimas para niñez en orfandad por feminicidio en BC - cimacnoticias.com.mx,Reformar Ley de Víctimas para niñez en orfandad por feminicidio en BC cimacnoticias.com.mx,https://news.google.com/rss/articles/CBMirwFBVV95cUxNTTM1YlBXc0hfMXRpVE1rSTMxQ1Rid2hhNFd0SE9yN1YydXhMMk1BVkMxaFVxb2RHR2RmTGg4eWJNbE05SDNNN3daSFhmcnFWUC1OMGRudWJ3cEMzUjBVRWxSXzRIMVpBNjFTR1N3WDZMVHUxc21ZamZwVmxTWnlKb2d0Nzk0MllXaG00NVBfTEpRVjBpcDJNbWU1dHRzSUZPdV9YcDJxclFxSWdveWZ3?oc=5,https://news.google.com/rss/search?q=%22v%C3%ADctimas+indirectas%22+feminicidio&hl=es-419&gl=MX&ceid=MX:es-419,2019-11-04T08:00:00+00:00,0.5,0.5,0.93,Alta,Si,1,reformar ley de vi ctimas para nin ez en orfandad por feminicidio en bc cimacnoticias com mx,reformar ley de vi ctimas para nin ez en orfandad por feminicidio en bc cimacnoticias com mx,reformar ley de vi ctimas para nin ez en orfandad por feminicidio en bc cimacnoticias com mx reformar ley de vi ctimas para nin ez en orfandad por feminicidio en bc cimacnoticias com mx reformar ley de vi ctimas para nin ez en orfandad por feminicidio en bc cimacnoticias com mx,5,0.8600517809862097,feminicidio mx com orfandad cimacnoticias,339,0.3914421578416359,0.012819581710315728,0.5631,Alta
Mata a su esposa frente a sus hijos - El Sol de México,Mata a su esposa frente a sus hijos El Sol de México,https://news.google.com/rss/articles/CBMiygFBVV95cUxNeFdXUXF6NHQ4NFJmUG1jVGZ2X2VHV2xIQk5BTDh2dE1UMVZpWEtSMlcxVmM1SmlYbDhoZk1KTGZyWmhsZUxieFRBelJzOHphWlpBUU5NUGtRaWZpZ3psbDhxRDYzLUU0YW5yR1plOFU3V2lCb3MwRS1ta0dzSl85em9hNnQ3V29mZ2IwQVphcVk4dmczSE1HclpjN3lnQzBNNmRxQ1hweEtaT21LWV9NaElWclFBcFg3akJYV3cyVnBDUFUxWGhILTZB?oc=5,https://news.google.com/rss/search?q=feminicidio+hijos+menores+M%C3%A9xico&hl=es-419&gl=MX&ceid=MX:es-419,2019-10-09T07:00:00+00:00,0.4595,0.375,0.6533,Alta,Si,1,mata a su esposa frente a sus hijos el sol de me xico,mata a su esposa frente a sus hijos el sol de me xico,mata a su esposa frente a sus hijos el sol de me xico mata a su esposa frente a sus hijos el sol de me xico mata a su esposa frente a sus hijos el sol de me xico,1,0.8144510605977687,feminicidio ctimas vi ctimas vi rfanos,178,0.20832511008383192,0.020327429392429697,0.4001,Alta
Los niños y adolescentes del feminicidio: la situación de las víctimas invisibles de la violencia de género en el Perú - RPP,Los niños y adolescentes del feminicidio: la situación de las víctimas invisibles de la violencia de género en el Perú RPP,https://news.google.com/rss/articles/CBMi7AFBVV95cUxNcWNwZndFdTFHRlBQRzItcWxxaENMWm8zUkxuMkpQS0xibjNOMVhDdGl1Y2JKSXNmZ3ZIakxfdHBxMV81WHdTS21tTFVaV3JzRGtPakEtY0szdFpGN0VVUXRzYmhLbURfLXhwUFFKd1M1cThjMGZ6ZkRSbXBPU1l6V2ZyVlNEVzJRNktVcUM2ZDNaY0p0c0R1NmFxNHktbjJ4RGNzaktRQ1QySGUwOXo4Z2xTWE1MUzZWaWg1dmlxb1pTX1FyNktDYXIwYWcxbVpYWlpqa2JZVFFqQk5uOUdZZWk5R2NrZWs0UXd1Ug?oc=5,https://news.google.com/rss/search?q=%22violencia+contra+la+mujer%22+menores+hu%C3%A9rfanos&hl=es-419&gl=MX&ceid=MX:es-419,2019-08-26T07:00:00+00:00,0.5,0.3333,0.7246,Alta,Si,0,los nin os y adolescentes del feminicidio la situacio n de las vi ctimas invisibles de la violencia de ge nero en el peru rpp,los nin os y adolescentes del feminicidio la situacio n de las vi ctimas invisibles de la violencia de ge nero en el peru rpp,los nin os y adolescentes del feminicidio la situacio n de las vi ctimas invisibles de la violencia de ge nero en el peru rpp los nin os y adolescentes del feminicidio la situacio n de las vi ctimas invisibles de la violencia de ge nero en el peru rpp los nin os y adolescentes del feminicidio la situacio n de las vi ctimas invisibles de la violencia de ge nero en el peru rpp,5,0.8705571320767915,feminicidio mx com orfandad cimacnoticias,59,0.15523130717198402,0.0498324043711908,0.4547,Alta
Omisiones y falta de registro dejan a huérfanos por feminicidio sin reparación del daño - Animal Politico,Omisiones y falta de registro dejan a huérfanos por feminicidio sin reparación del daño Animal Politico,https://news.google.com/rss/articles/CBMiggFBVV95cUxNam9PRS1XT3VkSG5OeTcwYlZFT29RbFhuWXJNT1pqSlJzRTlxdi1ULUN6eW5remRrN0NJT01iVmJCUDFXdW1MX0pJU0VpSEtVMERDRVJReXp1VlVHTHE2WklpRkFteWVjNmcyN0k4clotZUN2MTRmM0poSEVkS29QbXV3?oc=5,https://news.google.com/rss/search?q=%22v%C3%ADctimas+indirectas%22+feminicidio&hl=es-419&gl=MX&ceid=MX:es-419,2019-08-20T07:00:00+00:00,0.5,0.0,0.3025,Media,No,3,omisiones y falta de registro dejan a hue rfanos por feminicidio sin reparacio n del dan o animal politico,omisiones y falta de registro dejan a hue rfanos por feminicidio sin reparacio n del dan o animal politico,omisiones y falta de registro dejan a hue rfanos por feminicidio sin reparacio n del dan o animal politico omisiones y falta de registro dejan a hue rfanos por feminicidio sin reparacio n del dan o animal politico omisiones y falta de registro dejan a hue rfanos por feminicidio sin reparacio n del dan o animal politico,4,0.8571781009627141,hue hue rfanos rfanos feminicidio rfanos feminicidio,273,0.17880729211014748,0.00194399216124059,0.1823,Baja
¿Qué pasa con niñas y niños en orfandad por feminicidio? - ladobe.com.mx,¿Qué pasa con niñas y niños en orfandad por feminicidio? ladobe.com.mx,https://news.google.com/rss/articles/CBMikwFBVV95cUxNbWlnSVl5WTYxNndLUUp2U05SZFYwUmpXTTNmMmlTS3pIVG03SUFXcmgtWnlQQV9RYVB0YUs1YUZhbmRaUUQ0RWdFOHU5cDgwdnJEeUJNWFJ6OTNwTW16V1p3UE9mZi04bFdKWWVfclhwaWZXN1ZZa01TUDdXNHcxVlVvbC1GdldFMXQxcDM5eDdwVGs?oc=5,https://news.google.com/rss/search?q=orfandad+feminicidio+menores&hl=es-419&gl=MX&ceid=MX:es-419,2019-08-13T07:00:00+00:00,0.5,0.5,0.93,Alta,Si,2,que pasa con nin as y nin os en orfandad por feminicidio ladobe com mx,que pasa con nin as y nin os en orfandad por feminicidio ladobe com mx,que pasa con nin as y nin os en orfandad por feminicidio ladobe com mx que pasa con nin as y nin os en orfandad por feminicidio ladobe com mx que pasa con nin as y nin os en orfandad por feminicidio ladobe com mx,3,0.8527120610472436,feminicidio vi nin vi ctimas ctimas,63,0.24268287191681415,0.01590000057137896,0.5644,Alta
María del Pilar Hurtado: el asesinato de una mujer frente a sus hijos que indigna a Colombia - BBC,María del Pilar Hurtado: el asesinato de una mujer frente a sus hijos que indigna a Colombia BBC,https://news.google.com/rss/articles/CBMiakFVX3lxTE1EcjNRZ3B3QnlQR0prRnY3MFAxam5TRTRzYkZjZV9oR2tBaWx5UXNPeW1HTHlRdFhSd05kRmRkaHN0SlRsOTVHWjlEbWxZejM2T3pmRlBWUUo1UXh1bXFRQjBNUGdwSVk2U2fSAW9BVV95cUxPaFR6eU1BSkdQWW96WjhvUC1YdXk2NjcwZEJVbXk3SXBlUkxnM09XWE9CYjZBTFRXYndWREItaFNKSEQzNkVLS3hkSDkyMmZRNDA3X1VxZk1WNlBScExWYTBReVdOTVE2bkd3a2k5clk?oc=5,https://news.google.com/rss/search?q=asesinato+mujer+hijos+quedaron&hl=es-419&gl=MX&ceid=MX:es-419,2019-06-22T07:00:00+00:00,0.4737,0.375,0.7985,Alta,Si,1,mari a del pilar hurtado el asesinato de una mujer frente a sus hijos que indigna a colombia bbc,mari a del pilar hurtado el asesinato de una mujer frente a sus hijos que indigna a colombia bbc,mari a del pilar hurtado el asesinato de una mujer frente a sus hijos que indigna a colombia bbc mari a del pilar hurtado el asesinato de una mujer frente a sus hijos que indigna a colombia bbc mari a del pilar hurtado el asesinato de una mujer frente a sus hijos que indigna a colombia bbc,5,0.8619076698703109,feminicidio mx com orfandad cimacnoticias,188,0.1233758091150664,0.15279767805511946,0.5402,Alta
Niñez en riesgo: feminicidio infantil - Ciencia UNAM,Niñez en riesgo: feminicidio infantil Ciencia UNAM,https://news.google.com/rss/articles/CBMiekFVX3lxTE1PV2pBTzY3QXEyVllhbFNObERyZ0FqX1p5ZEl6VEtVcm5leV9wVENJWXBydU56bUZWaGlXR1lCZ1lsUFFfZlo4THk2dklxNW5KYnRrdTF2d2x0TVlwRnR5SHRqeVlIQXJnclhHN0FidzYxUnZkWUhXSGlR?oc=5,https://news.google.com/rss/search?q=feminicidio+ni%C3%B1os+ni%C3%B1as&hl=es-419&gl=MX&ceid=MX:es-419,2019-06-03T07:00:00+00:00,0.5,0.3103,0.707,Alta,Si,1,nin ez en riesgo feminicidio infantil ciencia unam,nin ez en riesgo feminicidio infantil ciencia unam,nin ez en riesgo feminicidio infantil ciencia unam nin ez en riesgo feminicidio infantil ciencia unam nin ez en riesgo feminicidio infantil ciencia unam,3,0.8121874155482464,feminicidio vi nin vi ctimas ctimas,354,0.11914187880665122,0.0025446965241803215,0.4252,Alta
En los últimos nueve años casi tres mil hijas e hijos de todo el país se quedaron sin madre por femicidios - Chequeado,En los últimos nueve años casi tres mil hijas e hijos de todo el país se quedaron sin madre por femicidios Chequeado,https://news.google.com/rss/articles/CBMi2gFBVV95cUxPTUtMaWY3RGhfbHl0VHdCM2NTaFdTX1h2T1VDWFlXdE5Mb29vQUZhY2VyZF9CNmxaM1RlWDdCWVI5MzNnRWJPZ1N5aDFZdno2SnJoUXBmUUJEd1VPYVZrRTdjdzI3OGZkRHI1emhOczdoUXhSV3lIS1FHcVVDZVpsRUlTS2pUS3NWMVJUWU03a2x1UTBYb2h3TmVxZkh4Wmhjc1cyX2RRQmU1RWRoWjJGemswNFRqdlZrZnFTb3dYYXRHeXRBR0pGMkxkeXJMS0R0SzNhRTdtTkRXQQ?oc=5,https://news.google.com/rss/search?q=asesinato+mujer+hijos+quedaron&hl=es-419&gl=MX&ceid=MX:es-419,2018-11-06T11:32:15+00:00,0.0,0.5455,0.2945,Baja,Si,1,en los u ltimos nueve an os casi tres mil hijas e hijos de todo el pai s se quedaron sin madre por femicidios chequeado,en los u ltimos nueve an os casi tres mil hijas e hijos de todo el pai s se quedaron sin madre por femicidios chequeado,en los u ltimos nueve an os casi tres mil hijas e hijos de todo el pai s se quedaron sin madre por femicidios chequeado en los u ltimos nueve an os casi tres mil hijas e hijos de todo el pai s se quedaron sin madre por femicidios chequeado en los u ltimos nueve an os casi tres mil hijas e hijos de todo el pai s se quedaron sin madre por femicidios chequeado,5,0.8704051118746082,feminicidio mx com orfandad cimacnoticias,170,0.09472665302608915,0.04326811555564467,0.194,Baja
"Tras el feminicidio de Litzi Sarahí, de 16 años, otorgan custodia de su hijo a abuelos paternos en Zacatecas - El Universal","Tras el feminicidio de Litzi Sarahí, de 16 años, otorgan custodia de su hijo a abuelos paternos en Zacatecas El Universal",https://news.google.com/rss/articles/CBMiswFBVV95cUxPVTFkU3RNRDkzV2o4ZG95UnZiX0E2RmkySjJXdGY2ZVFKLWpnVWNGNEg0eW5BaGZENEpRQXNnVWU3ZUcyM29xYzd6dXRCWDdUd3RGTG1MM1NjRjBPWTI5SF9zOTBoYTVfNkIxV3RqelY5Yl81XzluS2x1Y0RScTdtc3R1XzlGRzFmaE0tcGFkMF83YTJXcEFNZ1BycU4tMmxSNFdrMmFCaGhJTWZhTXNMYzR4b9IBxwFBVV95cUxPOTN0NnNiOVRUZGx6V0dOT25YZzhDOXVxdTdiZmthdW9PamkzY1B0TTE2cHZxY0FkZk4zdmV0YVEzMm0yTmt3R3ZiclppazV2YnZpTGpnczRTbkRhOGJNc1BiWHFzZVV5S21kbHlsRUVvMExtdjlLVGstRVBDQXdZUU1WeHM5Tm9fWGJITHA1SGtQREhqUXE1WHB0ZnFmSmNFcnlCMlVJcDV4bDZkb1dIWnFjek40LTJkMGl1ZVQza2NadU9CRS00?oc=5,https://news.google.com/rss/search?q=DIF+custodia+feminicidio+hijos&hl=es-419&gl=MX&ceid=MX:es-419,2018-10-11T07:00:00+00:00,0.5,0.5,0.93,Alta,Si,1,tras el feminicidio de litzi sarahi de 16 an os otorgan custodia de su hijo a abuelos paternos en zacatecas el universal,tras el feminicidio de litzi sarahi de 16 an os otorgan custodia de su hijo a abuelos paternos en zacatecas el universal,tras el feminicidio de litzi sarahi de 16 an os otorgan custodia de su hijo a abuelos paternos en zacatecas el universal tras el feminicidio de litzi sarahi de 16 an os otorgan custodia de su hijo a abuelos paternos en zacatecas el universal tras el feminicidio de litzi sarahi de 16 an os otorgan custodia de su hijo a abuelos paternos en zacatecas el universal,0,0.8715117036164033,feminicidio ctimas feminicidio vi ctimas feminicidio hijos orfandad,32,0.056402534780915614,0.03551013267598988,0.5722,Alta
Marchan mujeres en San Cristóbal para exigir un alto a la violencia feminicida y las desapariciones - Proceso,Marchan mujeres en San Cristóbal para exigir un alto a la violencia feminicida y las desapariciones Proceso,https://news.google.com/rss/articles/CBMi8gFBVV95cUxOQWFvbXBHQThJSlRPYTExZXlDV1dRMlF4MHFlRHBPTG82LS1UV2ozb2FmMEpGR2EyQ3JQOFlrUENNNnc0YU8zV0FDSU1aT3ZEb0VGOUZ2X0FLUUJZbWNqZlI3U0J4cUd1RU1fZURQM2o5aUcxWFFXUzEwUmpfUVkxU2g0ZEFqTF80LWFJeWRLSDBhWWxvVkxDUllLNHhKdFZqMGNoQ0pUeUM1SHNESlRXNXRDazBaYTJ1aWh5cElWeWVRNnd3bXMzMWc4V0ZMSW96Mm1RVFJESHJwNU0xX2c3Vy1FaFY1TW5kaFpubUh1clFVZ9IB8gFBVV95cUxOQWFvbXBHQThJSlRPYTExZXlDV1dRMlF4MHFlRHBPTG82LS1UV2ozb2FmMEpGR2EyQ3JQOFlrUENNNnc0YU8zV0FDSU1aT3ZEb0VGOUZ2X0FLUUJZbWNqZlI3U0J4cUd1RU1fZURQM2o5aUcxWFFXUzEwUmpfUVkxU2g0ZEFqTF80LWFJeWRLSDBhWWxvVkxDUllLNHhKdFZqMGNoQ0pUeUM1SHNESlRXNXRDazBaYTJ1aWh5cElWeWVRNnd3bXMzMWc4V0ZMSW96Mm1RVFJESHJwNU0xX2c3Vy1FaFY1TW5kaFpubUh1clFVZw?oc=5,https://news.google.com/rss/search?q=%22violencia+feminicida%22+ni%C3%B1os&hl=es-419&gl=MX&ceid=MX:es-419,2018-06-01T07:00:00+00:00,0.5,0.0,0.3025,Media,No,1,marchan mujeres en san cristo bal para exigir un alto a la violencia feminicida y las desapariciones proceso,marchan mujeres en san cristo bal para exigir un alto a la violencia feminicida y las desapariciones proceso,marchan mujeres en san cristo bal para exigir un alto a la violencia feminicida y las desapariciones proceso marchan mujeres en san cristo bal para exigir un alto a la violencia feminicida y las desapariciones proceso marchan mujeres en san cristo bal para exigir un alto a la violencia feminicida y las desapariciones proceso,1,0.8512868871123928,feminicidio ctimas vi ctimas vi rfanos,350,0.08189364449876577,0.061998560078313586,0.2063,Baja
A mamá la mataron: quiénes son y dónde están los huérfanos del feminicidio en México - Infobae,A mamá la mataron: quiénes son y dónde están los huérfanos del feminicidio en México Infobae,https://news.google.com/rss/articles/CBMizwFBVV95cUxNQmU5YWM3d1RIRFJ6eXlPU0tzLWt1QWRWcmN5ekU3NkpEeFJiMTNPSEZ6T2RtS25LdHNxMUZCUDVhU0NiTmxOMGNoQlN3amZsZVpkcHpFUTBPM2ZnOXNrdjdHR3k4TWt5NU5ER0p5MjNjZGY5WG1JWDc0cU91ZGhjcUhEU2Z6LXVxS1g0STNnUXJqUnZVam96ZW1GYkZ3TEFMb2lYaVBfbFcxb2NVSDJHVkI1NGNRajhRQl9Pdnl1OTBSb3RCNzVsMTZpcVg4U0XSAeoBQVVfeXFMTlhEeGlCeDBTSGVXZmpVdjRQRnkzRnA3RmVMMkVGN2RWa2J6YTBWTGYtcFphU3VXdndoRmJOMGlSdkVHSUtkM2htbGtsSlRDZmlQcVFWTk0xeE8wby1XOFJYQWFSTHA3N0wxNUxwT3FRTVFxX0JmVmZDeFRqZ3I3Wk4tbVAtX1BoUmZFb1RPZlBRSlVRd1BMNlpHMjF2VmhWWDN6aGtCSGJnNDZNVTZLeWF0YWZ4ZWgtTmcyY1A5VDk3VVVwMDE3N1NKWXpUdVBGUU02RU5saHlCYWtmZGVRSVpLQ0puLUkwbDdR?oc=5,https://news.google.com/rss/search?q=feminicidio+hijos+menores+M%C3%A9xico&hl=es-419&gl=MX&ceid=MX:es-419,2018-04-29T07:00:00+00:00,0.5,0.0,0.3025,Media,No,3,a mama la mataron quie nes son y do nde esta n los hue rfanos del feminicidio en me xico infobae,a mama la mataron quie nes son y do nde esta n los hue rfanos del feminicidio en me xico infobae,a mama la mataron quie nes son y do nde esta n los hue rfanos del feminicidio en me xico infobae a mama la mataron quie nes son y do nde esta n los hue rfanos del feminicidio en me xico infobae a mama la mataron quie nes son y do nde esta n los hue rfanos del feminicidio en me xico infobae,5,0.8626181021738482,feminicidio mx com orfandad cimacnoticias,272,0.14860915512737602,0.0024448412475904517,0.1825,Baja
En República Dominicana no hay política para orfandad por feminicidio - cimacnoticias.com.mx,En República Dominicana no hay política para orfandad por feminicidio cimacnoticias.com.mx,https://news.google.com/rss/articles/CBMirwFBVV95cUxQUFJkX09KWU92ZHF2SURrOW9wcUZlanAtb0NQZmplOFRrYjhEUTQ4SURlaVB5dHlGeXJnQ0JSR3liYjhMSkI1WWxHN0UzcFRsSVZOVTNaZzhXRnZIS1VEU3N5OWx4Z3pWUXZvLVR2ZFlpbkdFOHFLUkNlSUhTaDlTMTdLOGV2eC1CbUh2anItdDkyZzFxOGNlU0IxM0NrdWNwS1dMY2M1Y0JGYUxUUjg4?oc=5,https://news.google.com/rss/search?q=orfandad+feminicidio+menores&hl=es-419&gl=MX&ceid=MX:es-419,2017-08-18T07:00:00+00:00,0.5,0.5,0.93,Alta,Si,1,en repu blica dominicana no hay poli tica para orfandad por feminicidio cimacnoticias com mx,en repu blica dominicana no hay poli tica para orfandad por feminicidio cimacnoticias com mx,en repu blica dominicana no hay poli tica para orfandad por feminicidio cimacnoticias com mx en repu blica dominicana no hay poli tica para orfandad por feminicidio cimacnoticias com mx en repu blica dominicana no hay poli tica para orfandad por feminicidio cimacnoticias com mx,1,0.848553330760526,feminicidio ctimas vi ctimas vi rfanos,344,0.5551193837869499,0.014079835157361173,0.5636,Alta
¿Qué es el feminicidio y cómo identificarlo? - Gob MX,¿Qué es el feminicidio y cómo identificarlo? Gob MX,https://news.google.com/rss/articles/CBMikgFBVV95cUxOczZYaC10QTFRLVRxOFNBcTlxV0hkU3ZqaENQb0FGWDEybzdvNnljWWxobFB0SGZYUDFzUGhFNnd5cFgxY2VXdkdoamxscnRlamMxT05EOGVIcUFjVFFmLXc4UTRoU0VRNU9yc2ZHYjBucWFaZU5lUGdLcGZXd1RCVmtNYW0zMVpEcTRBRXEtUnNmUQ?oc=5,https://news.google.com/rss/search?q=feminicidio+M%C3%A9xico&hl=es-419&gl=MX&ceid=MX:es-419,2016-11-03T00:44:02+00:00,0.5,0.0,0.3025,Media,No,1,que es el feminicidio y co mo identificarlo gob mx,que es el feminicidio y co mo identificarlo gob mx,que es el feminicidio y co mo identificarlo gob mx que es el feminicidio y co mo identificarlo gob mx que es el feminicidio y co mo identificarlo gob mx,5,0.8237138801145432,feminicidio mx com orfandad cimacnoticias,78,0.27239749862509105,0.0032135242310988377,0.1828,Baja
